Airline,Date_of_Journey,Source,Destination,Route,Dep_Time,Arrival_Time,Duration,Total_Stops,Additional_Info,Price
Jet Airways,6/06/2019,Kolkata,Banglore,CCU → BOM → BLR,18:55,18:15 07 Jun,23h 20m,1 stop,In-flight meal not included,10844
GoAir,27/05/2019,Delhi,Cochin,DEL → AMD → COK,07:25,13:35,6h 10m,1 stop,No info,6841
Multiple carriers,27/05/2019,Delhi,Cochin,DEL → BOM → COK,10:00,01:30 28 May,15h 30m,1 stop,No info,9508
IndiGo,21/06/2019,Banglore,Delhi,BLR → DEL,23:30,02:20 22 Jun,2h 50m,non-stop,No info,4077
SpiceJet,6/03/2019,Delhi,Cochin,DEL → BLR → COK,16:35,22:50,6h 15m,1 stop,No info,7185
Air India,27/06/2019,Delhi,Cochin,DEL → AMD → BOM → COK,16:40,19:15 28 Jun,26h 35m,2 stops,No info,9653
Jet Airways,12/03/2019,Banglore,New Delhi,BLR → BOM → DEL,22:55,18:25 13 Mar,19h 30m,1 stop,In-flight meal not included,11087
Jet Airways,18/05/2019,Delhi,Cochin,DEL → BOM → COK,20:55,04:25 19 May,7h 30m,1 stop,No info,15554
Jet Airways,12/03/2019,Banglore,New Delhi,BLR → BOM → DEL,08:55,23:00,14h 5m,1 stop,No info,13817
Jet Airways,6/03/2019,Delhi,Cochin,DEL → BOM → COK,09:55,04:25 07 Mar,18h 30m,1 stop,No info,15764
Jet Airways,1/05/2019,Kolkata,Banglore,CCU → DEL → BLR,17:00,23:35,6h 35m,1 stop,No info,13067
Multiple carriers,27/03/2019,Delhi,Cochin,DEL → BOM → COK,10:45,19:15,8h 30m,1 stop,No info,7154
Air India,27/06/2019,Delhi,Cochin,DEL → HYD → MAA → COK,13:15,09:25 28 Jun,20h 10m,2 stops,No info,8839
Air Asia,6/06/2019,Delhi,Cochin,DEL → BLR → COK,07:55,22:25,14h 30m,1 stop,No info,8759
Air India,21/05/2019,Delhi,Cochin,DEL → MAA → COK,06:05,09:25 22 May,27h 20m,1 stop,No info,7480
Jet Airways,6/06/2019,Banglore,Delhi,BLR → DEL,18:55,22:00,3h 5m,non-stop,In-flight meal not included,7229
IndiGo,27/03/2019,Mumbai,Hyderabad,BOM → HYD,21:20,22:45,1h 25m,non-stop,No info,2227
Multiple carriers,9/06/2019,Delhi,Cochin,DEL → HYD → COK,14:55,22:30,7h 35m,1 stop,No info,6723
Multiple carriers,27/05/2019,Delhi,Cochin,DEL → BOM → COK,15:00,01:30 28 May,10h 30m,1 stop,No info,13377
Multiple carriers,9/06/2019,Delhi,Cochin,DEL → BOM → COK,11:40,19:00,7h 20m,1 stop,No info,11789
IndiGo,03/03/2019,Banglore,New Delhi,BLR → DEL,13:00,15:50,2h 50m,non-stop,No info,12649
Air India,15/05/2019,Kolkata,Banglore,CCU → BBI → BOM → BLR,12:00,07:55 16 May,19h 55m,2 stops,No info,9941
Multiple carriers,12/06/2019,Delhi,Cochin,DEL → BOM → COK,08:00,21:00,13h,1 stop,No info,13797
IndiGo,12/06/2019,Delhi,Cochin,DEL → MAA → COK,02:00,07:25,5h 25m,1 stop,No info,5636
IndiGo,9/05/2019,Kolkata,Banglore,CCU → BLR,04:40,07:15,2h 35m,non-stop,No info,4804
Air India,6/03/2019,Delhi,Cochin,DEL → BOM → COK,08:00,19:15,11h 15m,1 stop,No info,15284
IndiGo,24/06/2019,Banglore,Delhi,BLR → DEL,10:10,13:00,2h 50m,non-stop,No info,3943
Multiple carriers,27/03/2019,Delhi,Cochin,DEL → BOM → COK,17:45,01:35 28 Mar,7h 50m,1 stop,No info,7845
Jet Airways,9/05/2019,Kolkata,Banglore,CCU → DEL → BLR,09:35,09:45 10 May,24h 10m,1 stop,No info,12121
Jet Airways,27/03/2019,Delhi,Cochin,DEL → AMD → BOM → COK,19:10,04:25 28 Mar,9h 15m,2 stops,In-flight meal not included,8456
Air India,15/03/2019,Banglore,New Delhi,BLR → HYD → VGA → DEL,08:15,11:20 16 Mar,27h 5m,2 stops,No info,8534
Jet Airways,21/05/2019,Delhi,Cochin,DEL → JAI → BOM → COK,09:40,19:00,9h 20m,2 stops,In-flight meal not included,13029
IndiGo,18/05/2019,Delhi,Cochin,DEL → BOM → COK,11:25,21:00,9h 35m,1 stop,No info,7191
IndiGo,3/05/2019,Banglore,Delhi,BLR → DEL,07:10,10:05,2h 55m,non-stop,No info,4823
Jet Airways,6/06/2019,Kolkata,Banglore,CCU → BOM → BLR,08:25,18:15,9h 50m,1 stop,In-flight meal not included,10844
Air India,3/03/2019,Mumbai,Hyderabad,BOM → HYD,21:05,22:25,1h 20m,non-stop,No info,4937
SpiceJet,15/04/2019,Banglore,Delhi,BLR → DEL,21:10,00:05 16 Apr,2h 55m,non-stop,No check-in baggage included,3919
Jet Airways,21/04/2019,Banglore,Delhi,BLR → DEL,08:20,11:20,3h,non-stop,In-flight meal not included,5198
Air India,24/03/2019,Kolkata,Banglore,CCU → DEL → BLR,20:30,08:55 25 Mar,12h 25m,1 stop,No info,12173
IndiGo,18/05/2019,Banglore,Delhi,BLR → DEL,10:10,13:00,2h 50m,non-stop,No info,3943
Multiple carriers,27/03/2019,Delhi,Cochin,DEL → BOM → COK,11:40,18:50,7h 10m,1 stop,No info,11421
Jet Airways,12/03/2019,Banglore,New Delhi,BLR → BOM → DEL,18:55,16:10 13 Mar,21h 15m,1 stop,In-flight meal not included,11087
Jet Airways,9/06/2019,Kolkata,Banglore,CCU → DEL → BLR,09:35,19:10,9h 35m,1 stop,In-flight meal not included,13994
Jet Airways,6/05/2019,Kolkata,Banglore,CCU → DEL → BLR,17:00,10:55 07 May,17h 55m,1 stop,No info,13067
Jet Airways,3/03/2019,Delhi,Cochin,DEL → BOM → COK,23:05,18:50 04 Mar,19h 45m,1 stop,No info,18253
Air India,9/06/2019,Kolkata,Banglore,CCU → DEL → COK → BLR,07:00,01:20 10 Jun,18h 20m,2 stops,No info,13033
Air India,12/05/2019,Kolkata,Banglore,CCU → DEL → BLR,10:00,23:15,13h 15m,1 stop,No info,10203
Vistara,12/05/2019,Kolkata,Banglore,CCU → DEL → BLR,17:00,10:45 13 May,17h 45m,1 stop,No info,9922
SpiceJet,3/04/2019,Mumbai,Hyderabad,BOM → HYD,05:45,07:15,1h 30m,non-stop,No info,2017
Multiple carriers Premium economy,21/03/2019,Delhi,Cochin,DEL → BOM → COK,08:55,15:30,6h 35m,1 stop,No info,11269
Jet Airways,18/05/2019,Kolkata,Banglore,CCU → BOM → BLR,18:55,04:40 19 May,9h 45m,1 stop,In-flight meal not included,8586
Jet Airways,1/06/2019,Delhi,Cochin,DEL → BOM → COK,19:45,04:25 02 Jun,8h 40m,1 stop,No info,14714
Jet Airways,1/06/2019,Delhi,Cochin,DEL → JAI → BOM → COK,19:30,12:35 02 Jun,17h 5m,2 stops,No info,13014
Jet Airways,9/05/2019,Delhi,Cochin,DEL → BOM → COK,13:00,12:35 10 May,23h 35m,1 stop,In-flight meal not included,12373
Multiple carriers,9/05/2019,Delhi,Cochin,DEL → BOM → COK,14:00,21:00,7h,1 stop,No info,13727
Jet Airways,27/06/2019,Delhi,Cochin,DEL → BOM → COK,10:00,19:00,9h,1 stop,In-flight meal not included,10262
IndiGo,3/06/2019,Delhi,Cochin,DEL → MAA → COK,02:00,07:25,5h 25m,1 stop,No info,5636
Jet Airways,12/06/2019,Banglore,Delhi,BLR → DEL,07:10,10:10,3h,non-stop,No info,8016
Jet Airways,27/06/2019,Delhi,Cochin,DEL → JAI → BOM → COK,05:30,19:00,13h 30m,2 stops,No info,13014
Jet Airways,1/04/2019,Kolkata,Banglore,CCU → BOM → BLR,16:30,20:45 02 Apr,28h 15m,1 stop,In-flight meal not included,7064
GoAir,24/05/2019,Banglore,Delhi,BLR → DEL,20:55,23:40,2h 45m,non-stop,No info,3419
SpiceJet,6/06/2019,Chennai,Kolkata,MAA → CCU,09:45,12:00,2h 15m,non-stop,No check-in baggage included,3543
Vistara,15/04/2019,Banglore,Delhi,BLR → DEL,21:00,23:50,2h 50m,non-stop,No info,5403
Air India,3/06/2019,Kolkata,Banglore,CCU → BLR,20:45,23:20,2h 35m,non-stop,No info,4145
Jet Airways,24/05/2019,Kolkata,Banglore,CCU → BOM → BLR,06:30,18:15,11h 45m,1 stop,No info,14571
Jet Airways,09/03/2019,Banglore,New Delhi,BLR → DEL,19:55,22:35,2h 40m,non-stop,No info,7229
Jet Airways,12/05/2019,Kolkata,Banglore,CCU → DEL → BLR,17:00,21:05 13 May,28h 5m,1 stop,No info,12121
Multiple carriers,21/05/2019,Delhi,Cochin,DEL → BOM → COK,04:55,12:35,7h 40m,1 stop,No info,9103
IndiGo,3/03/2019,Chennai,Kolkata,MAA → CCU,22:05,00:25 04 Mar,2h 20m,non-stop,No info,5277
Vistara,12/06/2019,Kolkata,Banglore,CCU → DEL → BLR,20:20,18:50 13 Jun,22h 30m,1 stop,No info,8610
Air India,6/03/2019,Mumbai,Hyderabad,BOM → JAI → DEL → HYD,11:35,19:25 07 Mar,31h 50m,2 stops,No info,17926
IndiGo,12/06/2019,Mumbai,Hyderabad,BOM → HYD,06:25,07:55,1h 30m,non-stop,No info,4049
Jet Airways,9/06/2019,Kolkata,Banglore,CCU → BOM → BLR,08:25,20:45,12h 20m,1 stop,In-flight meal not included,10844
IndiGo,27/06/2019,Banglore,Delhi,BLR → DEL,08:30,11:20,2h 50m,non-stop,No info,4823
Jet Airways,21/03/2019,Delhi,Cochin,DEL → BOM → COK,19:45,18:50 22 Mar,23h 5m,1 stop,In-flight meal not included,5406
IndiGo,3/06/2019,Delhi,Cochin,DEL → BOM → COK,07:30,21:00,13h 30m,1 stop,No info,6093
Jet Airways,27/03/2019,Delhi,Cochin,DEL → BOM → COK,02:15,18:50,16h 35m,1 stop,No info,12242
Jet Airways,01/03/2019,Banglore,New Delhi,BLR → BOM → DEL,07:00,05:05 02 Mar,22h 5m,1 stop,No info,26890
Air India,9/04/2019,Banglore,Delhi,BLR → DEL,21:05,23:55,2h 50m,non-stop,No info,4441
Jet Airways,12/06/2019,Kolkata,Banglore,CCU → DEL → BLR,09:35,19:10,9h 35m,1 stop,No info,12692
IndiGo,24/03/2019,Banglore,New Delhi,BLR → DEL,20:00,22:55,2h 55m,non-stop,No info,6144
Air Asia,1/05/2019,Kolkata,Banglore,CCU → BLR,22:50,01:20 02 May,2h 30m,non-stop,No info,4409
Jet Airways,12/06/2019,Delhi,Cochin,DEL → BOM → COK,09:00,12:35 13 Jun,27h 35m,1 stop,In-flight meal not included,10262
Vistara,15/05/2019,Kolkata,Banglore,CCU → DEL → BLR,07:10,22:40,15h 30m,1 stop,No info,8452
IndiGo,27/03/2019,Delhi,Cochin,DEL → BOM → COK,04:45,15:30,10h 45m,1 stop,No info,7048
Jet Airways,15/05/2019,Kolkata,Banglore,CCU → BOM → BLR,18:55,16:20 16 May,21h 25m,1 stop,In-flight meal not included,10844
Air India,6/06/2019,Kolkata,Banglore,CCU → DEL → AMD → BLR,10:00,05:25 07 Jun,19h 25m,2 stops,No info,12009
Multiple carriers,6/03/2019,Delhi,Cochin,DEL → BOM → COK,06:00,19:15,13h 15m,1 stop,No info,15353
Vistara,12/06/2019,Kolkata,Banglore,CCU → DEL → BLR,17:00,20:20 13 Jun,27h 20m,1 stop,No info,8085
IndiGo,6/06/2019,Kolkata,Banglore,CCU → BLR,17:15,19:50,2h 35m,non-stop,No info,4804
Air India,24/03/2019,Mumbai,Hyderabad,BOM → HYD,19:30,20:45,1h 15m,non-stop,No info,2575
IndiGo,21/05/2019,Mumbai,Hyderabad,BOM → HYD,09:10,10:40,1h 30m,non-stop,No info,4049
Jet Airways,1/05/2019,Kolkata,Banglore,CCU → BOM → BLR,08:25,20:45,12h 20m,1 stop,In-flight meal not included,10844
Air Asia,12/06/2019,Kolkata,Banglore,CCU → DEL → BLR,07:35,19:25,11h 50m,1 stop,No info,5192
Air India,24/06/2019,Delhi,Cochin,DEL → TRV → COK,05:15,06:50 25 Jun,25h 35m,1 stop,No info,6587
SpiceJet,1/06/2019,Kolkata,Banglore,CCU → BLR,22:20,00:40 02 Jun,2h 20m,non-stop,No info,3873
Air Asia,27/03/2019,Kolkata,Banglore,CCU → BLR,19:35,22:05,2h 30m,non-stop,No info,3782
SpiceJet,1/04/2019,Kolkata,Banglore,CCU → BLR,06:55,09:30,2h 35m,non-stop,No check-in baggage included,3841
Jet Airways,15/03/2019,Mumbai,Hyderabad,BOM → HYD,15:50,17:20,1h 30m,non-stop,No info,5678
Jet Airways,6/06/2019,Delhi,Cochin,DEL → JAI → BOM → COK,09:40,04:25 07 Jun,18h 45m,2 stops,No info,13014
Air India,12/03/2019,Banglore,New Delhi,BLR → BOM → JDH → DEL,17:25,16:20 13 Mar,22h 55m,2 stops,No info,12778
Vistara,24/03/2019,Banglore,New Delhi,BLR → DEL,09:50,12:35,2h 45m,non-stop,No info,6138
Jet Airways,12/04/2019,Banglore,Delhi,BLR → DEL,15:15,18:10,2h 55m,non-stop,No info,7229
IndiGo,21/03/2019,Mumbai,Hyderabad,BOM → HYD,12:00,13:25,1h 25m,non-stop,No info,3342
SpiceJet,9/05/2019,Chennai,Kolkata,MAA → CCU,08:20,10:35,2h 15m,non-stop,No info,3911
Jet Airways,6/06/2019,Kolkata,Banglore,CCU → BOM → BLR,18:55,22:35 07 Jun,27h 40m,1 stop,In-flight meal not included,10844
Jet Airways,1/05/2019,Kolkata,Banglore,CCU → BOM → BLR,08:25,12:00 02 May,27h 35m,1 stop,In-flight meal not included,9663
IndiGo,21/03/2019,Banglore,New Delhi,BLR → DEL,10:10,13:00,2h 50m,non-stop,No info,4777
Vistara,18/05/2019,Kolkata,Banglore,CCU → DEL → BLR,07:10,20:20,13h 10m,1 stop,No info,9345
Vistara,15/03/2019,Delhi,Cochin,DEL → COK,06:00,09:10,3h 10m,non-stop,No info,6111
Multiple carriers,12/06/2019,Delhi,Cochin,DEL → BOM → COK,09:00,21:00,12h,1 stop,No info,13587
Jet Airways,27/03/2019,Mumbai,Hyderabad,BOM → HYD,15:50,17:20,1h 30m,non-stop,No info,5678
Jet Airways,27/05/2019,Delhi,Cochin,DEL → BOM → COK,21:50,04:25 28 May,6h 35m,1 stop,No info,16079
SpiceJet,15/06/2019,Mumbai,Hyderabad,BOM → HYD,22:45,00:15 16 Jun,1h 30m,non-stop,No check-in baggage included,1965
Air India,18/05/2019,Delhi,Cochin,DEL → HYD → BOM → COK,17:15,19:15 19 May,26h,2 stops,No info,12409
Vistara,01/03/2019,Banglore,New Delhi,BLR → DEL,11:30,14:10,2h 40m,non-stop,No info,12648
Jet Airways,9/05/2019,Kolkata,Banglore,CCU → BOM → BLR,08:25,20:45,12h 20m,1 stop,No info,14781
IndiGo,1/05/2019,Banglore,Delhi,BLR → DEL,18:25,21:20,2h 55m,non-stop,No info,4823
SpiceJet,15/06/2019,Kolkata,Banglore,CCU → BLR,22:20,00:40 16 Jun,2h 20m,non-stop,No check-in baggage included,3841
Jet Airways,9/03/2019,Delhi,Cochin,DEL → BDQ → BOM → COK,10:45,18:50 10 Mar,32h 5m,2 stops,No info,19329
Jet Airways,24/06/2019,Delhi,Cochin,DEL → BOM → COK,11:30,19:00,7h 30m,1 stop,No info,14714
Air Asia,15/05/2019,Kolkata,Banglore,CCU → BBI → BLR,06:50,10:30,3h 40m,1 stop,No info,5162
SpiceJet,9/03/2019,Kolkata,Banglore,CCU → BLR,06:55,09:35,2h 40m,non-stop,No info,4622
IndiGo,24/05/2019,Banglore,Delhi,BLR → DEL,01:30,04:15,2h 45m,non-stop,No info,3419
SpiceJet,21/03/2019,Chennai,Kolkata,MAA → CCU,08:20,10:35,2h 15m,non-stop,No check-in baggage included,3332
Jet Airways,21/03/2019,Banglore,New Delhi,BLR → BOM → DEL,07:00,19:10,12h 10m,1 stop,In-flight meal not included,7832
IndiGo,03/03/2019,Banglore,New Delhi,BLR → DEL,06:00,08:45,2h 45m,non-stop,No info,6144
IndiGo,18/05/2019,Chennai,Kolkata,MAA → CCU,15:40,18:25,2h 45m,non-stop,No info,3850
IndiGo,24/04/2019,Kolkata,Banglore,CCU → BLR,14:25,16:55,2h 30m,non-stop,No info,4804
Jet Airways,12/06/2019,Kolkata,Banglore,CCU → BOM → BLR,18:55,22:35 13 Jun,27h 40m,1 stop,In-flight meal not included,8529
Jet Airways,24/06/2019,Banglore,Delhi,BLR → DEL,07:10,10:10,3h,non-stop,No info,8016
Jet Airways,21/05/2019,Kolkata,Banglore,CCU → BOM → BLR,18:55,16:20 22 May,21h 25m,1 stop,In-flight meal not included,10844
IndiGo,12/06/2019,Delhi,Cochin,DEL → HYD → COK,06:50,12:10,5h 20m,1 stop,No info,5298
Jet Airways,3/06/2019,Delhi,Cochin,DEL → BOM → COK,18:15,19:00 04 Jun,24h 45m,1 stop,In-flight meal not included,10262
Vistara,12/06/2019,Banglore,Delhi,BLR → DEL,07:00,09:40,2h 40m,non-stop,No info,4668
SpiceJet,6/06/2019,Banglore,Delhi,BLR → DEL,09:30,12:20,2h 50m,non-stop,No check-in baggage included,3919
Air India,21/03/2019,Banglore,New Delhi,BLR → VGA → DEL,10:30,11:20 19 Mar,24h 50m,1 stop,No info,6383
IndiGo,27/04/2019,Banglore,Delhi,BLR → DEL,18:25,21:20,2h 55m,non-stop,No info,4823
SpiceJet,9/06/2019,Chennai,Kolkata,MAA → CCU,08:20,10:35,2h 15m,non-stop,No info,3597
Jet Airways,18/05/2019,Kolkata,Banglore,CCU → BOM → BLR,21:10,10:05 19 May,12h 55m,1 stop,In-flight meal not included,8586
Vistara,6/03/2019,Mumbai,Hyderabad,BOM → DEL → HYD,14:40,09:25 07 Mar,18h 45m,1 stop,No info,12395
Air India,27/03/2019,Delhi,Cochin,DEL → HYD → BOM → COK,13:05,07:40 28 Mar,18h 35m,2 stops,No info,8892
SpiceJet,1/06/2019,Banglore,Delhi,BLR → DEL,09:30,12:20,2h 50m,non-stop,No info,3971
IndiGo,21/05/2019,Chennai,Kolkata,MAA → CCU,07:55,10:15,2h 20m,non-stop,No info,3850
Jet Airways,24/05/2019,Kolkata,Banglore,CCU → BOM → BLR,16:30,22:35,6h 5m,1 stop,In-flight meal not included,10844
IndiGo,18/05/2019,Delhi,Cochin,DEL → BOM → COK,08:30,21:00,12h 30m,1 stop,No info,7081
Multiple carriers,12/06/2019,Delhi,Cochin,DEL → BOM → COK,13:00,01:30 13 Jun,12h 30m,1 stop,No info,7198
Jet Airways,9/05/2019,Delhi,Cochin,DEL → AMD → BOM → COK,13:25,12:35 10 May,23h 10m,2 stops,No info,16704
Air India,6/06/2019,Delhi,Cochin,DEL → HYD → BOM → COK,17:15,19:15 07 Jun,26h,2 stops,No info,12760
Jet Airways,1/06/2019,Delhi,Cochin,DEL → JAI → BOM → COK,19:30,12:35 02 Jun,17h 5m,2 stops,In-flight meal not included,10368
IndiGo,18/05/2019,Mumbai,Hyderabad,BOM → HYD,16:55,18:25,1h 30m,non-stop,No info,3838
IndiGo,9/03/2019,Delhi,Cochin,DEL → BOM → COK,07:30,21:00,13h 30m,1 stop,No info,12351
IndiGo,21/05/2019,Banglore,Delhi,BLR → DEL,08:30,11:20,2h 50m,non-stop,No info,4823
Jet Airways,21/05/2019,Delhi,Cochin,DEL → BOM → COK,11:30,12:35 22 May,25h 5m,1 stop,In-flight meal not included,12898
Air India,9/05/2019,Delhi,Cochin,DEL → HYD → MAA → COK,09:45,09:25 10 May,23h 40m,2 stops,No info,9925
Jet Airways,12/06/2019,Banglore,Delhi,BLR → DEL,08:20,11:20,3h,non-stop,No info,8016
IndiGo,15/05/2019,Kolkata,Banglore,CCU → BLR,09:35,12:20,2h 45m,non-stop,No info,4804
Jet Airways,27/06/2019,Delhi,Cochin,DEL → BHO → BOM → COK,05:30,12:35,7h 5m,2 stops,In-flight meal not included,13344
Jet Airways,21/03/2019,Delhi,Cochin,DEL → AMD → BOM → COK,19:10,18:50 22 Mar,23h 40m,2 stops,In-flight meal not included,8834
Jet Airways,06/03/2019,Banglore,New Delhi,BLR → BOM → DEL,11:40,10:25 07 Mar,22h 45m,1 stop,No info,17261
Jet Airways,24/04/2019,Banglore,Delhi,BLR → DEL,11:10,14:05,2h 55m,non-stop,In-flight meal not included,4544
Vistara,21/05/2019,Kolkata,Banglore,CCU → DEL → BLR,20:20,10:45 22 May,14h 25m,1 stop,No info,9187
Vistara,6/06/2019,Kolkata,Banglore,CCU → DEL → BLR,17:00,23:25,6h 25m,1 stop,No info,8610
Air India,24/05/2019,Kolkata,Banglore,CCU → DEL → COK → BLR,07:00,01:20 25 May,18h 20m,2 stops,No info,13873
SpiceJet,27/05/2019,Chennai,Kolkata,MAA → CCU,08:20,10:35,2h 15m,non-stop,No info,3597
Jet Airways,12/06/2019,Delhi,Cochin,DEL → JAI → BOM → COK,09:40,12:35 13 Jun,26h 55m,2 stops,In-flight meal not included,10368
IndiGo,9/03/2019,Delhi,Cochin,DEL → HYD → MAA → COK,11:55,21:20,9h 25m,2 stops,No info,8378
Air India,15/03/2019,Banglore,New Delhi,BLR → CCU → BBI → DEL,05:50,12:05 16 Mar,30h 15m,2 stops,No info,7664
Vistara,6/04/2019,Banglore,Delhi,BLR → DEL,19:30,22:15,2h 45m,non-stop,No info,5613
Air India,21/05/2019,Kolkata,Banglore,CCU → BBI → BLR,12:00,13:15 22 May,25h 15m,1 stop,No info,7662
Air India,21/03/2019,Delhi,Cochin,DEL → BOM → COK,10:00,19:15,9h 15m,1 stop,No info,7934
IndiGo,21/03/2019,Delhi,Cochin,DEL → BOM → COK,11:30,21:00,9h 30m,1 stop,No info,6838
Multiple carriers,9/04/2019,Delhi,Cochin,DEL → BOM → COK,10:35,19:15,8h 40m,1 stop,No info,6106
SpiceJet,9/05/2019,Banglore,Delhi,BLR → DEL,21:10,00:05 10 May,2h 55m,non-stop,No check-in baggage included,4319
Jet Airways,12/06/2019,Delhi,Cochin,DEL → LKO → BOM → COK,09:25,04:25 13 Jun,19h,2 stops,No info,13882
SpiceJet,24/04/2019,Delhi,Cochin,DEL → PNQ → COK,08:45,13:15,4h 30m,1 stop,No info,4812
Jet Airways,3/06/2019,Banglore,Delhi,BLR → DEL,19:50,22:50,3h,non-stop,No info,8016
IndiGo,12/05/2019,Mumbai,Hyderabad,BOM → HYD,21:20,22:50,1h 30m,non-stop,No info,2227
Jet Airways,12/05/2019,Banglore,Delhi,BLR → DEL,17:45,20:45,3h,non-stop,No info,7229
IndiGo,12/06/2019,Mumbai,Hyderabad,BOM → HYD,21:20,22:50,1h 30m,non-stop,No info,2227
Jet Airways,21/03/2019,Delhi,Cochin,DEL → BOM → COK,17:30,18:50 22 Mar,25h 20m,1 stop,In-flight meal not included,5963
Vistara,24/05/2019,Kolkata,Banglore,CCU → DEL → BLR,20:20,10:45 25 May,14h 25m,1 stop,No info,9187
IndiGo,21/06/2019,Kolkata,Banglore,CCU → BLR,17:15,19:50,2h 35m,non-stop,No info,4804
Air India,27/06/2019,Delhi,Cochin,DEL → CCU → BOM → COK,20:15,19:15 28 Jun,23h,2 stops,No info,13591
Jet Airways,9/04/2019,Banglore,Delhi,BLR → DEL,07:10,10:10,3h,non-stop,In-flight meal not included,4544
Multiple carriers,1/03/2019,Delhi,Cochin,DEL → BOM → COK,12:50,19:15,6h 25m,1 stop,No info,36983
Multiple carriers,9/06/2019,Delhi,Cochin,DEL → BOM → COK,10:20,19:00,8h 40m,1 stop,No info,11789
IndiGo,18/05/2019,Delhi,Cochin,DEL → BLR → COK,05:10,10:05,4h 55m,1 stop,No info,7580
Jet Airways,21/05/2019,Delhi,Cochin,DEL → JAI → BOM → COK,09:40,04:25 22 May,18h 45m,2 stops,In-flight meal not included,13029
IndiGo,9/04/2019,Banglore,Delhi,BLR → DEL,05:30,08:20,2h 50m,non-stop,No info,3943
Multiple carriers,24/06/2019,Delhi,Cochin,DEL → BOM → COK,15:15,01:30 25 Jun,10h 15m,1 stop,In-flight meal not included,5797
Jet Airways,27/03/2019,Delhi,Cochin,DEL → IXC → BOM → COK,06:20,04:25 28 Mar,22h 5m,2 stops,In-flight meal not included,9296
Jet Airways,6/05/2019,Kolkata,Banglore,CCU → DEL → BLR,09:35,22:05,12h 30m,1 stop,In-flight meal not included,10703
IndiGo,12/06/2019,Banglore,Delhi,BLR → DEL,23:30,02:20 13 Jun,2h 50m,non-stop,No info,3943
IndiGo,6/06/2019,Mumbai,Hyderabad,BOM → HYD,09:15,10:45,1h 30m,non-stop,No info,4049
SpiceJet,18/05/2019,Banglore,Delhi,BLR → DEL,05:55,08:35,2h 40m,non-stop,No info,3625
Multiple carriers,9/03/2019,Delhi,Cochin,DEL → BOM → COK,15:05,01:35 10 Mar,10h 30m,1 stop,In-flight meal not included,14086
Jet Airways,18/05/2019,Mumbai,Hyderabad,BOM → HYD,10:20,11:50,1h 30m,non-stop,In-flight meal not included,4050
Jet Airways,24/06/2019,Delhi,Cochin,DEL → JAI → BOM → COK,05:30,19:00,13h 30m,2 stops,In-flight meal not included,10368
Jet Airways,18/05/2019,Banglore,Delhi,BLR → DEL,08:20,11:20,3h,non-stop,No info,7229
Jet Airways,21/03/2019,Banglore,New Delhi,BLR → BOM → DEL,05:45,00:45 19 Mar,19h,1 stop,In-flight meal not included,7832
SpiceJet,27/03/2019,Chennai,Kolkata,MAA → CCU,09:30,12:05,2h 35m,non-stop,No info,3384
Jet Airways,12/06/2019,Kolkata,Banglore,CCU → BOM → BLR,16:30,18:15 13 Jun,25h 45m,1 stop,In-flight meal not included,8529
Air India,27/05/2019,Mumbai,Hyderabad,BOM → HYD,06:20,07:40,1h 20m,non-stop,No info,3100
Air India,6/03/2019,Delhi,Cochin,DEL → MAA → COK,06:05,09:25 07 Mar,27h 20m,1 stop,No info,12677
Air India,12/06/2019,Kolkata,Banglore,CCU → BOM → BLR,16:50,11:10 13 Jun,18h 20m,1 stop,No info,8366
Vistara,21/05/2019,Banglore,Delhi,BLR → DEL,19:30,22:15,2h 45m,non-stop,No info,4878
SpiceJet,27/06/2019,Kolkata,Banglore,CCU → BLR,09:00,11:25,2h 25m,non-stop,No info,3873
Jet Airways,06/03/2019,Banglore,New Delhi,BLR → BOM → DEL,11:40,08:15 07 Mar,20h 35m,1 stop,No info,16736
Jet Airways,24/03/2019,Kolkata,Banglore,CCU → BOM → BLR,18:55,12:00 25 Mar,17h 5m,1 stop,In-flight meal not included,11134
Air India,6/06/2019,Mumbai,Hyderabad,BOM → HYD,19:30,20:45,1h 15m,non-stop,No info,3100
Jet Airways,6/04/2019,Banglore,Delhi,BLR → DEL,07:10,10:10,3h,non-stop,No info,7229
Air India,21/03/2019,Delhi,Cochin,DEL → JDH → BOM → COK,12:55,19:15 22 Mar,30h 20m,2 stops,No info,11228
GoAir,3/06/2019,Delhi,Cochin,DEL → BOM → COK,07:00,12:55,5h 55m,1 stop,No info,4959
Air India,01/03/2019,Banglore,New Delhi,BLR → VGA → DEL,10:30,11:20 02 Mar,24h 50m,1 stop,No info,11528
SpiceJet,15/04/2019,Kolkata,Banglore,CCU → BLR,22:20,00:40 16 Apr,2h 20m,non-stop,No info,3873
Multiple carriers,1/06/2019,Delhi,Cochin,DEL → HYD → COK,13:15,22:30,9h 15m,1 stop,No info,9646
Air India,01/03/2019,Banglore,New Delhi,BLR → DEL,06:10,08:55,2h 45m,non-stop,No info,15676
Jet Airways,21/06/2019,Banglore,Delhi,BLR → DEL,17:45,20:45,3h,non-stop,No info,8541
Multiple carriers,18/05/2019,Delhi,Cochin,DEL → BOM → COK,11:40,19:00,7h 20m,1 stop,No info,10529
Multiple carriers,9/04/2019,Delhi,Cochin,DEL → BOM → COK,17:30,01:30 10 Apr,8h,1 stop,No info,13017
Air India,15/06/2019,Delhi,Cochin,DEL → HYD → MAA → COK,13:15,09:25 16 Jun,20h 10m,2 stops,No info,8839
Air India,15/05/2019,Delhi,Cochin,DEL → NAG → BOM → COK,05:55,07:40 16 May,25h 45m,2 stops,No info,11543
Multiple carriers,27/03/2019,Delhi,Cochin,DEL → BOM → COK,16:00,01:35 28 Mar,9h 35m,1 stop,No info,12327
Jet Airways,9/05/2019,Kolkata,Banglore,CCU → DEL → BLR,09:35,22:05,12h 30m,1 stop,No info,14151
Jet Airways,06/03/2019,Banglore,New Delhi,BLR → BOM → DEL,08:00,23:00,15h,1 stop,No info,16736
Multiple carriers,6/03/2019,Delhi,Cochin,DEL → BOM → COK,19:00,01:35 07 Mar,6h 35m,1 stop,No info,15147
Multiple carriers,6/03/2019,Delhi,Cochin,DEL → HYD → COK,07:10,22:20,15h 10m,1 stop,In-flight meal not included,7563
Jet Airways,24/05/2019,Kolkata,Banglore,CCU → DEL → BLR,17:00,19:10 25 May,26h 10m,1 stop,No info,13067
SpiceJet,3/06/2019,Banglore,Delhi,BLR → DEL,09:30,12:20,2h 50m,non-stop,No check-in baggage included,3919
Multiple carriers,15/06/2019,Delhi,Cochin,DEL → BOM → COK,10:20,01:30 16 Jun,15h 10m,1 stop,No info,6795
Multiple carriers,27/06/2019,Delhi,Cochin,DEL → BOM → COK,06:00,19:00,13h,1 stop,In-flight meal not included,10791
Multiple carriers,9/06/2019,Delhi,Cochin,DEL → BOM → COK,11:25,19:00,7h 35m,1 stop,No info,11200
Multiple carriers,9/06/2019,Delhi,Cochin,DEL → BOM → COK,10:00,21:00,11h,1 stop,No info,7408
SpiceJet,18/06/2019,Kolkata,Banglore,CCU → BLR,06:55,09:30,2h 35m,non-stop,No info,3873
Jet Airways,21/05/2019,Delhi,Cochin,DEL → BOM → COK,07:05,12:35,5h 30m,1 stop,In-flight meal not included,12898
Jet Airways,21/05/2019,Kolkata,Banglore,CCU → BOM → BLR,08:25,09:20 22 May,24h 55m,1 stop,No info,14388
Air India,18/05/2019,Kolkata,Banglore,CCU → DEL → COK → BLR,10:00,01:20 19 May,15h 20m,2 stops,No info,13243
Jet Airways,27/03/2019,Delhi,Cochin,DEL → BOM → COK,19:15,04:25 28 Mar,9h 10m,1 stop,In-flight meal not included,6540
Jet Airways,21/05/2019,Kolkata,Banglore,CCU → BOM → BLR,20:00,23:35 22 May,27h 35m,1 stop,In-flight meal not included,10844
Jet Airways,06/03/2019,Banglore,New Delhi,BLR → BOM → DEL,20:35,09:30 07 Mar,12h 55m,1 stop,No info,17261
IndiGo,27/03/2019,Delhi,Cochin,DEL → BLR → COK,05:05,10:05,5h,1 stop,No info,6827
Jet Airways,6/06/2019,Kolkata,Banglore,CCU → BOM → BLR,06:30,04:40 07 Jun,22h 10m,1 stop,No info,13731
Multiple carriers,21/05/2019,Delhi,Cochin,DEL → BOM → COK,11:25,19:00,7h 35m,1 stop,No info,9103
IndiGo,21/05/2019,Kolkata,Banglore,CCU → HYD → BLR,15:15,20:05,4h 50m,1 stop,No info,5170
Jet Airways,24/05/2019,Kolkata,Banglore,CCU → BOM → BLR,18:55,22:35 25 May,27h 40m,1 stop,In-flight meal not included,10844
Multiple carriers,18/05/2019,Delhi,Cochin,DEL → BOM → COK,08:45,21:00,12h 15m,1 stop,No info,7670
Air India,6/06/2019,Delhi,Cochin,DEL → COK,18:05,21:10,3h 5m,non-stop,No info,6094
Air India,21/05/2019,Kolkata,Banglore,CCU → BLR,20:45,23:20,2h 35m,non-stop,No info,4145
Air India,6/04/2019,Delhi,Cochin,DEL → MAA → COK,20:40,09:25 07 Apr,12h 45m,1 stop,No info,5117
Multiple carriers,12/06/2019,Delhi,Cochin,DEL → BOM → COK,07:00,19:00,12h,1 stop,No info,12192
Multiple carriers,15/06/2019,Delhi,Cochin,DEL → BOM → COK,19:00,01:30 16 Jun,6h 30m,1 stop,No info,7408
Air India,21/03/2019,Kolkata,Banglore,CCU → BLR,14:15,16:45,2h 30m,non-stop,No info,5170
Multiple carriers,9/05/2019,Delhi,Cochin,DEL → BOM → COK,10:00,21:00,11h,1 stop,No info,13727
Air India,12/06/2019,Banglore,Delhi,BLR → DEL,10:00,12:45,2h 45m,non-stop,No info,6961
Multiple carriers,18/05/2019,Delhi,Cochin,DEL → BOM → COK,09:15,19:15,10h,1 stop,No info,8309
Jet Airways,1/04/2019,Banglore,Delhi,BLR → DEL,15:15,18:10,2h 55m,non-stop,In-flight meal not included,4544
Jet Airways,12/06/2019,Kolkata,Banglore,CCU → BOM → BLR,14:05,04:40 13 Jun,14h 35m,1 stop,No info,12739
Multiple carriers,6/03/2019,Delhi,Cochin,DEL → BOM → COK,11:30,18:50,7h 20m,1 stop,No info,15135
Multiple carriers Premium economy,21/03/2019,Delhi,Cochin,DEL → BOM → COK,06:00,18:50,12h 50m,1 stop,No info,14629
Jet Airways,15/05/2019,Kolkata,Banglore,CCU → DEL → BLR,20:25,09:45 16 May,13h 20m,1 stop,No info,13067
Air India,12/03/2019,Banglore,New Delhi,BLR → BOM → BHO → DEL,08:50,23:25,14h 35m,2 stops,No info,13250
IndiGo,12/05/2019,Kolkata,Banglore,CCU → BLR,20:20,22:55,2h 35m,non-stop,No info,4804
Jet Airways,1/06/2019,Delhi,Cochin,DEL → JAI → BOM → COK,19:30,04:25 02 Jun,8h 55m,2 stops,In-flight meal not included,10368
IndiGo,9/06/2019,Delhi,Cochin,DEL → BOM → COK,08:30,21:00,12h 30m,1 stop,No info,6838
Multiple carriers,15/06/2019,Delhi,Cochin,DEL → BOM → COK,09:15,19:15,10h,1 stop,No info,9359
Vistara,12/04/2019,Banglore,Delhi,BLR → DEL,21:00,23:50,2h 50m,non-stop,No info,5613
Jet Airways,3/04/2019,Mumbai,Hyderabad,BOM → HYD,07:05,08:30,1h 25m,non-stop,No info,8040
Air India,9/05/2019,Kolkata,Banglore,CCU → MAA → BLR,14:35,14:35 10 May,24h,1 stop,No info,6528
IndiGo,15/03/2019,Chennai,Kolkata,MAA → CCU,19:35,21:55,2h 20m,non-stop,No info,6297
Jet Airways,18/05/2019,Delhi,Cochin,DEL → BOM → COK,08:00,19:00,11h,1 stop,No info,15554
Jet Airways,15/05/2019,Kolkata,Banglore,CCU → BOM → BLR,16:30,10:05 16 May,17h 35m,1 stop,No info,14781
Jet Airways,24/06/2019,Delhi,Cochin,DEL → JAI → BOM → COK,19:30,12:35 25 Jun,17h 5m,2 stops,No info,13014
Jet Airways,1/05/2019,Kolkata,Banglore,CCU → DEL → BLR,09:35,14:25 02 May,28h 50m,1 stop,No info,11467
Jet Airways,15/06/2019,Mumbai,Hyderabad,BOM → HYD,10:20,11:50,1h 30m,non-stop,No info,5678
Multiple carriers Premium economy,21/03/2019,Delhi,Cochin,DEL → BOM → COK,06:00,15:30,9h 30m,1 stop,No info,11269
Vistara,18/06/2019,Chennai,Kolkata,MAA → CCU,17:45,20:05,2h 20m,non-stop,No info,11982
Jet Airways,01/03/2019,Banglore,New Delhi,BLR → BOM → DEL,14:05,19:10,5h 5m,1 stop,No info,36235
Air India,27/06/2019,Delhi,Cochin,DEL → BLR → COK,17:40,23:00,5h 20m,1 stop,No info,7174
SpiceJet,9/06/2019,Delhi,Cochin,DEL → PNQ → COK,08:45,13:15,4h 30m,1 stop,No info,5264
Air Asia,21/03/2019,Delhi,Cochin,DEL → BLR → COK,16:45,07:10 22 Mar,14h 25m,1 stop,No info,6151
SpiceJet,9/05/2019,Kolkata,Banglore,CCU → BLR,17:10,19:40,2h 30m,non-stop,No info,3873
Jet Airways,9/05/2019,Kolkata,Banglore,CCU → BOM → BLR,16:30,04:40 10 May,12h 10m,1 stop,In-flight meal not included,10844
Multiple carriers,15/06/2019,Delhi,Cochin,DEL → HYD → COK,09:45,22:30,12h 45m,1 stop,No info,9646
IndiGo,27/05/2019,Kolkata,Banglore,CCU → BLR,20:20,22:55,2h 35m,non-stop,No info,4804
IndiGo,09/03/2019,Banglore,New Delhi,BLR → STV → DEL,11:20,15:25,4h 5m,1 stop,No info,5746
Air India,1/03/2019,Delhi,Cochin,DEL → BOM → COK,23:00,19:15 02 Mar,20h 15m,1 stop,No info,27430
SpiceJet,24/03/2019,Kolkata,Banglore,CCU → MAA → BLR,15:05,20:45,5h 40m,1 stop,No info,6197
Jet Airways,9/05/2019,Delhi,Cochin,DEL → BOM → COK,18:15,04:25 10 May,10h 10m,1 stop,In-flight meal not included,12373
Jet Airways,3/06/2019,Delhi,Cochin,DEL → BOM → COK,16:00,04:25 04 Jun,12h 25m,1 stop,In-flight meal not included,10262
Air India,9/06/2019,Delhi,Cochin,DEL → MAA → COK,09:45,09:25 10 Jun,23h 40m,1 stop,No info,7690
IndiGo,27/06/2019,Delhi,Cochin,DEL → BOM → COK,17:10,01:30 28 Jun,8h 20m,1 stop,No info,5684
Jet Airways,6/04/2019,Banglore,Delhi,BLR → DEL,08:20,11:20,3h,non-stop,In-flight meal not included,4544
IndiGo,1/04/2019,Mumbai,Hyderabad,BOM → HYD,21:20,22:50,1h 30m,non-stop,No info,2227
IndiGo,09/03/2019,Banglore,New Delhi,BLR → NAG → DEL,16:50,21:35,4h 45m,1 stop,No info,10231
Air India,27/05/2019,Delhi,Cochin,DEL → HYD → BOM → COK,17:15,07:40 28 May,14h 25m,2 stops,No info,13879
Jet Airways,27/06/2019,Delhi,Cochin,DEL → BOM → COK,21:50,12:35 28 Jun,14h 45m,1 stop,In-flight meal not included,10262
Jet Airways,18/05/2019,Delhi,Cochin,DEL → BOM → COK,10:00,19:00,9h,1 stop,No info,15554
SpiceJet,27/03/2019,Kolkata,Banglore,CCU → BLR,17:15,19:45,2h 30m,non-stop,No info,3847
IndiGo,3/06/2019,Delhi,Cochin,DEL → HYD → COK,08:35,22:30,13h 55m,1 stop,No info,6442
Air India,6/06/2019,Delhi,Cochin,DEL → BHO → BOM → COK,20:00,19:15 07 Jun,23h 15m,2 stops,No info,11596
Jet Airways,9/05/2019,Kolkata,Banglore,CCU → DEL → BLR,09:35,21:05,11h 30m,1 stop,No info,13067
IndiGo,1/05/2019,Delhi,Cochin,DEL → BOM → COK,07:30,21:00,13h 30m,1 stop,No info,8542
Multiple carriers,27/03/2019,Delhi,Cochin,DEL → BOM → COK,10:20,01:35 28 Mar,15h 15m,1 stop,No info,6427
Air India,1/03/2019,Delhi,Cochin,DEL → BOM → COK,04:00,07:40 02 Mar,27h 40m,1 stop,No info,28322
IndiGo,21/06/2019,Kolkata,Banglore,CCU → BLR,14:25,16:55,2h 30m,non-stop,No info,5224
Jet Airways,6/06/2019,Delhi,Cochin,DEL → JDH → BOM → COK,11:40,19:00,7h 20m,2 stops,No info,18804
SpiceJet,21/03/2019,Kolkata,Banglore,CCU → BLR,22:20,00:40 22 Mar,2h 20m,non-stop,No check-in baggage included,3815
GoAir,24/05/2019,Banglore,Delhi,BLR → DEL,11:40,14:30,2h 50m,non-stop,No info,3398
Multiple carriers,12/06/2019,Delhi,Cochin,DEL → IDR → BOM → COK,15:05,01:30 13 Jun,10h 25m,2 stops,No info,15965
Jet Airways,18/05/2019,Delhi,Cochin,DEL → BOM → COK,14:00,19:00,5h,1 stop,No info,15554
IndiGo,15/06/2019,Banglore,Delhi,BLR → DEL,04:00,06:50,2h 50m,non-stop,No info,4423
GoAir,03/03/2019,Banglore,New Delhi,BLR → DEL,20:55,23:50,2h 55m,non-stop,No info,6722
Air India,12/06/2019,Delhi,Cochin,DEL → JAI → BOM → COK,12:00,19:15,7h 15m,2 stops,No info,8603
Jet Airways,27/06/2019,Delhi,Cochin,DEL → AMD → BOM → COK,19:10,12:35 28 Jun,17h 25m,2 stops,No info,15339
Vistara,21/06/2019,Banglore,Delhi,BLR → DEL,21:00,23:50,2h 50m,non-stop,No info,5613
Air India,9/05/2019,Mumbai,Hyderabad,BOM → HYD,13:55,15:25,1h 30m,non-stop,No info,3100
Air Asia,21/05/2019,Kolkata,Banglore,CCU → BBI → BLR,06:50,10:30,3h 40m,1 stop,No info,5162
Multiple carriers,9/05/2019,Delhi,Cochin,DEL → BOM → COK,07:30,19:00,11h 30m,1 stop,No info,9315
Jet Airways,9/05/2019,Kolkata,Banglore,CCU → DEL → BLR,17:00,18:00 10 May,25h,1 stop,In-flight meal not included,7341
IndiGo,1/03/2019,Kolkata,Banglore,CCU → BLR,22:10,00:55 02 Mar,2h 45m,non-stop,No info,4778
Air Asia,27/06/2019,Delhi,Cochin,DEL → BLR → COK,07:55,13:25,5h 30m,1 stop,No info,6152
Jet Airways,9/05/2019,Delhi,Cochin,DEL → AMD → BOM → COK,23:05,19:00 10 May,19h 55m,2 stops,No info,15129
Jet Airways,21/05/2019,Delhi,Cochin,DEL → BOM → COK,16:00,19:00 22 May,27h,1 stop,In-flight meal not included,12898
Air India,6/05/2019,Kolkata,Banglore,CCU → MAA → BLR,14:35,15:20 07 May,24h 45m,1 stop,No info,6528
IndiGo,15/05/2019,Delhi,Cochin,DEL → BLR → COK,05:10,10:05,4h 55m,1 stop,No info,6496
Air India,3/06/2019,Banglore,Delhi,BLR → DEL,17:00,19:45,2h 45m,non-stop,No info,6961
Jet Airways,21/05/2019,Delhi,Cochin,DEL → BOM → COK,14:00,04:25 22 May,14h 25m,1 stop,In-flight meal not included,12898
IndiGo,15/06/2019,Delhi,Cochin,DEL → COK,05:35,08:50,3h 15m,non-stop,No info,5601
Multiple carriers,9/05/2019,Delhi,Cochin,DEL → BOM → COK,07:30,19:15,11h 45m,1 stop,No info,7787
Multiple carriers,27/03/2019,Delhi,Cochin,DEL → BOM → COK,08:55,21:00,12h 5m,1 stop,No info,8055
Air India,9/03/2019,Delhi,Cochin,DEL → BLR → COK,20:30,08:15 10 Mar,11h 45m,1 stop,No info,8991
IndiGo,9/04/2019,Kolkata,Banglore,CCU → HYD → BLR,15:15,20:05,4h 50m,1 stop,No info,4268
Jet Airways,27/05/2019,Delhi,Cochin,DEL → JAI → BOM → COK,09:40,12:35 28 May,26h 55m,2 stops,No info,15129
Air India,3/06/2019,Banglore,Delhi,BLR → DEL,13:20,16:10,2h 50m,non-stop,No info,6961
IndiGo,9/06/2019,Mumbai,Hyderabad,BOM → HYD,06:25,07:55,1h 30m,non-stop,No info,4049
Air India,6/06/2019,Delhi,Cochin,DEL → TRV → COK,05:15,06:50 07 Jun,25h 35m,1 stop,No info,6587
IndiGo,27/06/2019,Delhi,Cochin,DEL → MAA → COK,02:00,07:25,5h 25m,1 stop,No info,5636
Air India,1/05/2019,Mumbai,Hyderabad,BOM → HYD,21:05,22:25,1h 20m,non-stop,No info,3625
Air India,12/05/2019,Kolkata,Banglore,CCU → BBI → BOM → BLR,12:00,21:50,9h 50m,2 stops,No info,10676
Multiple carriers,18/05/2019,Delhi,Cochin,DEL → BOM → COK,08:30,19:00,10h 30m,1 stop,No info,9205
Jet Airways,1/05/2019,Banglore,Delhi,BLR → DEL,17:45,20:45,3h,non-stop,No info,7229
Jet Airways,06/03/2019,Banglore,New Delhi,BLR → BOM → DEL,11:40,18:25,6h 45m,1 stop,No info,19225
Jet Airways,12/06/2019,Kolkata,Banglore,CCU → BOM → BLR,18:55,12:00 13 Jun,17h 5m,1 stop,In-flight meal not included,8529
Multiple carriers,6/03/2019,Delhi,Cochin,DEL → IDR → BOM → COK,15:05,01:35 07 Mar,10h 30m,2 stops,No info,21483
Air India,27/05/2019,Delhi,Cochin,DEL → HYD → MAA → COK,13:15,09:25 28 May,20h 10m,2 stops,No info,10467
Jet Airways,15/04/2019,Banglore,Delhi,BLR → DEL,18:55,22:00,3h 5m,non-stop,In-flight meal not included,4544
GoAir,27/04/2019,Banglore,Delhi,BLR → DEL,07:45,10:40,2h 55m,non-stop,No info,5048
Air India,24/03/2019,Kolkata,Banglore,CCU → BBI → BOM → BLR,09:10,07:55 25 Mar,22h 45m,2 stops,No info,15187
IndiGo,21/05/2019,Mumbai,Hyderabad,BOM → HYD,12:00,13:30,1h 30m,non-stop,No info,2754
Vistara,9/04/2019,Delhi,Cochin,DEL → COK,06:00,09:10,3h 10m,non-stop,No info,5586
Jet Airways,18/03/2019,Banglore,New Delhi,BLR → BOM → DEL,22:50,09:30 16 Mar,10h 40m,1 stop,In-flight meal not included,11087
Jet Airways,27/06/2019,Delhi,Cochin,DEL → BOM → COK,07:05,12:35,5h 30m,1 stop,In-flight meal not included,10262
Multiple carriers,1/06/2019,Delhi,Cochin,DEL → BOM → COK,11:25,19:00,7h 35m,1 stop,No info,11200
Jet Airways,27/03/2019,Delhi,Cochin,DEL → BOM → COK,19:45,04:25 28 Mar,8h 40m,1 stop,In-flight meal not included,6540
Jet Airways,18/05/2019,Delhi,Cochin,DEL → COK,11:00,14:15,3h 15m,non-stop,In-flight meal not included,7202
IndiGo,9/03/2019,Delhi,Cochin,DEL → BLR → COK,05:05,10:05,5h,1 stop,No info,8147
Air India,1/04/2019,Kolkata,Banglore,CCU → DEL → AMD → BLR,10:00,05:25 02 Apr,19h 25m,2 stops,No info,12639
Air India,01/03/2019,Banglore,New Delhi,BLR → BBI → DEL,09:30,23:45,14h 15m,1 stop,No info,12704
Multiple carriers,1/06/2019,Delhi,Cochin,DEL → BOM → COK,13:00,01:30 02 Jun,12h 30m,1 stop,No info,13377
Jet Airways,06/03/2019,Banglore,New Delhi,BLR → BOM → DEL,16:55,10:25 07 Mar,17h 30m,1 stop,No info,17261
Jet Airways,27/03/2019,Delhi,Cochin,DEL → MAA → BOM → COK,05:10,18:50,13h 40m,2 stops,In-flight meal not included,8728
SpiceJet,9/06/2019,Mumbai,Hyderabad,BOM → HYD,22:45,00:15 10 Jun,1h 30m,non-stop,No check-in baggage included,1965
Jet Airways,1/06/2019,Delhi,Cochin,DEL → ATQ → BOM → COK,20:00,04:25 02 Jun,8h 25m,2 stops,No info,16263
Air India,1/05/2019,Banglore,Delhi,BLR → DEL,06:10,08:55,2h 45m,non-stop,No info,6121
Air India,6/04/2019,Delhi,Cochin,DEL → MAA → COK,17:20,09:25 07 Apr,16h 5m,1 stop,No info,4697
Jet Airways,24/06/2019,Delhi,Cochin,DEL → JAI → BOM → COK,09:40,12:35 25 Jun,26h 55m,2 stops,In-flight meal not included,10368
SpiceJet,3/04/2019,Banglore,Delhi,BLR → DEL,05:55,08:35,2h 40m,non-stop,No info,3971
Multiple carriers,24/06/2019,Delhi,Cochin,DEL → BOM → COK,08:00,21:00,13h,1 stop,No info,13797
Jet Airways,21/03/2019,Banglore,New Delhi,BLR → BOM → DEL,08:55,07:40 19 Mar,22h 45m,1 stop,In-flight meal not included,7412
Jet Airways,9/06/2019,Kolkata,Banglore,CCU → BOM → BLR,20:00,16:20 10 Jun,20h 20m,1 stop,In-flight meal not included,10844
Jet Airways,18/05/2019,Delhi,Cochin,DEL → JAI → BOM → COK,05:30,04:25 19 May,22h 55m,2 stops,No info,15129
IndiGo,24/06/2019,Delhi,Cochin,DEL → COK,14:20,17:35,3h 15m,non-stop,No info,5000
Air India,27/06/2019,Delhi,Cochin,DEL → HYD → MAA → COK,07:05,09:25 28 Jun,26h 20m,2 stops,No info,10975
IndiGo,24/06/2019,Delhi,Cochin,DEL → BOM → COK,11:25,01:30 25 Jun,14h 5m,1 stop,No info,5684
Jet Airways,21/05/2019,Delhi,Cochin,DEL → BOM → COK,22:50,04:25 22 May,5h 35m,1 stop,In-flight meal not included,12898
IndiGo,15/06/2019,Delhi,Cochin,DEL → HYD → COK,07:35,16:10,8h 35m,1 stop,No info,6442
Jet Airways,3/06/2019,Delhi,Cochin,DEL → IDR → BOM → COK,05:30,19:00,13h 30m,2 stops,In-flight meal not included,11507
Air India,6/03/2019,Delhi,Cochin,DEL → BLR → COK,06:10,08:15 07 Mar,26h 5m,1 stop,No info,11038
Multiple carriers,9/05/2019,Delhi,Cochin,DEL → BOM → COK,04:55,19:00,14h 5m,1 stop,No info,9103
IndiGo,12/05/2019,Kolkata,Banglore,CCU → HYD → BLR,15:15,20:05,4h 50m,1 stop,No info,5170
Jet Airways,24/06/2019,Delhi,Cochin,DEL → LKO → BOM → COK,09:25,04:25 25 Jun,19h,2 stops,No info,13882
IndiGo,18/06/2019,Banglore,Delhi,BLR → DEL,22:10,01:00 19 Jun,2h 50m,non-stop,No info,3419
IndiGo,03/03/2019,Banglore,New Delhi,BLR → DEL,21:20,00:15 04 Mar,2h 55m,non-stop,No info,6144
SpiceJet,24/06/2019,Chennai,Kolkata,MAA → CCU,08:20,10:35,2h 15m,non-stop,No check-in baggage included,3543
Jet Airways,15/06/2019,Delhi,Cochin,DEL → BOM → COK,13:00,04:25 16 Jun,15h 25m,1 stop,In-flight meal not included,10262
Jet Airways,06/03/2019,Banglore,New Delhi,BLR → BOM → DEL,14:05,11:25 07 Mar,21h 20m,1 stop,No info,15025
Jet Airways,24/05/2019,Mumbai,Hyderabad,BOM → HYD,02:55,04:20,1h 25m,non-stop,No info,5678
Multiple carriers,9/04/2019,Delhi,Cochin,DEL → BOM → COK,08:45,19:15,10h 30m,1 stop,No info,8371
Jet Airways,6/03/2019,Delhi,Cochin,DEL → IDR → BOM → COK,05:25,04:25 07 Mar,23h,2 stops,No info,16914
Jet Airways,12/03/2019,Banglore,New Delhi,BLR → BOM → DEL,22:55,12:25 13 Mar,13h 30m,1 stop,In-flight meal not included,11087
Jet Airways,12/06/2019,Delhi,Cochin,DEL → BOM → COK,19:15,12:35 13 Jun,17h 20m,1 stop,In-flight meal not included,10262
Jet Airways,12/06/2019,Kolkata,Banglore,CCU → BOM → BLR,14:05,23:35,9h 30m,1 stop,In-flight meal not included,9899
Jet Airways,24/05/2019,Kolkata,Banglore,CCU → DEL → BLR,20:25,14:25 25 May,18h,1 stop,In-flight meal not included,10703
IndiGo,27/05/2019,Delhi,Cochin,DEL → HYD → COK,06:50,22:30,15h 40m,1 stop,No info,6674
IndiGo,3/03/2019,Delhi,Cochin,DEL → BLR → COK,05:05,10:05,5h,1 stop,No info,9581
Vistara,24/06/2019,Banglore,Delhi,BLR → DEL,17:00,19:35,2h 35m,non-stop,No info,4878
IndiGo,24/04/2019,Kolkata,Banglore,CCU → HYD → BLR,19:20,23:45,4h 25m,1 stop,No info,3480
Jet Airways,18/03/2019,Banglore,New Delhi,BLR → BOM → DEL,18:40,07:40 16 Mar,13h,1 stop,No info,12284
Air India,24/06/2019,Delhi,Cochin,DEL → JAI → BOM → COK,12:00,19:15,7h 15m,2 stops,No info,9548
Air India,21/03/2019,Banglore,New Delhi,BLR → CCU → BBI → DEL,05:50,16:20,10h 30m,2 stops,No info,7664
Jet Airways,12/06/2019,Kolkata,Banglore,CCU → BOM → BLR,18:55,19:50 13 Jun,24h 55m,1 stop,No info,13044
Multiple carriers,21/03/2019,Delhi,Cochin,DEL → HYD → COK,07:10,16:10,9h,1 stop,In-flight meal not included,5999
Jet Airways,27/05/2019,Delhi,Cochin,DEL → BOM → COK,16:00,19:00 28 May,27h,1 stop,In-flight meal not included,12898
Jet Airways,9/03/2019,Delhi,Cochin,DEL → BOM → COK,19:15,18:50 10 Mar,23h 35m,1 stop,No info,16289
Air Asia,18/05/2019,Kolkata,Banglore,CCU → BBI → BLR,19:55,23:30,3h 35m,1 stop,No info,6857
Air India,24/05/2019,Kolkata,Banglore,CCU → DEL → BLR,17:30,20:25 25 May,26h 55m,1 stop,No info,10623
GoAir,1/05/2019,Delhi,Cochin,DEL → AMD → COK,07:25,13:35,6h 10m,1 stop,No info,5842
IndiGo,15/06/2019,Mumbai,Hyderabad,BOM → HYD,06:25,07:55,1h 30m,non-stop,No info,4049
Jet Airways,12/05/2019,Kolkata,Banglore,CCU → BOM → BLR,20:00,10:05 13 May,14h 5m,1 stop,No info,13941
Jet Airways,1/04/2019,Kolkata,Banglore,CCU → BOM → BLR,14:05,20:45,6h 40m,1 stop,No info,13364
IndiGo,6/05/2019,Kolkata,Banglore,CCU → BLR,04:40,07:15,2h 35m,non-stop,No info,4804
IndiGo,12/06/2019,Delhi,Cochin,DEL → BOM → COK,17:30,01:30 13 Jun,8h,1 stop,No info,6104
IndiGo,15/04/2019,Banglore,Delhi,BLR → DEL,13:00,15:50,2h 50m,non-stop,No info,4591
Jet Airways,1/04/2019,Kolkata,Banglore,CCU → BOM → BLR,16:30,19:50 02 Apr,27h 20m,1 stop,No info,12681
SpiceJet,9/05/2019,Kolkata,Banglore,CCU → BLR,09:00,11:25,2h 25m,non-stop,No info,3873
IndiGo,21/05/2019,Kolkata,Banglore,CCU → HYD → BLR,19:20,23:45,4h 25m,1 stop,No info,3574
IndiGo,12/05/2019,Kolkata,Banglore,CCU → BLR,22:15,00:50 13 May,2h 35m,non-stop,No info,4804
Vistara,24/03/2019,Kolkata,Banglore,CCU → DEL → BLR,07:10,10:50 25 Mar,27h 40m,1 stop,No info,11262
IndiGo,18/04/2019,Kolkata,Banglore,CCU → BLR,20:20,22:55,2h 35m,non-stop,No info,4174
Air Asia,15/04/2019,Kolkata,Banglore,CCU → DEL → BLR,07:35,19:25,11h 50m,1 stop,No info,5192
Air India,3/03/2019,Delhi,Cochin,DEL → BHO → BOM → COK,05:55,07:40 04 Mar,25h 45m,2 stops,No info,15113
IndiGo,09/03/2019,Banglore,New Delhi,BLR → DEL,10:05,13:00,2h 55m,non-stop,No info,6860
Air India,3/03/2019,Delhi,Cochin,DEL → NAG → BOM → COK,05:55,07:40 04 Mar,25h 45m,2 stops,No info,15428
Jet Airways,3/05/2019,Mumbai,Hyderabad,BOM → HYD,02:55,04:20,1h 25m,non-stop,No info,5678
Air India,27/03/2019,Delhi,Cochin,DEL → UDR → BOM → COK,13:20,07:40 28 Mar,18h 20m,2 stops,No info,10178
Vistara,15/05/2019,Kolkata,Banglore,CCU → DEL → BLR,17:00,23:25,6h 25m,1 stop,No info,9345
Vistara,18/05/2019,Banglore,Delhi,BLR → DEL,21:00,23:50,2h 50m,non-stop,No info,4668
Jet Airways,3/06/2019,Delhi,Cochin,DEL → BOM → COK,20:55,19:00 04 Jun,22h 5m,1 stop,No info,14714
IndiGo,9/06/2019,Kolkata,Banglore,CCU → BLR,22:15,00:50 10 Jun,2h 35m,non-stop,No info,5224
SpiceJet,15/04/2019,Delhi,Cochin,DEL → MAA → COK,06:05,11:20,5h 15m,1 stop,No info,5583
Jet Airways,1/05/2019,Kolkata,Banglore,CCU → BOM → BLR,08:25,16:20,7h 55m,1 stop,In-flight meal not included,10844
IndiGo,24/03/2019,Banglore,New Delhi,BLR → DEL,00:40,03:25,2h 45m,non-stop,No info,4777
Air Asia,15/04/2019,Kolkata,Banglore,CCU → BLR,10:20,12:55,2h 35m,non-stop,No info,4409
Jet Airways,9/06/2019,Delhi,Cochin,DEL → BOM → COK,07:05,19:00,11h 55m,1 stop,No info,14714
Jet Airways,12/06/2019,Delhi,Cochin,DEL → BOM → COK,07:05,12:35,5h 30m,1 stop,No info,16289
Multiple carriers,1/06/2019,Delhi,Cochin,DEL → HYD → COK,07:05,16:10,9h 5m,1 stop,No info,9646
Air India,3/03/2019,Delhi,Cochin,DEL → HYD → MAA → COK,07:05,09:25 04 Mar,26h 20m,2 stops,No info,9400
Multiple carriers,1/06/2019,Delhi,Cochin,DEL → HYD → COK,14:55,22:30,7h 35m,1 stop,No info,7038
Multiple carriers,27/06/2019,Delhi,Cochin,DEL → BOM → COK,12:50,19:15,6h 25m,1 stop,In-flight meal not included,7268
Multiple carriers,6/06/2019,Delhi,Cochin,DEL → BOM → COK,10:35,19:15,8h 40m,1 stop,No info,7354
Vistara,1/06/2019,Banglore,Delhi,BLR → DEL,17:00,19:35,2h 35m,non-stop,No info,4878
Air India,6/04/2019,Banglore,Delhi,BLR → DEL,10:00,12:45,2h 45m,non-stop,No info,5176
Multiple carriers,27/03/2019,Delhi,Cochin,DEL → BOM → COK,02:15,13:20,11h 5m,1 stop,No info,12327
Jet Airways,27/03/2019,Mumbai,Hyderabad,BOM → HYD,10:20,11:50,1h 30m,non-stop,No info,8040
Jet Airways,15/06/2019,Delhi,Cochin,DEL → JAI → BOM → COK,09:40,04:25 16 Jun,18h 45m,2 stops,In-flight meal not included,10368
Jet Airways,24/06/2019,Delhi,Cochin,DEL → JAI → BOM → COK,05:30,04:25 25 Jun,22h 55m,2 stops,No info,13014
IndiGo,21/03/2019,Delhi,Cochin,DEL → HYD → COK,08:35,16:10,7h 35m,1 stop,No info,6790
IndiGo,12/06/2019,Delhi,Cochin,DEL → BOM → COK,15:00,01:30 13 Jun,10h 30m,1 stop,No info,5684
Jet Airways,24/03/2019,Kolkata,Banglore,CCU → BOM → BLR,19:45,19:40 25 Mar,23h 55m,1 stop,In-flight meal not included,10031
SpiceJet,09/03/2019,Banglore,New Delhi,BLR → DEL,05:45,08:35,2h 50m,non-stop,No info,7110
IndiGo,15/03/2019,Banglore,New Delhi,BLR → IDR → DEL,13:40,18:35,4h 55m,1 stop,No info,7166
Jet Airways,24/03/2019,Kolkata,Banglore,CCU → BOM → BLR,16:55,09:15 25 Mar,16h 20m,1 stop,No info,14231
Jet Airways,1/04/2019,Kolkata,Banglore,CCU → BOM → BLR,08:25,12:00 02 Apr,27h 35m,1 stop,In-flight meal not included,7064
Jet Airways,6/03/2019,Delhi,Cochin,DEL → BOM → COK,13:00,04:25 07 Mar,15h 25m,1 stop,In-flight meal not included,13843
SpiceJet,18/03/2019,Kolkata,Banglore,CCU → BLR,06:55,09:35,2h 40m,non-stop,No info,4465
Jet Airways,6/05/2019,Kolkata,Banglore,CCU → BOM → BLR,18:55,08:15 07 May,13h 20m,1 stop,In-flight meal not included,7757
SpiceJet,18/05/2019,Banglore,Delhi,BLR → DEL,21:10,00:05 19 May,2h 55m,non-stop,No check-in baggage included,3919
IndiGo,15/05/2019,Banglore,Delhi,BLR → DEL,07:10,10:05,2h 55m,non-stop,No info,4823
Multiple carriers,21/03/2019,Delhi,Cochin,DEL → BOM → COK,11:30,19:15,7h 45m,1 stop,No info,13378
Jet Airways,27/03/2019,Delhi,Cochin,DEL → BOM → COK,19:45,04:25 28 Mar,8h 40m,1 stop,No info,12242
Air India,21/03/2019,Delhi,Cochin,DEL → MAA → COK,17:20,09:25 22 Mar,16h 5m,1 stop,No info,6482
Air India,21/03/2019,Banglore,New Delhi,BLR → MAA → DEL,11:50,08:55 19 Mar,21h 5m,1 stop,No info,5092
Multiple carriers,27/06/2019,Delhi,Cochin,DEL → BOM → COK,10:20,01:30 28 Jun,15h 10m,1 stop,No info,6270
IndiGo,9/06/2019,Delhi,Cochin,DEL → HYD → COK,16:10,22:30,6h 20m,1 stop,No info,6412
Jet Airways,27/06/2019,Delhi,Cochin,DEL → AMD → BOM → COK,23:05,04:25 29 Jun,29h 20m,2 stops,No info,15339
Jet Airways,12/06/2019,Delhi,Cochin,DEL → BOM → COK,14:00,19:00,5h,1 stop,No info,14714
Jet Airways,6/06/2019,Delhi,Cochin,DEL → BOM → COK,22:50,19:00 07 Jun,20h 10m,1 stop,No info,14714
Air India,12/03/2019,Banglore,New Delhi,BLR → BOM → DEL,06:45,20:35,13h 50m,1 stop,No info,12127
Jet Airways,12/05/2019,Kolkata,Banglore,CCU → DEL → BLR,20:25,14:25 13 May,18h,1 stop,No info,13067
Jet Airways,18/05/2019,Delhi,Cochin,DEL → BOM → COK,10:00,04:25 19 May,18h 25m,1 stop,In-flight meal not included,12373
Jet Airways,6/06/2019,Kolkata,Banglore,CCU → DEL → BLR,17:00,23:35,6h 35m,1 stop,In-flight meal not included,13469
IndiGo,3/04/2019,Delhi,Cochin,DEL → COK,05:35,08:50,3h 15m,non-stop,No info,4729
Air India,03/03/2019,Banglore,New Delhi,BLR → VGA → DEL,10:30,11:20 07 Mar,24h 50m,1 stop,No info,11003
Jet Airways,06/03/2019,Banglore,New Delhi,BLR → BOM → DEL,08:55,08:15 07 Mar,23h 20m,1 stop,No info,14815
Jet Airways,24/05/2019,Mumbai,Hyderabad,BOM → HYD,10:20,11:50,1h 30m,non-stop,In-flight meal not included,4995
Vistara,6/06/2019,Kolkata,Banglore,CCU → DEL → BLR,17:00,20:20 07 Jun,27h 20m,1 stop,No info,8820
Multiple carriers,6/05/2019,Delhi,Cochin,DEL → BOM → COK,10:20,19:00,8h 40m,1 stop,No info,9794
IndiGo,12/04/2019,Banglore,Delhi,BLR → DEL,07:10,10:05,2h 55m,non-stop,No info,4823
Air India,24/06/2019,Delhi,Cochin,DEL → AMD → BOM → COK,19:45,19:15 25 Jun,23h 30m,2 stops,No info,9443
Jet Airways,3/04/2019,Mumbai,Hyderabad,BOM → HYD,02:55,04:20,1h 25m,non-stop,In-flight meal not included,2228
Vistara,24/04/2019,Delhi,Cochin,DEL → COK,06:00,09:10,3h 10m,non-stop,No info,6216
Air Asia,18/05/2019,Delhi,Cochin,DEL → BLR → COK,07:55,22:25,14h 30m,1 stop,No info,7452
IndiGo,27/05/2019,Delhi,Cochin,DEL → BOM → COK,10:35,01:30 28 May,14h 55m,1 stop,No info,6104
Air India,12/03/2019,Mumbai,Hyderabad,BOM → MAA → HYD,05:55,19:10,13h 15m,1 stop,No info,8528
Jet Airways,18/05/2019,Kolkata,Banglore,CCU → DEL → BLR,17:00,19:10 19 May,26h 10m,1 stop,No info,14151
Jet Airways,24/06/2019,Delhi,Cochin,DEL → AMD → BOM → COK,13:25,12:35 25 Jun,23h 10m,2 stops,No info,12819
SpiceJet,27/03/2019,Delhi,Cochin,DEL → PNQ → COK,08:45,13:15,4h 30m,1 stop,No check-in baggage included,4414
Multiple carriers,27/05/2019,Delhi,Cochin,DEL → BOM → COK,10:20,19:00,8h 40m,1 stop,No info,9794
Jet Airways,12/03/2019,Banglore,New Delhi,BLR → BOM → DEL,22:55,07:40 13 Mar,8h 45m,1 stop,No info,13817
Multiple carriers,1/06/2019,Delhi,Cochin,DEL → BOM → COK,10:00,01:30 02 Jun,15h 30m,1 stop,No info,7198
IndiGo,1/05/2019,Chennai,Kolkata,MAA → CCU,11:35,14:00,2h 25m,non-stop,No info,4332
Vistara,12/04/2019,Banglore,Delhi,BLR → DEL,11:30,14:20,2h 50m,non-stop,No info,5403
Jet Airways,21/05/2019,Delhi,Cochin,DEL → JAI → BOM → COK,05:30,19:00,13h 30m,2 stops,No info,15129
SpiceJet,18/05/2019,Kolkata,Banglore,CCU → KNU → BLR,11:35,18:50,7h 15m,1 stop,No info,8479
Multiple carriers,27/03/2019,Delhi,Cochin,DEL → BOM → COK,10:20,18:50,8h 30m,1 stop,No info,11421
Jet Airways,15/06/2019,Delhi,Cochin,DEL → JAI → BOM → COK,19:30,12:35 16 Jun,17h 5m,2 stops,No info,13014
IndiGo,15/05/2019,Delhi,Cochin,DEL → BOM → COK,11:25,01:30 16 May,14h 5m,1 stop,No info,6979
Multiple carriers,27/05/2019,Delhi,Cochin,DEL → BOM → COK,16:00,01:30 28 May,9h 30m,1 stop,No info,13377
Air India,15/05/2019,Banglore,Delhi,BLR → DEL,13:20,16:10,2h 50m,non-stop,No info,5228
Air India,6/06/2019,Delhi,Cochin,DEL → COK,14:10,17:10,3h,non-stop,No info,6094
IndiGo,6/03/2019,Delhi,Cochin,DEL → MAA → COK,02:05,07:25,5h 20m,1 stop,No info,10851
Jet Airways,3/06/2019,Delhi,Cochin,DEL → BOM → COK,11:30,12:35 04 Jun,25h 5m,1 stop,In-flight meal not included,10262
Jet Airways,9/05/2019,Delhi,Cochin,DEL → BOM → COK,13:00,19:00,6h,1 stop,In-flight meal not included,12373
Multiple carriers,27/05/2019,Delhi,Cochin,DEL → BOM → COK,17:00,01:30 28 May,8h 30m,1 stop,No info,7198
Multiple carriers,21/03/2019,Delhi,Cochin,DEL → BOM → COK,08:00,18:50,10h 50m,1 stop,No info,11667
IndiGo,27/03/2019,Chennai,Kolkata,MAA → CCU,07:55,10:15,2h 20m,non-stop,No info,3384
Air India,9/05/2019,Delhi,Cochin,DEL → MAA → COK,06:05,09:25 10 May,27h 20m,1 stop,No info,7480
Air India,21/04/2019,Banglore,Delhi,BLR → DEL,06:10,08:55,2h 45m,non-stop,No info,6121
Jet Airways,21/03/2019,Delhi,Cochin,DEL → JAI → BOM → COK,05:30,04:25 22 Mar,22h 55m,2 stops,No info,12647
SpiceJet,6/04/2019,Kolkata,Banglore,CCU → BLR,22:20,00:40 07 Apr,2h 20m,non-stop,No check-in baggage included,3841
Air India,18/05/2019,Delhi,Cochin,DEL → BLR → COK,17:40,08:15 19 May,14h 35m,1 stop,No info,8361
Jet Airways,12/06/2019,Kolkata,Banglore,CCU → BOM → BLR,06:30,10:05 13 Jun,27h 35m,1 stop,In-flight meal not included,8529
IndiGo,9/05/2019,Kolkata,Banglore,CCU → MAA → BLR,08:10,13:00,4h 50m,1 stop,No info,5069
SpiceJet,1/05/2019,Chennai,Kolkata,MAA → CCU,09:45,12:00,2h 15m,non-stop,No info,3597
Jet Airways,24/05/2019,Delhi,Cochin,DEL → JDH → BOM → COK,11:40,19:00,7h 20m,2 stops,No info,21219
IndiGo,24/06/2019,Kolkata,Banglore,CCU → BLR,09:35,12:20,2h 45m,non-stop,No info,4804
IndiGo,3/06/2019,Chennai,Kolkata,MAA → CCU,07:55,10:15,2h 20m,non-stop,No info,3850
IndiGo,27/03/2019,Kolkata,Banglore,CCU → BLR,15:20,17:55,2h 35m,non-stop,No info,5198
Jet Airways,21/05/2019,Kolkata,Banglore,CCU → BOM → BLR,14:05,08:15 22 May,18h 10m,1 stop,In-flight meal not included,9663
IndiGo,27/06/2019,Delhi,Cochin,DEL → BOM → COK,06:40,21:00,14h 20m,1 stop,No info,6093
GoAir,15/05/2019,Delhi,Cochin,DEL → BOM → COK,14:25,19:35,5h 10m,1 stop,No info,10188
Jet Airways,18/05/2019,Delhi,Cochin,DEL → BOM → COK,20:55,19:00 19 May,22h 5m,1 stop,In-flight meal not included,12373
IndiGo,21/05/2019,Kolkata,Banglore,CCU → PNQ → BLR,21:00,02:15 22 May,5h 15m,1 stop,No info,7228
Jet Airways,9/05/2019,Delhi,Cochin,DEL → BOM → COK,08:00,19:00,11h,1 stop,No info,15554
IndiGo,3/03/2019,Kolkata,Banglore,CCU → BLR,22:10,00:55 04 Mar,2h 45m,non-stop,No info,5618
Air India,12/03/2019,Banglore,New Delhi,BLR → BOM → NAG → DEL,17:25,10:15 13 Mar,16h 50m,2 stops,No info,12778
Multiple carriers,27/05/2019,Delhi,Cochin,DEL → BOM → COK,15:00,01:30 28 May,10h 30m,1 stop,In-flight meal not included,6943
Multiple carriers,6/06/2019,Delhi,Cochin,DEL → HYD → COK,09:45,16:10,6h 25m,1 stop,No info,9646
Air India,9/03/2019,Delhi,Cochin,DEL → BLR → COK,20:30,23:00 10 Mar,26h 30m,1 stop,No info,8119
IndiGo,27/03/2019,Chennai,Kolkata,MAA → CCU,22:05,00:25 28 Mar,2h 20m,non-stop,No info,5277
IndiGo,15/06/2019,Delhi,Cochin,DEL → PNQ → COK,23:30,04:35 16 Jun,5h 5m,1 stop,No info,10112
IndiGo,21/03/2019,Kolkata,Banglore,CCU → BLR,17:15,19:55,2h 40m,non-stop,No info,4148
Multiple carriers,15/05/2019,Delhi,Cochin,DEL → BOM → COK,07:30,21:00,13h 30m,1 stop,No info,8405
Air Asia,27/05/2019,Delhi,Cochin,DEL → BLR → COK,07:55,13:25,5h 30m,1 stop,No info,6451
Jet Airways,24/05/2019,Kolkata,Banglore,CCU → BOM → BLR,14:05,19:50,5h 45m,1 stop,In-flight meal not included,10844
Jet Airways,12/06/2019,Banglore,Delhi,BLR → DEL,17:45,20:45,3h,non-stop,In-flight meal not included,5769
SpiceJet,15/05/2019,Banglore,Delhi,BLR → DEL,05:55,08:35,2h 40m,non-stop,No check-in baggage included,3257
Air India,3/05/2019,Chennai,Kolkata,MAA → CCU,11:40,13:55,2h 15m,non-stop,No info,4667
Jet Airways,12/06/2019,Kolkata,Banglore,CCU → BOM → BLR,06:30,18:15,11h 45m,1 stop,No info,13626
Jet Airways,12/03/2019,Banglore,New Delhi,BLR → BOM → DEL,08:55,21:20,12h 25m,1 stop,No info,13817
Jet Airways,24/05/2019,Banglore,Delhi,BLR → DEL,08:20,11:20,3h,non-stop,No info,7229
Air India,15/05/2019,Kolkata,Banglore,CCU → GAU → DEL → BLR,09:50,08:55 16 May,23h 5m,2 stops,No info,14960
Air India,9/05/2019,Delhi,Cochin,DEL → HYD → BOM → COK,07:05,07:40 10 May,24h 35m,2 stops,No info,13547
IndiGo,21/04/2019,Delhi,Cochin,DEL → BLR → COK,02:00,07:45,5h 45m,1 stop,No info,6258
Air India,21/03/2019,Banglore,New Delhi,BLR → COK → DEL,22:00,23:20 19 Mar,25h 20m,1 stop,No info,6010
Air India,6/06/2019,Delhi,Cochin,DEL → HYD → MAA → COK,07:05,09:25 07 Jun,26h 20m,2 stops,No info,11447
Multiple carriers,6/06/2019,Delhi,Cochin,DEL → BOM → COK,11:40,21:00,9h 20m,1 stop,No info,7005
IndiGo,9/05/2019,Banglore,Delhi,BLR → DEL,10:10,13:00,2h 50m,non-stop,No info,3943
Jet Airways,3/06/2019,Banglore,Delhi,BLR → DEL,07:10,10:10,3h,non-stop,In-flight meal not included,5769
Jet Airways,24/06/2019,Delhi,Cochin,DEL → JAI → BOM → COK,05:30,04:25 25 Jun,22h 55m,2 stops,No info,13014
SpiceJet,21/04/2019,Kolkata,Banglore,CCU → BLR,22:20,00:40 22 Apr,2h 20m,non-stop,No check-in baggage included,4807
IndiGo,15/05/2019,Mumbai,Hyderabad,BOM → HYD,21:20,22:50,1h 30m,non-stop,No info,2227
Jet Airways,9/04/2019,Delhi,Cochin,DEL → BOM → COK,17:30,12:35 10 Apr,19h 5m,1 stop,No info,11822
IndiGo,21/04/2019,Banglore,Delhi,BLR → DEL,18:55,21:50,2h 55m,non-stop,No info,4823
Jet Airways,1/05/2019,Kolkata,Banglore,CCU → DEL → BLR,09:35,23:35,14h,1 stop,No info,13067
SpiceJet,3/03/2019,Kolkata,Banglore,CCU → BLR,22:20,00:40 04 Mar,2h 20m,non-stop,No info,5515
Jet Airways,9/05/2019,Kolkata,Banglore,CCU → BOM → BLR,14:05,19:50,5h 45m,1 stop,In-flight meal not included,10844
Vistara,3/05/2019,Banglore,Delhi,BLR → DEL,07:00,09:40,2h 40m,non-stop,No info,4668
Air Asia,18/03/2019,Banglore,New Delhi,BLR → DEL,05:50,08:40,2h 50m,non-stop,No info,4284
SpiceJet,27/05/2019,Chennai,Kolkata,MAA → CCU,17:45,20:05,2h 20m,non-stop,No info,3597
Vistara,03/03/2019,Banglore,New Delhi,BLR → DEL,19:40,22:20,2h 40m,non-stop,No info,8553
Jet Airways,1/04/2019,Kolkata,Banglore,CCU → BOM → BLR,06:30,19:50,13h 20m,1 stop,No info,12681
IndiGo,1/06/2019,Delhi,Cochin,DEL → COK,14:25,17:40,3h 15m,non-stop,No info,6015
Jet Airways,21/03/2019,Delhi,Cochin,DEL → JAI → BOM → COK,05:30,18:50 22 Mar,37h 20m,2 stops,No info,12341
SpiceJet,9/04/2019,Kolkata,Banglore,CCU → MAA → BLR,15:05,20:20,5h 15m,1 stop,No info,4649
Jet Airways,18/05/2019,Delhi,Cochin,DEL → BOM → COK,22:50,12:35 19 May,13h 45m,1 stop,In-flight meal not included,12373
Jet Airways,18/05/2019,Kolkata,Banglore,CCU → BOM → BLR,16:30,12:00 19 May,19h 30m,1 stop,In-flight meal not included,10844
IndiGo,24/03/2019,Kolkata,Banglore,CCU → MAA → BLR,08:15,13:00,4h 45m,1 stop,No info,6303
Jet Airways,6/03/2019,Delhi,Cochin,DEL → BOM → COK,18:15,19:45 07 Mar,25h 30m,1 stop,No info,17024
IndiGo,21/06/2019,Delhi,Cochin,DEL → COK,14:25,17:40,3h 15m,non-stop,No info,5000
Multiple carriers,3/06/2019,Delhi,Cochin,DEL → BOM → COK,16:00,01:30 04 Jun,9h 30m,1 stop,No info,13377
Jet Airways,12/03/2019,Banglore,New Delhi,BLR → BOM → DEL,18:55,10:45 13 Mar,15h 50m,1 stop,No info,13817
IndiGo,3/05/2019,Kolkata,Banglore,CCU → BLR,04:40,07:15,2h 35m,non-stop,No info,4804
IndiGo,9/04/2019,Delhi,Cochin,DEL → BOM → COK,18:35,01:30 10 Apr,6h 55m,1 stop,No info,6573
IndiGo,24/04/2019,Banglore,Delhi,BLR → DEL,06:05,08:50,2h 45m,non-stop,No info,4423
IndiGo,09/03/2019,Banglore,New Delhi,BLR → DEL,05:30,08:20,2h 50m,non-stop,No info,4777
SpiceJet,21/05/2019,Chennai,Kolkata,MAA → CCU,09:45,12:00,2h 15m,non-stop,No check-in baggage included,3543
Air Asia,9/05/2019,Kolkata,Banglore,CCU → DEL → BLR,07:35,23:30,15h 55m,1 stop,No info,5192
SpiceJet,21/05/2019,Kolkata,Banglore,CCU → BLR,06:55,09:30,2h 35m,non-stop,No info,3873
Multiple carriers,27/05/2019,Delhi,Cochin,DEL → BOM → COK,08:45,21:00,12h 15m,1 stop,No info,7740
GoAir,6/06/2019,Banglore,Delhi,BLR → DEL,20:55,23:40,2h 45m,non-stop,No info,3419
IndiGo,03/03/2019,Banglore,New Delhi,BLR → DEL,18:25,21:20,2h 55m,non-stop,No info,7648
IndiGo,6/05/2019,Chennai,Kolkata,MAA → CCU,13:15,15:35,2h 20m,non-stop,No info,3597
IndiGo,18/05/2019,Mumbai,Hyderabad,BOM → HYD,21:20,22:50,1h 30m,non-stop,No info,2227
Jet Airways,01/03/2019,Banglore,New Delhi,BLR → BOM → DEL,08:00,13:15,5h 15m,1 stop,No info,22270
IndiGo,18/05/2019,Chennai,Kolkata,MAA → CCU,19:35,21:55,2h 20m,non-stop,No info,3597
IndiGo,6/04/2019,Delhi,Cochin,DEL → BOM → COK,16:00,21:00,5h,1 stop,No info,5073
Air India,15/03/2019,Banglore,New Delhi,BLR → COK → DEL,22:00,23:20 16 Mar,25h 20m,1 stop,No info,6850
Multiple carriers,21/03/2019,Delhi,Cochin,DEL → BOM → COK,18:00,01:35 22 Mar,7h 35m,1 stop,No info,7363
Air India,15/05/2019,Kolkata,Banglore,CCU → BOM → BLR,09:25,18:30,9h 5m,1 stop,No info,8891
Multiple carriers,27/03/2019,Delhi,Cochin,DEL → BOM → COK,15:05,01:35 28 Mar,10h 30m,1 stop,No info,12327
Jet Airways,9/05/2019,Kolkata,Banglore,CCU → BOM → BLR,16:30,18:15 10 May,25h 45m,1 stop,In-flight meal not included,8586
Air India,6/03/2019,Delhi,Cochin,DEL → AMD → BOM → COK,19:45,19:15 07 Mar,23h 30m,2 stops,No info,12646
Vistara,24/03/2019,Kolkata,Banglore,CCU → DEL → BLR,07:10,22:10,15h,1 stop,No info,12942
IndiGo,1/06/2019,Delhi,Cochin,DEL → HYD → COK,06:50,22:30,15h 40m,1 stop,No info,6442
Air India,3/06/2019,Delhi,Cochin,DEL → BLR → COK,09:45,23:00,13h 15m,1 stop,No info,8907
Jet Airways,9/05/2019,Banglore,Delhi,BLR → DEL,08:20,11:20,3h,non-stop,In-flight meal not included,4544
SpiceJet,3/05/2019,Banglore,Delhi,BLR → DEL,05:55,08:35,2h 40m,non-stop,No info,3625
Jet Airways,3/06/2019,Delhi,Cochin,DEL → BOM → COK,15:00,19:00 04 Jun,28h,1 stop,In-flight meal not included,10262
Jet Airways,15/05/2019,Kolkata,Banglore,CCU → BOM → BLR,20:00,04:40 16 May,8h 40m,1 stop,No info,13941
Multiple carriers,27/03/2019,Delhi,Cochin,DEL → BOM → COK,13:00,01:35 28 Mar,12h 35m,1 stop,No info,6673
Jet Airways,1/04/2019,Kolkata,Banglore,CCU → BOM → BLR,08:25,22:35,14h 10m,1 stop,In-flight meal not included,7064
Vistara,15/06/2019,Banglore,Delhi,BLR → DEL,07:00,09:40,2h 40m,non-stop,No info,4878
Multiple carriers,18/05/2019,Delhi,Cochin,DEL → BOM → COK,13:00,01:30 19 May,12h 30m,1 stop,No info,9385
Multiple carriers,3/03/2019,Delhi,Cochin,DEL → BOM → COK,10:20,21:00,10h 40m,1 stop,No info,15147
Multiple carriers,21/05/2019,Delhi,Cochin,DEL → BOM → COK,08:00,21:00,13h,1 stop,No info,14277
Jet Airways,15/05/2019,Mumbai,Hyderabad,BOM → HYD,10:20,11:50,1h 30m,non-stop,In-flight meal not included,4995
Air India,15/05/2019,Delhi,Cochin,DEL → GOI → BOM → COK,22:00,19:15 16 May,21h 15m,2 stops,No info,11281
Air India,12/03/2019,Kolkata,Banglore,CCU → BLR,14:15,16:45,2h 30m,non-stop,No info,5747
Jet Airways,18/05/2019,Kolkata,Banglore,CCU → BOM → BLR,21:10,09:20 19 May,12h 10m,1 stop,No info,14388
Multiple carriers,3/03/2019,Delhi,Cochin,DEL → BOM → COK,17:30,01:35 04 Mar,8h 5m,1 stop,No info,17057
SpiceJet,9/05/2019,Chennai,Kolkata,MAA → CCU,09:45,12:00,2h 15m,non-stop,No info,3597
Jet Airways,6/03/2019,Mumbai,Hyderabad,BOM → IDR → DEL → HYD,17:50,16:50 07 Mar,23h,2 stops,No info,20845
Jet Airways,15/06/2019,Banglore,Delhi,BLR → DEL,08:20,11:20,3h,non-stop,No info,8016
Jet Airways,01/03/2019,Banglore,New Delhi,BLR → BOM → DEL,16:55,07:40 02 Mar,14h 45m,1 stop,1 Long layover,26890
Jet Airways,06/03/2019,Banglore,New Delhi,BLR → BOM → DEL,08:00,05:05 07 Mar,21h 5m,1 stop,No info,14815
Jet Airways,24/05/2019,Mumbai,Hyderabad,BOM → HYD,10:20,11:50,1h 30m,non-stop,No info,8040
Multiple carriers,27/03/2019,Delhi,Cochin,DEL → BOM → COK,06:00,15:30,9h 30m,1 stop,No info,7845
IndiGo,3/03/2019,Kolkata,Banglore,CCU → BLR,14:20,16:55,2h 35m,non-stop,No info,6565
Air India,15/05/2019,Kolkata,Banglore,CCU → BOM → COK → BLR,16:50,13:45 16 May,20h 55m,2 stops,No info,15532
IndiGo,6/03/2019,Delhi,Cochin,DEL → HYD → MAA → COK,06:40,21:20,14h 40m,2 stops,No info,6610
IndiGo,3/04/2019,Banglore,Delhi,BLR → DEL,16:55,19:55,3h,non-stop,No info,4823
SpiceJet,21/05/2019,Kolkata,Banglore,CCU → BLR,22:20,00:40 22 May,2h 20m,non-stop,No info,3873
Jet Airways,15/06/2019,Delhi,Cochin,DEL → IDR → BOM → COK,09:35,12:35 16 Jun,27h,2 stops,No info,12609
IndiGo,18/06/2019,Kolkata,Banglore,CCU → BLR,22:15,00:50 19 Jun,2h 35m,non-stop,No info,4804
IndiGo,27/05/2019,Kolkata,Banglore,CCU → BLR,14:25,16:55,2h 30m,non-stop,No info,5224
Jet Airways,15/03/2019,Banglore,New Delhi,BLR → BDQ → DEL,05:50,12:20,6h 30m,1 stop,No info,9623
IndiGo,15/03/2019,Chennai,Kolkata,MAA → CCU,11:35,14:00,2h 25m,non-stop,No info,6297
Multiple carriers,27/03/2019,Delhi,Cochin,DEL → BOM → COK,09:10,19:15,10h 5m,1 stop,No info,10667
Air India,12/06/2019,Delhi,Cochin,DEL → AMD → BOM → COK,16:40,19:15 13 Jun,26h 35m,2 stops,No info,9443
Vistara,18/03/2019,Banglore,New Delhi,BLR → DEL,16:00,18:35,2h 35m,non-stop,No info,11913
IndiGo,15/03/2019,Banglore,New Delhi,BLR → DEL,21:20,00:15 16 Mar,2h 55m,non-stop,No info,8033
Jet Airways,27/05/2019,Delhi,Cochin,DEL → BOM → COK,10:00,19:00,9h,1 stop,In-flight meal not included,11924
Air India,6/05/2019,Banglore,Delhi,BLR → DEL,10:00,12:45,2h 45m,non-stop,No info,5228
IndiGo,1/06/2019,Chennai,Kolkata,MAA → CCU,15:40,18:25,2h 45m,non-stop,No info,3540
Air India,15/06/2019,Delhi,Cochin,DEL → BHO → BOM → COK,20:00,19:15 16 Jun,23h 15m,2 stops,No info,11071
Multiple carriers,6/06/2019,Delhi,Cochin,DEL → BOM → COK,06:40,19:15,12h 35m,1 stop,No info,7354
Air India,1/05/2019,Kolkata,Banglore,CCU → HYD → BLR,19:00,04:40 02 May,9h 40m,1 stop,No info,6117
Air Asia,15/03/2019,Banglore,New Delhi,BLR → DEL,05:50,08:40,2h 50m,non-stop,No info,5615
Multiple carriers,1/06/2019,Delhi,Cochin,DEL → BOM → COK,13:00,21:00,8h,1 stop,No info,7933
Jet Airways,9/05/2019,Banglore,Delhi,BLR → DEL,15:15,18:10,2h 55m,non-stop,No info,7229
Jet Airways,24/03/2019,Banglore,New Delhi,BLR → BOM → DEL,08:55,09:00 19 Mar,24h 5m,1 stop,In-flight meal not included,8147
Jet Airways,18/05/2019,Delhi,Cochin,DEL → AMD → BOM → COK,23:05,04:25 20 May,29h 20m,2 stops,No info,15129
SpiceJet,15/05/2019,Banglore,Delhi,BLR → DEL,09:30,12:20,2h 50m,non-stop,No check-in baggage included,4319
Vistara,6/05/2019,Banglore,Delhi,BLR → DEL,09:45,12:35,2h 50m,non-stop,No info,4668
Air India,9/03/2019,Delhi,Cochin,DEL → BOM → COK,23:00,07:40 10 Mar,8h 40m,1 stop,No info,10840
Jet Airways,15/06/2019,Delhi,Cochin,DEL → JAI → BOM → COK,05:30,19:00,13h 30m,2 stops,In-flight meal not included,10368
Multiple carriers,24/06/2019,Delhi,Cochin,DEL → BOM → COK,13:00,01:30 25 Jun,12h 30m,1 stop,No info,7198
Jet Airways,27/06/2019,Delhi,Cochin,DEL → AMD → BOM → COK,23:05,04:25 29 Jun,29h 20m,2 stops,No info,12819
Air India,24/05/2019,Kolkata,Banglore,CCU → BOM → AMD → BLR,09:25,05:25 25 May,20h,2 stops,No info,14897
IndiGo,15/05/2019,Banglore,Delhi,BLR → DEL,20:00,22:50,2h 50m,non-stop,No info,4823
IndiGo,6/06/2019,Kolkata,Banglore,CCU → BLR,09:35,12:10,2h 35m,non-stop,No info,4804
Vistara,9/06/2019,Banglore,Delhi,BLR → DEL,21:00,23:50,2h 50m,non-stop,No info,4668
Vistara,3/05/2019,Banglore,Delhi,BLR → DEL,11:30,14:20,2h 50m,non-stop,No info,4668
IndiGo,9/04/2019,Kolkata,Banglore,CCU → BLR,17:15,19:50,2h 35m,non-stop,No info,4174
Jet Airways,6/05/2019,Kolkata,Banglore,CCU → BOM → BLR,18:55,10:05 07 May,15h 10m,1 stop,In-flight meal not included,7757
IndiGo,21/06/2019,Kolkata,Banglore,CCU → BLR,11:30,14:05,2h 35m,non-stop,No info,4804
Multiple carriers,27/03/2019,Delhi,Cochin,DEL → BOM → COK,04:45,19:15,14h 30m,1 stop,No info,7574
IndiGo,24/06/2019,Delhi,Cochin,DEL → BLR → COK,17:05,22:15,5h 10m,1 stop,No info,6147
Multiple carriers,6/03/2019,Delhi,Cochin,DEL → BOM → COK,09:55,21:00,11h 5m,1 stop,In-flight meal not included,15136
IndiGo,1/06/2019,Mumbai,Hyderabad,BOM → HYD,12:00,13:30,1h 30m,non-stop,No info,2754
IndiGo,6/03/2019,Delhi,Cochin,DEL → BOM → COK,07:30,21:00,13h 30m,1 stop,No info,14871
IndiGo,3/03/2019,Mumbai,Hyderabad,BOM → HYD,06:20,07:45,1h 25m,non-stop,No info,4784
Jet Airways,1/06/2019,Delhi,Cochin,DEL → JAI → BOM → COK,05:30,19:00,13h 30m,2 stops,In-flight meal not included,10368
Air India,12/04/2019,Banglore,Delhi,BLR → DEL,10:00,12:45,2h 45m,non-stop,No info,5911
Jet Airways,18/05/2019,Delhi,Cochin,DEL → BOM → COK,07:05,19:00,11h 55m,1 stop,In-flight meal not included,12373
Air Asia,27/06/2019,Kolkata,Banglore,CCU → BLR,19:55,22:25,2h 30m,non-stop,No info,3807
Vistara,9/06/2019,Kolkata,Banglore,CCU → DEL → BLR,17:00,22:55,5h 55m,1 stop,No info,9187
Air India,18/05/2019,Delhi,Cochin,DEL → JDH → BOM → COK,12:55,19:15 19 May,30h 20m,2 stops,No info,13696
Jet Airways,18/05/2019,Kolkata,Banglore,CCU → BOM → BLR,08:25,09:20 19 May,24h 55m,1 stop,No info,14388
Multiple carriers,15/05/2019,Delhi,Cochin,DEL → BOM → COK,14:00,21:00,7h,1 stop,No info,13727
IndiGo,15/05/2019,Delhi,Cochin,DEL → BOM → COK,16:00,01:30 16 May,9h 30m,1 stop,No info,7923
SpiceJet,15/06/2019,Chennai,Kolkata,MAA → CCU,09:45,12:00,2h 15m,non-stop,No check-in baggage included,3543
Air India,18/03/2019,Banglore,New Delhi,BLR → BOM → UDR → DEL,08:50,16:30 16 Mar,31h 40m,2 stops,No info,10835
Air India,9/05/2019,Delhi,Cochin,DEL → COK,18:05,21:10,3h 5m,non-stop,No info,6094
Jet Airways,12/06/2019,Kolkata,Banglore,CCU → BOM → BLR,06:30,12:00,5h 30m,1 stop,No info,13626
Jet Airways,6/06/2019,Delhi,Cochin,DEL → IDR → BOM → COK,05:30,19:00,13h 30m,2 stops,In-flight meal not included,11507
IndiGo,15/03/2019,Kolkata,Banglore,CCU → BLR,14:20,16:55,2h 35m,non-stop,No info,4778
IndiGo,3/06/2019,Delhi,Cochin,DEL → BOM → COK,10:35,21:00,10h 25m,1 stop,No info,6093
Jet Airways,6/06/2019,Delhi,Cochin,DEL → NAG → BOM → COK,14:35,04:25 07 Jun,13h 50m,2 stops,No info,13376
IndiGo,3/03/2019,Chennai,Kolkata,MAA → CCU,11:35,14:00,2h 25m,non-stop,No info,7295
Jet Airways,18/05/2019,Delhi,Cochin,DEL → ATQ → BOM → COK,20:00,04:25 19 May,8h 25m,2 stops,No info,16263
Jet Airways,3/06/2019,Delhi,Cochin,DEL → BOM → COK,14:00,12:35 04 Jun,22h 35m,1 stop,In-flight meal not included,10262
Air India,15/05/2019,Delhi,Cochin,DEL → HYD → MAA → COK,17:15,09:25 16 May,16h 10m,2 stops,No info,8839
Air Asia,6/05/2019,Kolkata,Banglore,CCU → DEL → BLR,07:35,19:25,11h 50m,1 stop,No info,5192
Air India,1/03/2019,Kolkata,Banglore,CCU → BLR,14:15,16:45,2h 30m,non-stop,No info,6535
Jet Airways,27/05/2019,Delhi,Cochin,DEL → AMD → BOM → COK,13:25,12:35 28 May,23h 10m,2 stops,No info,15129
Air Asia,18/04/2019,Kolkata,Banglore,CCU → BLR,10:20,12:55,2h 35m,non-stop,No info,4409
Jet Airways,15/06/2019,Delhi,Cochin,DEL → IDR → BOM → COK,21:25,19:00 16 Jun,21h 35m,2 stops,In-flight meal not included,10588
IndiGo,15/05/2019,Mumbai,Hyderabad,BOM → HYD,12:00,13:30,1h 30m,non-stop,No info,2754
Air India,6/04/2019,Kolkata,Banglore,CCU → HYD → BLR,19:00,11:05 07 Apr,16h 5m,1 stop,No info,4437
SpiceJet,24/05/2019,Kolkata,Banglore,CCU → PNQ → BLR,08:35,17:15,8h 40m,1 stop,No info,6643
Jet Airways,3/06/2019,Delhi,Cochin,DEL → BOM → COK,18:15,19:00 04 Jun,24h 45m,1 stop,No info,14714
Air Asia,18/06/2019,Kolkata,Banglore,CCU → BLR,09:45,12:15,2h 30m,non-stop,No info,3807
Vistara,21/03/2019,Banglore,New Delhi,BLR → DEL,16:00,18:35,2h 35m,non-stop,No info,5613
SpiceJet,3/06/2019,Chennai,Kolkata,MAA → CCU,09:45,12:00,2h 15m,non-stop,No check-in baggage included,3859
IndiGo,6/06/2019,Banglore,Delhi,BLR → DEL,07:10,10:05,2h 55m,non-stop,No info,4823
SpiceJet,12/06/2019,Kolkata,Banglore,CCU → BLR,22:20,00:40 13 Jun,2h 20m,non-stop,No check-in baggage included,3841
Jet Airways,6/06/2019,Kolkata,Banglore,CCU → DEL → BLR,09:35,09:45 07 Jun,24h 10m,1 stop,In-flight meal not included,10539
Vistara,12/06/2019,Chennai,Kolkata,MAA → CCU,07:05,09:20,2h 15m,non-stop,No info,3687
Multiple carriers,6/06/2019,Delhi,Cochin,DEL → BOM → COK,12:50,01:30 07 Jun,12h 40m,1 stop,No info,6795
Jet Airways,15/03/2019,Banglore,New Delhi,BLR → BOM → DEL,08:00,15:15,7h 15m,1 stop,In-flight meal not included,9134
Jet Airways,6/03/2019,Delhi,Cochin,DEL → BOM → COK,22:20,04:25 07 Mar,6h 5m,1 stop,No info,15764
Air India,9/04/2019,Delhi,Cochin,DEL → JDH → BOM → COK,12:55,19:15 10 Apr,30h 20m,2 stops,No info,9968
Multiple carriers,27/05/2019,Delhi,Cochin,DEL → BOM → COK,09:00,19:15,10h 15m,1 stop,In-flight meal not included,10197
Jet Airways,12/05/2019,Kolkata,Banglore,CCU → BOM → BLR,06:30,04:40 13 May,22h 10m,1 stop,In-flight meal not included,8586
IndiGo,1/06/2019,Delhi,Cochin,DEL → BOM → COK,09:15,21:00,11h 45m,1 stop,No info,7258
Air India,9/05/2019,Delhi,Cochin,DEL → RPR → NAG → BOM → COK,05:15,19:15 10 May,38h,3 stops,No info,10703
Jet Airways,06/03/2019,Banglore,New Delhi,BLR → BOM → DEL,22:50,00:45 08 Mar,25h 55m,1 stop,No info,14815
Multiple carriers,1/06/2019,Delhi,Cochin,DEL → BOM → COK,13:00,01:30 02 Jun,12h 30m,1 stop,No info,7723
GoAir,1/05/2019,Banglore,Delhi,BLR → DEL,07:45,10:40,2h 55m,non-stop,No info,3898
SpiceJet,18/03/2019,Chennai,Kolkata,MAA → CCU,09:30,12:05,2h 35m,non-stop,No check-in baggage included,3807
Jet Airways,27/03/2019,Delhi,Cochin,DEL → BOM → COK,15:05,04:25 28 Mar,13h 20m,1 stop,No info,12242
SpiceJet,3/06/2019,Kolkata,Banglore,CCU → BLR,22:20,00:40 04 Jun,2h 20m,non-stop,No check-in baggage included,3841
Air India,09/03/2019,Banglore,New Delhi,BLR → DEL,21:10,23:55,2h 45m,non-stop,No info,4966
Jet Airways,6/03/2019,Delhi,Cochin,DEL → BOM → COK,22:20,04:25 07 Mar,6h 5m,1 stop,In-flight meal not included,12583
SpiceJet,18/06/2019,Mumbai,Hyderabad,BOM → HYD,13:15,14:45,1h 30m,non-stop,No check-in baggage included,1965
IndiGo,1/06/2019,Delhi,Cochin,DEL → BLR → COK,05:10,10:05,4h 55m,1 stop,No info,6842
SpiceJet,6/06/2019,Kolkata,Banglore,CCU → MAA → BLR,15:05,20:20,5h 15m,1 stop,No info,4649
SpiceJet,3/06/2019,Chennai,Kolkata,MAA → CCU,08:20,10:35,2h 15m,non-stop,No info,3597
Multiple carriers,21/05/2019,Delhi,Cochin,DEL → BOM → COK,07:05,19:15,12h 10m,1 stop,In-flight meal not included,10711
GoAir,12/05/2019,Banglore,Delhi,BLR → DEL,20:55,23:40,2h 45m,non-stop,No info,3419
SpiceJet,3/05/2019,Chennai,Kolkata,MAA → CCU,17:45,20:05,2h 20m,non-stop,No check-in baggage included,3543
Jet Airways,1/05/2019,Delhi,Cochin,DEL → JAI → BOM → COK,09:40,12:35 02 May,26h 55m,2 stops,No info,15129
Multiple carriers,12/06/2019,Delhi,Cochin,DEL → HYD → COK,09:45,22:30,12h 45m,1 stop,No info,9646
Air India,21/03/2019,Delhi,Cochin,DEL → BOM → COK,21:00,07:40 22 Mar,10h 40m,1 stop,No info,6902
Jet Airways,9/05/2019,Kolkata,Banglore,CCU → BOM → BLR,08:25,04:40 10 May,20h 15m,1 stop,No info,13941
Air India,6/03/2019,Kolkata,Banglore,CCU → BLR,14:15,16:45,2h 30m,non-stop,No info,4960
IndiGo,12/04/2019,Kolkata,Banglore,CCU → BLR,15:30,18:05,2h 35m,non-stop,No info,4174
Jet Airways,6/06/2019,Delhi,Cochin,DEL → BOM → COK,19:45,19:00 07 Jun,23h 15m,1 stop,In-flight meal not included,10262
Jet Airways,27/03/2019,Mumbai,Hyderabad,BOM → HYD,02:55,04:25,1h 30m,non-stop,No info,5678
Jet Airways,09/03/2019,Banglore,New Delhi,BLR → BOM → DEL,21:25,07:40 13 Mar,10h 15m,1 stop,In-flight meal not included,7832
IndiGo,15/05/2019,Kolkata,Banglore,CCU → BLR,20:20,22:55,2h 35m,non-stop,No info,4804
Jet Airways,9/05/2019,Kolkata,Banglore,CCU → DEL → BLR,09:35,10:55 10 May,25h 20m,1 stop,In-flight meal not included,8066
Jet Airways,24/05/2019,Kolkata,Banglore,CCU → BOM → BLR,21:10,04:40 25 May,7h 30m,1 stop,No info,14178
Air Asia,24/05/2019,Kolkata,Banglore,CCU → BLR,22:50,01:20 25 May,2h 30m,non-stop,No info,4107
SpiceJet,24/06/2019,Delhi,Cochin,DEL → BLR → COK,17:55,22:50,4h 55m,1 stop,No info,4957
SpiceJet,9/06/2019,Chennai,Kolkata,MAA → CCU,08:20,10:35,2h 15m,non-stop,No check-in baggage included,3543
GoAir,27/04/2019,Delhi,Cochin,DEL → BOM → COK,10:35,19:35,9h,1 stop,No info,6922
Air Asia,6/03/2019,Kolkata,Banglore,CCU → BLR,19:35,22:05,2h 30m,non-stop,No info,4384
IndiGo,3/06/2019,Mumbai,Hyderabad,BOM → HYD,09:10,10:40,1h 30m,non-stop,No info,4049
SpiceJet,27/04/2019,Kolkata,Banglore,CCU → BLR,17:10,19:40,2h 30m,non-stop,No info,4174
IndiGo,3/06/2019,Delhi,Cochin,DEL → BOM → COK,11:25,21:00,9h 35m,1 stop,No info,6093
Jet Airways,9/06/2019,Mumbai,Hyderabad,BOM → HYD,10:20,11:50,1h 30m,non-stop,No info,5678
Air Asia,9/05/2019,Delhi,Cochin,DEL → BLR → COK,20:45,07:10 10 May,10h 25m,1 stop,No info,6751
IndiGo,01/03/2019,Banglore,New Delhi,BLR → DEL,10:05,13:00,2h 55m,non-stop,No info,10067
Air India,6/04/2019,Delhi,Cochin,DEL → COK,05:10,08:00,2h 50m,non-stop,No info,4729
Multiple carriers,24/06/2019,Delhi,Cochin,DEL → BOM → COK,08:30,19:00,10h 30m,1 stop,No info,10877
Jet Airways,27/03/2019,Delhi,Cochin,DEL → BOM → COK,23:05,04:25 28 Mar,5h 20m,1 stop,In-flight meal not included,7438
Jet Airways,18/05/2019,Banglore,Delhi,BLR → DEL,15:15,18:10,2h 55m,non-stop,No info,7229
Jet Airways,21/03/2019,Delhi,Cochin,DEL → BOM → COK,08:00,04:25 22 Mar,20h 25m,1 stop,No info,12767
Multiple carriers,6/06/2019,Delhi,Cochin,DEL → HYD → COK,09:45,22:30,12h 45m,1 stop,No info,9646
Jet Airways,9/05/2019,Delhi,Cochin,DEL → BOM → COK,22:50,04:25 10 May,5h 35m,1 stop,No info,15554
Jet Airways,6/05/2019,Delhi,Cochin,DEL → BOM → COK,22:50,12:35 07 May,13h 45m,1 stop,No info,15554
Jet Airways,9/06/2019,Delhi,Cochin,DEL → BOM → COK,22:50,04:25 10 Jun,5h 35m,1 stop,In-flight meal not included,10262
Jet Airways,9/03/2019,Delhi,Cochin,DEL → BOM → COK,16:00,18:50 10 Mar,26h 50m,1 stop,No info,16289
Jet Airways,18/05/2019,Kolkata,Banglore,CCU → BOM → BLR,16:30,23:35,7h 5m,1 stop,In-flight meal not included,10844
Jet Airways,9/06/2019,Delhi,Cochin,DEL → BOM → COK,09:00,19:00,10h,1 stop,No info,14714
Air India,15/05/2019,Delhi,Cochin,DEL → GOI → BOM → COK,10:55,07:40 16 May,20h 45m,2 stops,No info,12803
Jet Airways,3/03/2019,Delhi,Cochin,DEL → IDR → BOM → COK,05:25,04:25 04 Mar,23h,2 stops,No info,18799
Multiple carriers,9/05/2019,Delhi,Cochin,DEL → BOM → COK,12:50,01:30 10 May,12h 40m,1 stop,No info,34273
Jet Airways,21/03/2019,Banglore,New Delhi,BLR → BOM → DEL,08:55,23:00,14h 5m,1 stop,In-flight meal not included,6992
Multiple carriers,27/03/2019,Delhi,Cochin,DEL → BOM → COK,06:40,19:15,12h 35m,1 stop,No info,9100
Jet Airways,12/06/2019,Delhi,Cochin,DEL → NAG → BOM → COK,14:35,12:35 13 Jun,22h,2 stops,In-flight meal not included,10919
IndiGo,15/06/2019,Delhi,Cochin,DEL → BOM → COK,08:30,21:00,12h 30m,1 stop,No info,6416
IndiGo,27/05/2019,Mumbai,Hyderabad,BOM → HYD,02:35,04:05,1h 30m,non-stop,No info,2754
SpiceJet,18/03/2019,Banglore,New Delhi,BLR → DEL,20:30,23:20,2h 50m,non-stop,No info,4377
Jet Airways,9/03/2019,Mumbai,Hyderabad,BOM → HYD,06:30,08:00,1h 30m,non-stop,In-flight meal not included,4995
IndiGo,3/03/2019,Delhi,Cochin,DEL → BOM → COK,16:00,01:35 04 Mar,9h 35m,1 stop,No info,14871
Jet Airways,27/06/2019,Delhi,Cochin,DEL → IDR → BOM → COK,09:35,12:35 28 Jun,27h,2 stops,No info,13292
Multiple carriers,27/05/2019,Delhi,Cochin,DEL → BOM → COK,08:00,21:00,13h,1 stop,No info,7618
Jet Airways,9/05/2019,Delhi,Cochin,DEL → BOM → COK,11:30,04:25 10 May,16h 55m,1 stop,In-flight meal not included,12373
SpiceJet,18/04/2019,Kolkata,Banglore,CCU → BLR,09:00,11:25,2h 25m,non-stop,No check-in baggage included,3841
Air India,21/05/2019,Delhi,Cochin,DEL → JAI → BOM → COK,12:00,07:40 22 May,19h 40m,2 stops,No info,9653
Air India,6/05/2019,Kolkata,Banglore,CCU → BBI → BOM → BLR,12:00,07:55 07 May,19h 55m,2 stops,No info,10151
GoAir,1/05/2019,Kolkata,Banglore,CCU → BOM → BLR,23:30,07:45 02 May,8h 15m,1 stop,No info,6686
Jet Airways,24/03/2019,Kolkata,Banglore,CCU → BOM → BLR,21:10,22:35 25 Mar,25h 25m,1 stop,In-flight meal not included,10031
Jet Airways,24/04/2019,Banglore,Delhi,BLR → DEL,18:55,22:00,3h 5m,non-stop,In-flight meal not included,4544
Air India,1/04/2019,Kolkata,Banglore,CCU → DEL → VGA → BLR,07:00,10:00 02 Apr,27h,2 stops,No info,9836
Jet Airways,12/03/2019,Banglore,New Delhi,BLR → BOM → DEL,18:55,13:15 13 Mar,18h 20m,1 stop,No info,13817
SpiceJet,9/05/2019,Kolkata,Banglore,CCU → PNQ → BLR,08:35,17:15,8h 40m,1 stop,No info,6171
IndiGo,27/05/2019,Banglore,Delhi,BLR → DEL,16:55,19:55,3h,non-stop,No info,4823
Jet Airways,06/03/2019,Banglore,New Delhi,BLR → BOM → DEL,05:45,11:25,5h 40m,1 stop,No info,19225
Jet Airways,27/06/2019,Delhi,Cochin,DEL → BOM → COK,02:15,12:35,10h 20m,1 stop,In-flight meal not included,10262
GoAir,01/03/2019,Banglore,New Delhi,BLR → DEL,20:55,23:50,2h 55m,non-stop,No info,18558
Multiple carriers,3/03/2019,Delhi,Cochin,DEL → BOM → COK,07:05,21:00,13h 55m,1 stop,No info,17057
Jet Airways,9/03/2019,Delhi,Cochin,DEL → IXC → BOM → COK,13:45,18:50 10 Mar,29h 5m,2 stops,No info,18752
Jet Airways,21/05/2019,Delhi,Cochin,DEL → BOM → COK,19:45,19:00 22 May,23h 15m,1 stop,No info,16079
SpiceJet,21/06/2019,Banglore,Delhi,BLR → DEL,05:55,08:35,2h 40m,non-stop,No info,3971
Jet Airways,6/05/2019,Kolkata,Banglore,CCU → BOM → BLR,20:00,10:05 07 May,14h 5m,1 stop,No info,14388
Multiple carriers,27/05/2019,Delhi,Cochin,DEL → BOM → COK,10:20,19:15,8h 55m,1 stop,No info,9316
Jet Airways,24/05/2019,Kolkata,Banglore,CCU → BOM → BLR,21:10,12:00 25 May,14h 50m,1 stop,In-flight meal not included,9663
IndiGo,3/06/2019,Chennai,Kolkata,MAA → CCU,13:15,15:35,2h 20m,non-stop,No info,3597
Vistara,1/05/2019,Kolkata,Banglore,CCU → DEL → BLR,20:20,09:05 02 May,12h 45m,1 stop,No info,8452
Multiple carriers,15/05/2019,Delhi,Cochin,DEL → BOM → COK,04:55,19:00,14h 5m,1 stop,No info,9103
IndiGo,9/04/2019,Delhi,Cochin,DEL → BOM → COK,11:25,01:30 10 Apr,14h 5m,1 stop,No info,6270
Jet Airways,9/04/2019,Delhi,Cochin,DEL → BOM → COK,20:55,12:35 10 Apr,15h 40m,1 stop,No info,11822
Jet Airways,24/03/2019,Kolkata,Banglore,CCU → BOM → BLR,21:10,18:10 25 Mar,21h,1 stop,No info,13759
Jet Airways,18/03/2019,Banglore,New Delhi,BLR → BOM → DEL,11:40,08:15 16 Mar,20h 35m,1 stop,No info,12284
Multiple carriers,24/05/2019,Delhi,Cochin,DEL → BOM → COK,13:00,21:00,8h,1 stop,No info,14067
Jet Airways,1/05/2019,Kolkata,Banglore,CCU → DEL → BLR,17:00,21:05 02 May,28h 5m,1 stop,No info,12121
Multiple carriers,27/05/2019,Delhi,Cochin,DEL → BOM → COK,08:00,19:00,11h,1 stop,No info,10407
Jet Airways,27/06/2019,Banglore,Delhi,BLR → DEL,06:00,08:45,2h 45m,non-stop,In-flight meal not included,6478
IndiGo,9/03/2019,Chennai,Kolkata,MAA → CCU,17:05,19:40,2h 35m,non-stop,No info,6297
SpiceJet,21/05/2019,Kolkata,Banglore,CCU → BLR,17:10,19:40,2h 30m,non-stop,No info,3873
IndiGo,9/03/2019,Chennai,Kolkata,MAA → CCU,13:20,15:35,2h 15m,non-stop,No info,6297
Air Asia,1/04/2019,Kolkata,Banglore,CCU → DEL → BLR,07:35,19:25,11h 50m,1 stop,No info,5192
Air Asia,12/05/2019,Banglore,Delhi,BLR → DEL,11:10,13:55,2h 45m,non-stop,No info,3383
Jet Airways,9/05/2019,Delhi,Cochin,DEL → BOM → COK,20:55,04:25 10 May,7h 30m,1 stop,In-flight meal not included,12373
Jet Airways,01/03/2019,Banglore,New Delhi,BLR → BOM → DEL,22:50,19:10 02 Mar,20h 20m,1 stop,No info,25735
IndiGo,21/06/2019,Banglore,Delhi,BLR → DEL,20:00,22:50,2h 50m,non-stop,No info,4823
Jet Airways,09/03/2019,Banglore,New Delhi,BLR → BOM → DEL,07:00,20:20,13h 20m,1 stop,In-flight meal not included,11087
Air India,18/06/2019,Mumbai,Hyderabad,BOM → HYD,13:55,15:25,1h 30m,non-stop,No info,3100
Multiple carriers,1/06/2019,Delhi,Cochin,DEL → BOM → COK,12:50,01:30 02 Jun,12h 40m,1 stop,No info,6795
IndiGo,9/03/2019,Delhi,Cochin,DEL → TRV → COK,21:05,01:45 10 Mar,4h 40m,1 stop,No info,6937
Multiple carriers,12/06/2019,Delhi,Cochin,DEL → BOM → COK,14:00,21:00,7h,1 stop,No info,13587
Air India,9/03/2019,Delhi,Cochin,DEL → AMD → BOM → COK,05:00,19:15 10 Mar,38h 15m,2 stops,No info,10598
Jet Airways,15/05/2019,Kolkata,Banglore,CCU → BOM → BLR,08:25,18:15,9h 50m,1 stop,In-flight meal not included,10844
Multiple carriers,12/06/2019,Delhi,Cochin,DEL → BOM → COK,15:15,01:30 13 Jun,10h 15m,1 stop,No info,6795
Jet Airways,6/04/2019,Banglore,Delhi,BLR → DEL,15:15,18:10,2h 55m,non-stop,In-flight meal not included,5198
Air Asia,12/05/2019,Kolkata,Banglore,CCU → DEL → BLR,07:35,23:30,15h 55m,1 stop,No info,5320
IndiGo,21/05/2019,Banglore,Delhi,BLR → DEL,21:15,00:15 22 May,3h,non-stop,No info,3943
IndiGo,21/04/2019,Banglore,Delhi,BLR → DEL,16:55,19:55,3h,non-stop,No info,4990
Jet Airways,15/05/2019,Kolkata,Banglore,CCU → DEL → BLR,20:25,09:45 16 May,13h 20m,1 stop,In-flight meal not included,12384
IndiGo,1/06/2019,Banglore,Delhi,BLR → DEL,04:00,06:50,2h 50m,non-stop,No info,3943
Air India,12/06/2019,Banglore,Delhi,BLR → DEL,06:10,08:55,2h 45m,non-stop,No info,6961
SpiceJet,15/05/2019,Chennai,Kolkata,MAA → CCU,17:45,20:05,2h 20m,non-stop,No check-in baggage included,3543
Air India,03/03/2019,Banglore,New Delhi,BLR → DEL,13:20,16:10,2h 50m,non-stop,No info,12841
Multiple carriers,1/05/2019,Delhi,Cochin,DEL → BOM → COK,07:30,19:00,11h 30m,1 stop,No info,9794
IndiGo,24/05/2019,Kolkata,Banglore,CCU → BLR,20:20,22:55,2h 35m,non-stop,No info,4804
Multiple carriers,3/06/2019,Delhi,Cochin,DEL → BOM → COK,07:30,19:00,11h 30m,1 stop,No info,10877
Multiple carriers,3/03/2019,Delhi,Cochin,DEL → BOM → COK,02:15,11:30,9h 15m,1 stop,No info,17057
Air Asia,9/06/2019,Kolkata,Banglore,CCU → DEL → BLR,22:40,10:40 10 Jun,12h,1 stop,No info,11323
SpiceJet,03/03/2019,Banglore,New Delhi,BLR → DEL,05:45,08:35,2h 50m,non-stop,No info,6860
GoAir,27/05/2019,Banglore,Delhi,BLR → DEL,20:55,23:40,2h 45m,non-stop,No info,3419
Vistara,6/06/2019,Banglore,Delhi,BLR → DEL,09:45,12:35,2h 50m,non-stop,No info,4668
Air India,9/04/2019,Kolkata,Banglore,CCU → MAA → BLR,14:35,14:35 10 Apr,24h,1 stop,No info,5006
GoAir,12/05/2019,Banglore,Delhi,BLR → DEL,07:45,10:40,2h 55m,non-stop,No info,3898
IndiGo,3/04/2019,Mumbai,Hyderabad,BOM → HYD,16:55,18:25,1h 30m,non-stop,No info,3175
IndiGo,6/03/2019,Delhi,Cochin,DEL → HYD → COK,11:55,22:20,10h 25m,1 stop,No info,6442
IndiGo,24/03/2019,Kolkata,Banglore,CCU → BLR,20:25,23:05,2h 40m,non-stop,No info,8872
Jet Airways,3/05/2019,Banglore,Delhi,BLR → DEL,08:20,11:20,3h,non-stop,No info,7229
Vistara,03/03/2019,Banglore,New Delhi,BLR → DEL,21:10,00:05 04 Mar,2h 55m,non-stop,No info,7608
Jet Airways,6/06/2019,Kolkata,Banglore,CCU → BOM → BLR,20:00,08:15 07 Jun,12h 15m,1 stop,In-flight meal not included,10844
IndiGo,3/06/2019,Delhi,Cochin,DEL → BLR → COK,17:05,22:25,5h 20m,1 stop,No info,6493
Jet Airways,24/05/2019,Kolkata,Banglore,CCU → BOM → BLR,18:55,04:40 25 May,9h 45m,1 stop,No info,13731
Jet Airways,21/05/2019,Delhi,Cochin,DEL → BOM → COK,17:30,04:25 22 May,10h 55m,1 stop,In-flight meal not included,12898
Air India,18/05/2019,Kolkata,Banglore,CCU → BLR,20:45,23:20,2h 35m,non-stop,No info,4880
GoAir,9/06/2019,Delhi,Cochin,DEL → BOM → COK,07:00,12:55,5h 55m,1 stop,No info,5897
Jet Airways,12/05/2019,Kolkata,Banglore,CCU → BOM → BLR,16:30,20:45 13 May,28h 15m,1 stop,In-flight meal not included,10844
SpiceJet,27/05/2019,Delhi,Cochin,DEL → BLR → COK,17:55,22:50,4h 55m,1 stop,No info,5673
Multiple carriers,12/06/2019,Delhi,Cochin,DEL → BOM → COK,13:00,21:00,8h,1 stop,No info,7408
IndiGo,9/06/2019,Banglore,Delhi,BLR → DEL,16:55,19:45,2h 50m,non-stop,No info,4823
Jet Airways,27/05/2019,Delhi,Cochin,DEL → BOM → COK,14:00,19:00,5h,1 stop,In-flight meal not included,12898
Jet Airways,01/03/2019,Banglore,New Delhi,BLR → BOM → DEL,05:45,15:15,9h 30m,1 stop,No info,26890
SpiceJet,24/06/2019,Chennai,Kolkata,MAA → CCU,08:20,10:35,2h 15m,non-stop,No info,3597
Multiple carriers Premium economy,21/03/2019,Delhi,Cochin,DEL → BOM → COK,06:00,13:20,7h 20m,1 stop,No info,11269
Air Asia,15/04/2019,Banglore,Delhi,BLR → DEL,23:55,02:45 16 Apr,2h 50m,non-stop,No info,4483
Multiple carriers,27/03/2019,Delhi,Cochin,DEL → BOM → COK,07:00,21:00,14h,1 stop,No info,6358
Multiple carriers,6/03/2019,Delhi,Cochin,DEL → BOM → COK,15:15,01:35 07 Mar,10h 20m,1 stop,No info,15147
IndiGo,12/04/2019,Banglore,Delhi,BLR → DEL,18:55,21:50,2h 55m,non-stop,No info,5780
Jet Airways,3/06/2019,Mumbai,Hyderabad,BOM → HYD,07:05,08:30,1h 25m,non-stop,In-flight meal not included,4995
Jet Airways,24/03/2019,Kolkata,Banglore,CCU → BOM → BLR,08:25,18:10,9h 45m,1 stop,No info,13759
Jet Airways,9/06/2019,Delhi,Cochin,DEL → BOM → COK,21:50,04:25 10 Jun,6h 35m,1 stop,In-flight meal not included,10262
Jet Airways,1/06/2019,Delhi,Cochin,DEL → BOM → COK,13:00,19:00,6h,1 stop,In-flight meal not included,10262
Jet Airways,27/06/2019,Mumbai,Hyderabad,BOM → HYD,07:05,08:30,1h 25m,non-stop,No info,8040
SpiceJet,18/06/2019,Banglore,Delhi,BLR → DEL,05:55,08:35,2h 40m,non-stop,No info,3625
Multiple carriers,3/06/2019,Delhi,Cochin,DEL → BOM → COK,10:00,21:00,11h,1 stop,No info,9718
Jet Airways,24/06/2019,Banglore,Delhi,BLR → DEL,06:00,08:45,2h 45m,non-stop,In-flight meal not included,5769
Jet Airways,9/06/2019,Kolkata,Banglore,CCU → DEL → BLR,17:00,18:00 10 Jun,25h,1 stop,No info,14151
IndiGo,21/03/2019,Delhi,Cochin,DEL → HYD → COK,08:35,22:20,13h 45m,1 stop,No info,6790
Multiple carriers,1/06/2019,Delhi,Cochin,DEL → BOM → COK,06:40,19:15,12h 35m,1 stop,No info,8937
Jet Airways,15/03/2019,Banglore,New Delhi,BLR → BOM → DEL,07:00,15:15,8h 15m,1 stop,In-flight meal not included,9134
SpiceJet,21/03/2019,Delhi,Cochin,DEL → BLR → COK,16:35,22:50,6h 15m,1 stop,No info,4957
Jet Airways,24/03/2019,Kolkata,Banglore,CCU → BOM → BLR,06:30,12:00,5h 30m,1 stop,In-flight meal not included,7826
Multiple carriers,21/05/2019,Delhi,Cochin,DEL → BOM → COK,10:35,19:15,8h 40m,1 stop,No info,7575
Jet Airways,6/06/2019,Kolkata,Banglore,CCU → BOM → BLR,16:30,22:35,6h 5m,1 stop,In-flight meal not included,10844
SpiceJet,6/06/2019,Chennai,Kolkata,MAA → CCU,17:45,20:05,2h 20m,non-stop,No check-in baggage included,3543
Jet Airways,6/05/2019,Banglore,Delhi,BLR → DEL,18:55,22:00,3h 5m,non-stop,No info,7229
IndiGo,27/06/2019,Banglore,Delhi,BLR → DEL,07:10,10:05,2h 55m,non-stop,No info,4823
SpiceJet,3/04/2019,Banglore,Delhi,BLR → DEL,21:10,00:05 04 Apr,2h 55m,non-stop,No check-in baggage included,3919
Air India,18/05/2019,Delhi,Cochin,DEL → GOI → BOM → COK,22:00,19:15 19 May,21h 15m,2 stops,No info,11228
IndiGo,1/06/2019,Delhi,Cochin,DEL → BOM → COK,07:30,21:00,13h 30m,1 stop,No info,6416
Jet Airways,27/06/2019,Delhi,Cochin,DEL → COK,11:00,14:15,3h 15m,non-stop,In-flight meal not included,7202
SpiceJet,12/04/2019,Banglore,Delhi,BLR → DEL,05:55,08:35,2h 40m,non-stop,No check-in baggage included,4319
IndiGo,24/06/2019,Delhi,Cochin,DEL → BOM → COK,18:35,01:30 25 Jun,6h 55m,1 stop,No info,5883
Jet Airways,24/03/2019,Banglore,New Delhi,BLR → DEL,19:55,22:35,2h 40m,non-stop,No info,8016
IndiGo,27/05/2019,Kolkata,Banglore,CCU → BLR,11:30,14:05,2h 35m,non-stop,No info,5224
SpiceJet,18/06/2019,Kolkata,Banglore,CCU → BLR,22:20,00:40 19 Jun,2h 20m,non-stop,No check-in baggage included,3841
IndiGo,15/06/2019,Kolkata,Banglore,CCU → BLR,09:35,12:10,2h 35m,non-stop,No info,5644
SpiceJet,12/04/2019,Kolkata,Banglore,CCU → BLR,22:20,00:40 13 Apr,2h 20m,non-stop,No info,3873
Jet Airways,9/04/2019,Banglore,Delhi,BLR → DEL,07:10,10:10,3h,non-stop,No info,7229
IndiGo,18/05/2019,Kolkata,Banglore,CCU → MAA → BLR,08:10,13:00,4h 50m,1 stop,No info,5279
Jet Airways,24/03/2019,Kolkata,Banglore,CCU → BOM → BLR,13:55,19:40,5h 45m,1 stop,No info,14231
Jet Airways,9/06/2019,Delhi,Cochin,DEL → BOM → COK,22:50,19:00 10 Jun,20h 10m,1 stop,No info,14714
Jet Airways,6/05/2019,Kolkata,Banglore,CCU → DEL → BLR,20:25,18:00 07 May,21h 35m,1 stop,No info,11467
IndiGo,27/06/2019,Delhi,Cochin,DEL → BLR → COK,15:10,20:00,4h 50m,1 stop,No info,6147
Multiple carriers,27/03/2019,Delhi,Cochin,DEL → BOM → COK,10:00,21:00,11h,1 stop,No info,6883
Air India,1/04/2019,Kolkata,Banglore,CCU → GAU → DEL → BLR,16:45,12:00 02 Apr,19h 15m,2 stops,No info,9920
SpiceJet,9/06/2019,Kolkata,Banglore,CCU → IXB → BLR,15:55,21:25,5h 30m,1 stop,No info,9158
Jet Airways,24/05/2019,Kolkata,Banglore,CCU → DEL → BLR,09:35,09:45 25 May,24h 10m,1 stop,No info,13067
Air India,9/03/2019,Delhi,Cochin,DEL → CCU → BOM → COK,20:15,19:15 10 Mar,23h,2 stops,No info,19681
Air India,12/06/2019,Kolkata,Banglore,CCU → BBI → BOM → BLR,12:00,07:55 13 Jun,19h 55m,2 stops,No info,9416
Air Asia,6/03/2019,Kolkata,Banglore,CCU → BLR,22:50,01:20 07 Mar,2h 30m,non-stop,No info,4384
Jet Airways,3/06/2019,Banglore,Delhi,BLR → DEL,11:10,14:05,2h 55m,non-stop,In-flight meal not included,5769
Jet Airways,6/06/2019,Kolkata,Banglore,CCU → DEL → BLR,09:35,14:25 07 Jun,28h 50m,1 stop,No info,12692
SpiceJet,15/03/2019,Kolkata,Banglore,CCU → BLR,17:15,19:45,2h 30m,non-stop,No check-in baggage included,3815
Jet Airways,27/06/2019,Banglore,Delhi,BLR → DEL,15:15,18:10,2h 55m,non-stop,No info,8016
Jet Airways,12/05/2019,Mumbai,Hyderabad,BOM → HYD,19:35,21:05,1h 30m,non-stop,No info,5678
IndiGo,12/04/2019,Kolkata,Banglore,CCU → BLR,15:15,17:45,2h 30m,non-stop,No info,4174
IndiGo,18/06/2019,Kolkata,Banglore,CCU → BLR,17:15,19:50,2h 35m,non-stop,No info,4804
Multiple carriers,1/06/2019,Delhi,Cochin,DEL → BOM → COK,09:00,19:00,10h,1 stop,No info,12717
IndiGo,18/05/2019,Delhi,Cochin,DEL → HYD → COK,05:05,12:10,7h 5m,1 stop,No info,7520
Jet Airways,27/06/2019,Delhi,Cochin,DEL → AMD → BOM → COK,19:10,12:35 28 Jun,17h 25m,2 stops,In-flight meal not included,11150
SpiceJet,18/05/2019,Mumbai,Hyderabad,BOM → HYD,22:45,00:15 19 May,1h 30m,non-stop,No check-in baggage included,1965
Jet Airways,01/03/2019,Banglore,New Delhi,BLR → BOM → DEL,11:40,09:30 02 Mar,21h 50m,1 stop,No info,25735
Multiple carriers,27/06/2019,Delhi,Cochin,DEL → IXU → BOM → COK,17:50,01:30 28 Jun,7h 40m,2 stops,No info,18275
SpiceJet,18/05/2019,Banglore,Delhi,BLR → DEL,09:30,12:20,2h 50m,non-stop,No check-in baggage included,4319
Jet Airways,12/06/2019,Banglore,Delhi,BLR → DEL,19:50,22:50,3h,non-stop,In-flight meal not included,5769
IndiGo,15/04/2019,Delhi,Cochin,DEL → HYD → COK,05:05,16:10,11h 5m,1 stop,No info,6171
Jet Airways,6/06/2019,Banglore,Delhi,BLR → DEL,17:45,20:45,3h,non-stop,No info,8016
Jet Airways,15/06/2019,Delhi,Cochin,DEL → JAI → BOM → COK,05:30,04:25 16 Jun,22h 55m,2 stops,No info,13014
Jet Airways,9/03/2019,Delhi,Cochin,DEL → JDH → BOM → COK,13:55,04:25 10 Mar,14h 30m,2 stops,No info,17229
Jet Airways,9/06/2019,Kolkata,Banglore,CCU → BOM → BLR,21:10,10:05 10 Jun,12h 55m,1 stop,No info,14939
IndiGo,24/05/2019,Chennai,Kolkata,MAA → CCU,14:45,17:05,2h 20m,non-stop,No info,3858
IndiGo,3/06/2019,Chennai,Kolkata,MAA → CCU,05:15,07:40,2h 25m,non-stop,No info,3540
IndiGo,15/05/2019,Delhi,Cochin,DEL → BLR → COK,15:10,20:00,4h 50m,1 stop,No info,6027
Vistara,9/05/2019,Banglore,Delhi,BLR → DEL,17:00,19:35,2h 35m,non-stop,No info,4878
Vistara,6/05/2019,Kolkata,Banglore,CCU → DEL → BLR,20:20,20:20 07 May,24h,1 stop,No info,8610
Jet Airways,18/05/2019,Kolkata,Banglore,CCU → BOM → BLR,14:05,22:35,8h 30m,1 stop,In-flight meal not included,10844
IndiGo,15/04/2019,Kolkata,Banglore,CCU → BLR,21:25,00:05 16 Apr,2h 40m,non-stop,No info,4174
Jet Airways,24/05/2019,Kolkata,Banglore,CCU → BOM → BLR,14:05,04:40 25 May,14h 35m,1 stop,In-flight meal not included,8586
Jet Airways,18/05/2019,Delhi,Cochin,DEL → AMD → BOM → COK,13:25,12:35 19 May,23h 10m,2 stops,No info,15129
Air Asia,27/03/2019,Delhi,Cochin,DEL → BLR → COK,07:55,15:45,7h 50m,1 stop,No info,6151
Jet Airways,12/05/2019,Banglore,Delhi,BLR → DEL,18:55,22:00,3h 5m,non-stop,In-flight meal not included,4030
IndiGo,27/04/2019,Banglore,Delhi,BLR → DEL,10:10,13:00,2h 50m,non-stop,No info,4423
Jet Airways,27/05/2019,Delhi,Cochin,DEL → BOM → COK,17:30,19:00 28 May,25h 30m,1 stop,In-flight meal not included,12898
Jet Airways,6/05/2019,Banglore,Delhi,BLR → DEL,17:45,20:45,3h,non-stop,No info,7229
Jet Airways,09/03/2019,Banglore,New Delhi,BLR → BOM → DEL,08:00,09:30 13 Mar,25h 30m,1 stop,In-flight meal not included,11087
Air India,3/04/2019,Kolkata,Banglore,CCU → BBI → HYD → BLR,09:10,04:40 04 Apr,19h 30m,2 stops,No info,4647
Jet Airways,1/04/2019,Kolkata,Banglore,CCU → BOM → BLR,21:10,04:40 02 Apr,7h 30m,1 stop,No info,13364
Multiple carriers,6/06/2019,Delhi,Cochin,DEL → BOM → COK,11:25,19:15,7h 50m,1 stop,No info,7354
IndiGo,24/06/2019,Kolkata,Banglore,CCU → BLR,15:15,17:45,2h 30m,non-stop,No info,4804
GoAir,9/04/2019,Delhi,Cochin,DEL → AMD → COK,07:25,13:20,5h 55m,1 stop,No info,4106
Multiple carriers,6/03/2019,Delhi,Cochin,DEL → BOM → COK,04:45,18:50,14h 5m,1 stop,No info,13875
Vistara,12/06/2019,Kolkata,Banglore,CCU → DEL → BLR,07:10,18:50,11h 40m,1 stop,No info,8610
Jet Airways,9/05/2019,Delhi,Cochin,DEL → BOM → COK,15:00,19:00 10 May,28h,1 stop,In-flight meal not included,12373
Multiple carriers,6/03/2019,Delhi,Cochin,DEL → BOM → COK,18:00,01:35 07 Mar,7h 35m,1 stop,No info,16863
Jet Airways,27/06/2019,Delhi,Cochin,DEL → AMD → BOM → COK,23:05,04:25 29 Jun,29h 20m,2 stops,In-flight meal not included,11150
Multiple carriers,15/06/2019,Delhi,Cochin,DEL → BOM → COK,08:00,19:00,11h,1 stop,No info,12192
Jet Airways,6/06/2019,Delhi,Cochin,DEL → BOM → COK,19:15,04:25 07 Jun,9h 10m,1 stop,In-flight meal not included,10262
Multiple carriers,6/06/2019,Delhi,Cochin,DEL → BOM → COK,11:40,01:30 07 Jun,13h 50m,1 stop,No info,6795
IndiGo,27/05/2019,Mumbai,Hyderabad,BOM → HYD,06:25,07:55,1h 30m,non-stop,No info,4049
Air India,21/05/2019,Delhi,Cochin,DEL → BLR → COK,17:40,08:15 22 May,14h 35m,1 stop,No info,8151
Jet Airways,12/03/2019,Banglore,New Delhi,BLR → BOM → DEL,21:25,15:15 13 Mar,17h 50m,1 stop,No info,13817
Multiple carriers,24/06/2019,Delhi,Cochin,DEL → BOM → COK,15:00,01:30 25 Jun,10h 30m,1 stop,No info,13377
Air Asia,3/06/2019,Banglore,Delhi,BLR → DEL,11:10,13:55,2h 45m,non-stop,No info,4483
IndiGo,27/03/2019,Delhi,Cochin,DEL → HYD → MAA → COK,11:55,21:20,9h 25m,2 stops,No info,6494
Jet Airways,06/03/2019,Banglore,New Delhi,BLR → BOM → DEL,14:05,09:30 07 Mar,19h 25m,1 stop,No info,17261
Jet Airways,24/05/2019,Mumbai,Hyderabad,BOM → HYD,19:35,21:05,1h 30m,non-stop,In-flight meal not included,3210
Jet Airways,3/03/2019,Mumbai,Hyderabad,BOM → HYD,02:55,04:25,1h 30m,non-stop,No info,5678
Air India,12/05/2019,Kolkata,Banglore,CCU → BOM → BLR,09:25,11:10 13 May,25h 45m,1 stop,No info,8891
Vistara,24/03/2019,Kolkata,Banglore,CCU → DEL → BLR,09:55,18:45,8h 50m,1 stop,No info,16092
Jet Airways,6/04/2019,Banglore,Delhi,BLR → DEL,18:55,22:00,3h 5m,non-stop,In-flight meal not included,4544
Multiple carriers,27/03/2019,Delhi,Cochin,DEL → HYD → COK,13:05,22:20,9h 15m,1 stop,No info,6076
Air Asia,18/05/2019,Banglore,Delhi,BLR → DEL,11:10,13:55,2h 45m,non-stop,No info,4483
Multiple carriers,9/06/2019,Delhi,Cochin,DEL → BOM → COK,10:00,01:30 10 Jun,15h 30m,1 stop,No info,7198
IndiGo,6/05/2019,Banglore,Delhi,BLR → DEL,07:10,10:05,2h 55m,non-stop,No info,4823
Jet Airways,12/03/2019,Banglore,New Delhi,BLR → BOM → DEL,22:55,10:25 13 Mar,11h 30m,1 stop,No info,13817
Air India,21/03/2019,Delhi,Cochin,DEL → CCU → BOM → COK,06:50,07:40 22 Mar,24h 50m,2 stops,No info,11071
Air India,6/03/2019,Mumbai,Hyderabad,BOM → COK → MAA → HYD,05:30,22:00,16h 30m,2 stops,No info,9678
IndiGo,12/06/2019,Kolkata,Banglore,CCU → BLR,17:15,19:50,2h 35m,non-stop,No info,4804
IndiGo,01/03/2019,Banglore,New Delhi,BLR → DEL,16:55,19:45,2h 50m,non-stop,No info,12649
Jet Airways,12/05/2019,Kolkata,Banglore,CCU → BOM → BLR,21:10,12:00 13 May,14h 50m,1 stop,In-flight meal not included,9663
Air India,27/03/2019,Delhi,Cochin,DEL → BOM → COK,08:00,19:15,11h 15m,1 stop,No info,7199
Jet Airways,6/04/2019,Delhi,Cochin,DEL → BOM → COK,08:00,19:00,11h,1 stop,In-flight meal not included,5406
IndiGo,27/05/2019,Banglore,Delhi,BLR → DEL,18:25,21:20,2h 55m,non-stop,No info,4823
Air India,6/06/2019,Delhi,Cochin,DEL → CCU → BOM → COK,16:55,19:15 07 Jun,26h 20m,2 stops,No info,13591
Air India,12/05/2019,Kolkata,Banglore,CCU → GAU → DEL → BLR,16:45,16:15 13 May,23h 30m,2 stops,No info,13437
Air Asia,21/03/2019,Kolkata,Banglore,CCU → BLR,10:20,12:55,2h 35m,non-stop,No info,4082
Air India,21/03/2019,Delhi,Cochin,DEL → MAA → COK,06:05,09:25 22 Mar,27h 20m,1 stop,No info,7532
Jet Airways,1/05/2019,Kolkata,Banglore,CCU → DEL → BLR,17:00,14:25 02 May,21h 25m,1 stop,In-flight meal not included,9314
Jet Airways,15/06/2019,Delhi,Cochin,DEL → BOM → COK,11:30,19:00,7h 30m,1 stop,In-flight meal not included,10262
SpiceJet,15/06/2019,Banglore,Delhi,BLR → DEL,09:30,12:20,2h 50m,non-stop,No check-in baggage included,4885
IndiGo,27/04/2019,Banglore,Delhi,BLR → DEL,21:15,00:15 28 Apr,3h,non-stop,No info,3943
IndiGo,27/06/2019,Banglore,Delhi,BLR → DEL,18:25,21:20,2h 55m,non-stop,No info,4823
Multiple carriers,15/06/2019,Delhi,Cochin,DEL → BOM → COK,10:00,19:00,9h,1 stop,No info,13504
Jet Airways,27/05/2019,Delhi,Cochin,DEL → JAI → BOM → COK,05:30,04:25 28 May,22h 55m,2 stops,No info,15129
Multiple carriers,15/06/2019,Delhi,Cochin,DEL → BOM → COK,12:50,21:00,8h 10m,1 stop,No info,7005
SpiceJet,24/04/2019,Kolkata,Banglore,CCU → BLR,06:55,09:30,2h 35m,non-stop,No check-in baggage included,3841
Jet Airways,12/05/2019,Kolkata,Banglore,CCU → DEL → BLR,20:25,21:05 13 May,24h 40m,1 stop,No info,12121
IndiGo,3/05/2019,Banglore,Delhi,BLR → DEL,01:30,04:15,2h 45m,non-stop,No info,3943
Air India,15/06/2019,Delhi,Cochin,DEL → HYD → BOM → COK,13:15,19:15 16 Jun,30h,2 stops,No info,12182
Air Asia,9/06/2019,Banglore,Delhi,BLR → DEL,23:55,02:45 10 Jun,2h 50m,non-stop,No info,7120
Air India,06/03/2019,Banglore,New Delhi,BLR → MAA → DEL,11:50,08:55 07 Mar,21h 5m,1 stop,No info,14594
Multiple carriers,9/05/2019,Delhi,Cochin,DEL → BOM → COK,11:25,19:00,7h 35m,1 stop,No info,9103
Jet Airways,1/06/2019,Delhi,Cochin,DEL → JDH → BOM → COK,11:40,19:00,7h 20m,2 stops,No info,18804
Jet Airways,21/03/2019,Delhi,Cochin,DEL → BDQ → BOM → COK,10:45,18:50,8h 5m,2 stops,In-flight meal not included,8367
Jet Airways,18/03/2019,Banglore,New Delhi,BLR → BOM → DEL,14:05,19:10,5h 5m,1 stop,No info,14815
IndiGo,27/05/2019,Delhi,Cochin,DEL → HYD → COK,11:55,22:30,10h 35m,1 stop,No info,6442
Air India,01/03/2019,Banglore,New Delhi,BLR → BOM → BHO → DEL,08:50,09:25 02 Mar,24h 35m,2 stops,No info,25430
Jet Airways,21/05/2019,Delhi,Cochin,DEL → JAI → BOM → COK,05:30,04:25 22 May,22h 55m,2 stops,No info,15129
Jet Airways,12/03/2019,Banglore,New Delhi,BLR → BDQ → DEL,05:50,15:00,9h 10m,1 stop,No info,11297
IndiGo,6/06/2019,Delhi,Cochin,DEL → LKO → COK,21:50,03:35 07 Jun,5h 45m,1 stop,No info,6195
Jet Airways,15/06/2019,Banglore,Delhi,BLR → DEL,19:50,22:50,3h,non-stop,In-flight meal not included,7229
Jet Airways,6/05/2019,Kolkata,Banglore,CCU → BOM → BLR,20:00,10:05 07 May,14h 5m,1 stop,In-flight meal not included,9663
Jet Airways,12/03/2019,Banglore,New Delhi,BLR → BOM → DEL,18:55,10:25 13 Mar,15h 30m,1 stop,No info,13817
Jet Airways,12/06/2019,Delhi,Cochin,DEL → BOM → COK,02:15,12:35,10h 20m,1 stop,No info,18371
Air Asia,6/06/2019,Kolkata,Banglore,CCU → DEL → BLR,22:40,10:40 07 Jun,12h,1 stop,No info,6810
Air India,6/06/2019,Delhi,Cochin,DEL → GOI → BOM → COK,10:55,07:40 07 Jun,20h 45m,2 stops,No info,11753
Jet Airways,9/06/2019,Kolkata,Banglore,CCU → BOM → BLR,21:10,10:05 10 Jun,12h 55m,1 stop,In-flight meal not included,11841
IndiGo,6/05/2019,Banglore,Delhi,BLR → DEL,20:00,22:50,2h 50m,non-stop,No info,4823
Jet Airways,18/06/2019,Banglore,Delhi,BLR → DEL,15:50,18:45,2h 55m,non-stop,No info,8016
Multiple carriers,9/05/2019,Delhi,Cochin,DEL → BOM → COK,09:00,19:00,10h,1 stop,No info,10197
Jet Airways,18/05/2019,Kolkata,Banglore,CCU → BOM → BLR,20:00,18:15 19 May,22h 15m,1 stop,In-flight meal not included,10844
IndiGo,18/05/2019,Delhi,Cochin,DEL → HYD → COK,06:50,22:30,15h 40m,1 stop,No info,7144
Air India,6/05/2019,Kolkata,Banglore,CCU → BBI → BOM → BLR,12:00,11:10 07 May,23h 10m,2 stops,No info,10676
Jet Airways,9/05/2019,Mumbai,Hyderabad,BOM → HYD,10:20,11:50,1h 30m,non-stop,In-flight meal not included,4995
Jet Airways,21/03/2019,Banglore,New Delhi,BLR → DEL,19:55,22:35,2h 40m,non-stop,No info,7229
Multiple carriers,12/06/2019,Delhi,Cochin,DEL → BOM → COK,10:20,19:00,8h 40m,1 stop,No info,11789
Vistara,21/05/2019,Kolkata,Banglore,CCU → DEL → BLR,20:20,22:40 22 May,26h 20m,1 stop,No info,8452
Air India,27/03/2019,Delhi,Cochin,DEL → AMD → BOM → COK,16:40,19:15 28 Mar,26h 35m,2 stops,No info,8656
IndiGo,1/04/2019,Delhi,Cochin,DEL → COK,14:20,17:35,3h 15m,non-stop,No info,4729
Air India,1/06/2019,Banglore,Delhi,BLR → DEL,21:05,23:55,2h 50m,non-stop,No info,5228
Multiple carriers,24/06/2019,Delhi,Cochin,DEL → BOM → COK,11:40,01:30 25 Jun,13h 50m,1 stop,In-flight meal not included,5797
IndiGo,15/05/2019,Banglore,Delhi,BLR → DEL,06:05,08:50,2h 45m,non-stop,No info,4423
IndiGo,18/05/2019,Banglore,Delhi,BLR → DEL,01:30,04:15,2h 45m,non-stop,No info,5780
Air India,24/03/2019,Kolkata,Banglore,CCU → BLR,20:45,23:20,2h 35m,non-stop,No info,31945
Jet Airways,27/06/2019,Delhi,Cochin,DEL → BOM → COK,19:15,12:35 28 Jun,17h 20m,1 stop,In-flight meal not included,10262
Jet Airways,3/06/2019,Delhi,Cochin,DEL → BOM → COK,11:30,04:25 04 Jun,16h 55m,1 stop,In-flight meal not included,11627
Multiple carriers,24/05/2019,Delhi,Cochin,DEL → BOM → COK,19:00,01:30 25 May,6h 30m,1 stop,No info,8283
Jet Airways,1/05/2019,Kolkata,Banglore,CCU → BOM → BLR,06:30,12:00,5h 30m,1 stop,No info,14388
Air India,27/06/2019,Delhi,Cochin,DEL → CCU → BOM → COK,14:25,19:15 28 Jun,28h 50m,2 stops,No info,13591
Air Asia,3/03/2019,Delhi,Cochin,DEL → BLR → COK,16:45,22:15,5h 30m,1 stop,No info,13774
Jet Airways,01/03/2019,Banglore,New Delhi,BLR → BOM → DEL,05:45,21:20,15h 35m,1 stop,No info,27992
Multiple carriers,6/03/2019,Delhi,Cochin,DEL → BOM → COK,07:30,15:30,8h,1 stop,No info,15147
Jet Airways,6/06/2019,Kolkata,Banglore,CCU → DEL → BLR,17:00,10:55 07 Jun,17h 55m,1 stop,In-flight meal not included,10539
Multiple carriers,27/06/2019,Delhi,Cochin,DEL → BOM → COK,06:00,21:00,15h,1 stop,In-flight meal not included,6007
Air India,1/06/2019,Delhi,Cochin,DEL → BLR → COK,09:45,23:00,13h 15m,1 stop,No info,8907
SpiceJet,27/04/2019,Kolkata,Banglore,CCU → BLR,14:55,17:25,2h 30m,non-stop,No check-in baggage included,3841
Vistara,15/05/2019,Kolkata,Banglore,CCU → DEL → BLR,20:20,10:45 16 May,14h 25m,1 stop,No info,8452
Jet Airways,1/04/2019,Kolkata,Banglore,CCU → BOM → BLR,20:00,23:35 02 Apr,27h 35m,1 stop,No info,12681
Jet Airways,9/06/2019,Banglore,Delhi,BLR → DEL,06:00,08:45,2h 45m,non-stop,In-flight meal not included,7229
Jet Airways,01/03/2019,Banglore,New Delhi,BLR → BOM → DEL,14:05,00:45 02 Mar,10h 40m,1 stop,No info,26890
SpiceJet,6/06/2019,Mumbai,Hyderabad,BOM → HYD,05:45,07:15,1h 30m,non-stop,No info,2753
Jet Airways,12/03/2019,Banglore,New Delhi,BLR → BOM → DEL,16:55,23:00,6h 5m,1 stop,No info,13817
IndiGo,27/04/2019,Banglore,Delhi,BLR → DEL,20:00,22:50,2h 50m,non-stop,No info,4823
Jet Airways,24/05/2019,Kolkata,Banglore,CCU → BOM → BLR,16:30,18:15 25 May,25h 45m,1 stop,In-flight meal not included,10844
Jet Airways,6/03/2019,Delhi,Cochin,DEL → BOM → COK,07:05,18:50,11h 45m,1 stop,No info,17234
Multiple carriers,6/06/2019,Delhi,Cochin,DEL → BOM → COK,08:00,19:15,11h 15m,1 stop,No info,14848
Multiple carriers,1/06/2019,Delhi,Cochin,DEL → BOM → COK,15:00,01:30 02 Jun,10h 30m,1 stop,No info,13377
IndiGo,1/03/2019,Mumbai,Hyderabad,BOM → HYD,12:00,13:25,1h 25m,non-stop,No info,12475
Jet Airways,18/05/2019,Delhi,Cochin,DEL → AMD → BOM → COK,19:10,19:00 19 May,23h 50m,2 stops,No info,15129
Air India,9/06/2019,Delhi,Cochin,DEL → GOI → BOM → COK,10:55,19:15,8h 20m,2 stops,No info,12383
Vistara,24/03/2019,Kolkata,Banglore,CCU → DEL → BLR,17:00,22:55,5h 55m,1 stop,No info,14360
GoAir,9/06/2019,Delhi,Cochin,DEL → HYD → COK,05:55,13:35,7h 40m,1 stop,No info,5199
SpiceJet,03/03/2019,Banglore,New Delhi,BLR → DEL,20:30,23:20,2h 50m,non-stop,No info,6860
Jet Airways,24/03/2019,Mumbai,Hyderabad,BOM → HYD,02:55,04:25,1h 30m,non-stop,No info,5678
Jet Airways,9/03/2019,Delhi,Cochin,DEL → BOM → COK,08:00,19:45,11h 45m,1 stop,No info,17549
GoAir,1/04/2019,Banglore,Delhi,BLR → DEL,07:45,10:40,2h 55m,non-stop,No info,4239
Jet Airways,27/06/2019,Delhi,Cochin,DEL → IDR → BOM → COK,21:25,12:35 28 Jun,15h 10m,2 stops,In-flight meal not included,11507
SpiceJet,21/03/2019,Mumbai,Hyderabad,BOM → HYD,22:45,00:10 22 Mar,1h 25m,non-stop,No info,1759
Multiple carriers,27/03/2019,Delhi,Cochin,DEL → BOM → COK,08:25,19:15,10h 50m,1 stop,No info,8601
Jet Airways,12/03/2019,Banglore,New Delhi,BLR → BOM → DEL,16:55,10:45 13 Mar,17h 50m,1 stop,No info,13817
SpiceJet,18/05/2019,Kolkata,Banglore,CCU → BLR,09:00,11:25,2h 25m,non-stop,No check-in baggage included,4439
Multiple carriers,6/06/2019,Delhi,Cochin,DEL → BOM → COK,10:20,01:30 07 Jun,15h 10m,1 stop,No info,6795
Air Asia,12/04/2019,Banglore,Delhi,BLR → DEL,04:55,07:45,2h 50m,non-stop,No info,4282
Multiple carriers,21/05/2019,Delhi,Cochin,DEL → BOM → COK,11:30,19:15,7h 45m,1 stop,No info,14848
Vistara,09/03/2019,Banglore,New Delhi,BLR → DEL,11:30,14:10,2h 40m,non-stop,No info,9918
Jet Airways,21/05/2019,Delhi,Cochin,DEL → BOM → COK,09:00,12:35 22 May,27h 35m,1 stop,In-flight meal not included,12898
Jet Airways,6/06/2019,Kolkata,Banglore,CCU → BOM → PNQ → BLR,06:30,20:50,14h 20m,2 stops,In-flight meal not included,10118
Air India,9/06/2019,Kolkata,Banglore,CCU → GAU → BLR,09:50,21:05,11h 15m,1 stop,No info,7662
Air India,21/03/2019,Delhi,Cochin,DEL → COK,05:10,08:00,2h 50m,non-stop,No info,5674
Jet Airways,15/05/2019,Kolkata,Banglore,CCU → BOM → BLR,21:10,09:20 16 May,12h 10m,1 stop,In-flight meal not included,9663
IndiGo,15/03/2019,Mumbai,Hyderabad,BOM → HYD,21:20,22:45,1h 25m,non-stop,No info,2754
Jet Airways,15/06/2019,Delhi,Cochin,DEL → LKO → BOM → COK,11:45,04:25 16 Jun,16h 40m,2 stops,No info,13882
Jet Airways,18/05/2019,Kolkata,Banglore,CCU → BOM → BLR,20:00,08:15 19 May,12h 15m,1 stop,In-flight meal not included,8586
Air India,24/05/2019,Kolkata,Banglore,CCU → GAU → DEL → BLR,09:50,12:30 25 May,26h 40m,2 stops,No info,15170
Jet Airways,21/06/2019,Mumbai,Hyderabad,BOM → HYD,02:55,04:20,1h 25m,non-stop,In-flight meal not included,4995
Jet Airways,09/03/2019,Banglore,New Delhi,BLR → BOM → JDH → DEL,08:55,15:55,7h,2 stops,No info,23001
Jet Airways,12/06/2019,Kolkata,Banglore,CCU → BOM → BLR,06:30,19:50,13h 20m,1 stop,In-flight meal not included,9899
Jet Airways,6/06/2019,Delhi,Cochin,DEL → LKO → BOM → COK,11:45,04:25 07 Jun,16h 40m,2 stops,No info,13882
Vistara,18/06/2019,Banglore,Delhi,BLR → DEL,07:00,09:40,2h 40m,non-stop,No info,4668
Air India,9/06/2019,Banglore,Delhi,BLR → DEL,06:10,08:55,2h 45m,non-stop,No info,6961
Jet Airways,21/05/2019,Delhi,Cochin,DEL → AMD → BOM → COK,19:10,19:00 22 May,23h 50m,2 stops,No info,15129
Jet Airways,06/03/2019,Banglore,New Delhi,BLR → BOM → DEL,14:05,05:05 07 Mar,15h,1 stop,No info,14815
IndiGo,15/05/2019,Delhi,Cochin,DEL → LKO → COK,21:50,03:35 16 May,5h 45m,1 stop,No info,7189
Air India,18/05/2019,Delhi,Cochin,DEL → HYD → MAA → COK,07:05,09:25 19 May,26h 20m,2 stops,No info,10975
Jet Airways,9/04/2019,Delhi,Cochin,DEL → BOM → COK,22:50,04:25 10 Apr,5h 35m,1 stop,No info,12242
IndiGo,21/03/2019,Delhi,Cochin,DEL → AMD → COK,07:45,13:40,5h 55m,1 stop,No info,6101
Jet Airways,9/05/2019,Delhi,Cochin,DEL → BOM → COK,02:15,12:35,10h 20m,1 stop,No info,15851
GoAir,9/04/2019,Banglore,Delhi,BLR → DEL,07:45,10:40,2h 55m,non-stop,No info,4632
Air India,01/03/2019,Banglore,New Delhi,BLR → BOM → BHO → DEL,06:45,09:25 02 Mar,26h 40m,2 stops,2 Long layover,26480
Multiple carriers,6/06/2019,Delhi,Cochin,DEL → BOM → COK,11:25,19:00,7h 35m,1 stop,No info,10877
Jet Airways,24/06/2019,Delhi,Cochin,DEL → IDR → BOM → COK,09:35,12:35 25 Jun,27h,2 stops,No info,12609
Air Asia,12/06/2019,Kolkata,Banglore,CCU → IXR → DEL → BLR,15:10,23:30,8h 20m,2 stops,No info,5192
Jet Airways,6/06/2019,Kolkata,Banglore,CCU → BOM → BLR,20:00,04:40 07 Jun,8h 40m,1 stop,No info,13731
IndiGo,12/05/2019,Banglore,Delhi,BLR → DEL,00:30,03:25,2h 55m,non-stop,No info,3943
Multiple carriers,27/03/2019,Delhi,Cochin,DEL → HYD → MAA → COK,07:05,21:20,14h 15m,2 stops,No info,6128
Multiple carriers,12/06/2019,Delhi,Cochin,DEL → BOM → COK,11:30,21:00,9h 30m,1 stop,No info,13587
Jet Airways,18/05/2019,Delhi,Cochin,DEL → BOM → COK,10:00,19:00,9h,1 stop,In-flight meal not included,11399
Air India,15/03/2019,Delhi,Cochin,DEL → COK,18:05,21:10,3h 5m,non-stop,No info,4939
Jet Airways,24/04/2019,Banglore,Delhi,BLR → DEL,08:20,11:20,3h,non-stop,In-flight meal not included,4544
Jet Airways,12/06/2019,Delhi,Cochin,DEL → ATQ → BOM → COK,12:15,12:35 13 Jun,24h 20m,2 stops,No info,14300
Jet Airways,21/03/2019,Delhi,Cochin,DEL → BOM → COK,07:05,04:25 22 Mar,21h 20m,1 stop,No info,12767
Jet Airways,18/06/2019,Banglore,Delhi,BLR → DEL,07:10,10:10,3h,non-stop,No info,8016
Air India,6/06/2019,Kolkata,Banglore,CCU → IXR → DEL → BLR,05:50,08:55 07 Jun,27h 5m,2 stops,No info,12723
Jet Airways,21/05/2019,Kolkata,Banglore,CCU → DEL → BLR,20:25,09:45 22 May,13h 20m,1 stop,No info,13067
Air India,21/05/2019,Kolkata,Banglore,CCU → DEL → AMD → BLR,10:00,05:25 22 May,19h 25m,2 stops,No info,13899
Air India,27/05/2019,Delhi,Cochin,DEL → RPR → NAG → BOM → COK,05:15,19:15 28 May,38h,3 stops,No info,10493
SpiceJet,12/05/2019,Banglore,Delhi,BLR → DEL,05:55,08:35,2h 40m,non-stop,No check-in baggage included,3257
Air India,15/03/2019,Kolkata,Banglore,CCU → BLR,14:15,16:45,2h 30m,non-stop,No info,5170
Jet Airways,9/06/2019,Delhi,Cochin,DEL → JAI → BOM → COK,19:30,04:25 10 Jun,8h 55m,2 stops,No info,13014
IndiGo,15/05/2019,Chennai,Kolkata,MAA → CCU,07:55,10:15,2h 20m,non-stop,No info,3850
Air India,15/06/2019,Delhi,Cochin,DEL → GOI → BOM → COK,22:00,19:15 16 Jun,21h 15m,2 stops,No info,10441
IndiGo,6/04/2019,Delhi,Cochin,DEL → BOM → COK,10:35,15:35,5h,1 stop,No info,5073
Air India,3/05/2019,Banglore,Delhi,BLR → DEL,21:05,23:55,2h 50m,non-stop,No info,6121
IndiGo,9/03/2019,Mumbai,Hyderabad,BOM → HYD,02:30,04:00,1h 30m,non-stop,No info,4784
SpiceJet,12/05/2019,Banglore,Delhi,BLR → DEL,05:55,08:35,2h 40m,non-stop,No info,3311
IndiGo,18/05/2019,Delhi,Cochin,DEL → MAA → COK,02:00,07:25,5h 25m,1 stop,No info,7464
IndiGo,6/04/2019,Kolkata,Banglore,CCU → BLR,22:15,00:50 07 Apr,2h 35m,non-stop,No info,4174
Air India,12/05/2019,Kolkata,Banglore,CCU → BBI → IXR → DEL → BLR,12:00,23:15 13 May,35h 15m,3 stops,No info,10991
SpiceJet,15/04/2019,Delhi,Cochin,DEL → MAA → COK,15:45,22:05,6h 20m,1 stop,No info,5899
IndiGo,15/03/2019,Chennai,Kolkata,MAA → CCU,05:15,07:35,2h 20m,non-stop,No info,4326
IndiGo,12/06/2019,Delhi,Cochin,DEL → HYD → COK,08:35,16:10,7h 35m,1 stop,No info,6442
Air India,15/06/2019,Delhi,Cochin,DEL → COK,05:10,08:00,2h 50m,non-stop,No info,5201
Vistara,9/04/2019,Banglore,Delhi,BLR → DEL,07:00,09:40,2h 40m,non-stop,No info,5403
Jet Airways,12/06/2019,Delhi,Cochin,DEL → BOM → COK,08:00,04:25 13 Jun,20h 25m,1 stop,In-flight meal not included,10577
SpiceJet,15/05/2019,Kolkata,Banglore,CCU → BLR,06:55,09:30,2h 35m,non-stop,No check-in baggage included,3841
Multiple carriers,24/06/2019,Delhi,Cochin,DEL → BOM → COK,17:00,01:30 25 Jun,8h 30m,1 stop,No info,7198
Jet Airways,18/03/2019,Banglore,New Delhi,BLR → BOM → DEL,21:25,09:30 16 Mar,12h 5m,1 stop,No info,13555
Air India,9/05/2019,Kolkata,Banglore,CCU → DEL → BLR,10:00,20:25,10h 25m,1 stop,No info,10203
Jet Airways,9/06/2019,Delhi,Cochin,DEL → BOM → COK,14:00,04:25 10 Jun,14h 25m,1 stop,In-flight meal not included,10262
Jet Airways,27/05/2019,Delhi,Cochin,DEL → BOM → COK,19:15,19:00 28 May,23h 45m,1 stop,In-flight meal not included,12898
Jet Airways,21/05/2019,Banglore,Delhi,BLR → DEL,15:50,18:45,2h 55m,non-stop,In-flight meal not included,3359
Vistara,21/05/2019,Kolkata,Banglore,CCU → DEL → BLR,20:20,09:05 22 May,12h 45m,1 stop,No info,8452
Air India,6/03/2019,Delhi,Cochin,DEL → AMD → BOM → COK,16:40,19:15 07 Mar,26h 35m,2 stops,No info,12646
IndiGo,3/04/2019,Kolkata,Banglore,CCU → BLR,04:40,07:15,2h 35m,non-stop,No info,4174
Multiple carriers,12/06/2019,Delhi,Cochin,DEL → BOM → COK,08:30,19:15,10h 45m,1 stop,No info,7354
IndiGo,9/04/2019,Banglore,Delhi,BLR → DEL,10:10,13:00,2h 50m,non-stop,No info,4423
Jet Airways,18/05/2019,Delhi,Cochin,DEL → JAI → BOM → COK,09:40,04:25 19 May,18h 45m,2 stops,In-flight meal not included,13029
Jet Airways,21/03/2019,Delhi,Cochin,DEL → BOM → COK,22:50,04:25 22 Mar,5h 35m,1 stop,In-flight meal not included,6017
Jet Airways,12/03/2019,Banglore,New Delhi,BLR → BDQ → DEL,05:50,12:20,6h 30m,1 stop,No info,11297
Multiple carriers,15/05/2019,Delhi,Cochin,DEL → BOM → COK,13:00,21:00,8h,1 stop,No info,8073
GoAir,27/03/2019,Delhi,Cochin,DEL → BOM → COK,14:10,19:20,5h 10m,1 stop,No info,10188
Air Asia,27/03/2019,Delhi,Cochin,DEL → BLR → COK,07:55,13:10,5h 15m,1 stop,No info,6151
IndiGo,6/06/2019,Delhi,Cochin,DEL → BOM → COK,09:15,01:30 07 Jun,16h 15m,1 stop,No info,6628
GoAir,21/03/2019,Delhi,Cochin,DEL → BOM → COK,07:00,12:50,5h 50m,1 stop,No info,9385
Jet Airways,27/05/2019,Delhi,Cochin,DEL → BOM → COK,20:55,19:00 28 May,22h 5m,1 stop,In-flight meal not included,12898
Jet Airways,6/05/2019,Mumbai,Hyderabad,BOM → HYD,07:05,08:30,1h 25m,non-stop,No info,8040
Jet Airways,27/05/2019,Delhi,Cochin,DEL → BOM → COK,21:50,12:35 28 May,14h 45m,1 stop,In-flight meal not included,12898
IndiGo,15/06/2019,Delhi,Cochin,DEL → BOM → COK,18:35,01:30 16 Jun,6h 55m,1 stop,No info,5883
Jet Airways,12/06/2019,Kolkata,Banglore,CCU → BOM → BLR,18:55,20:45 13 Jun,25h 50m,1 stop,In-flight meal not included,8529
Multiple carriers,24/06/2019,Delhi,Cochin,DEL → BOM → COK,03:50,12:35,8h 45m,1 stop,No info,12192
Air India,21/03/2019,Delhi,Cochin,DEL → BLR → COK,13:30,23:00,9h 30m,1 stop,No info,5704
SpiceJet,12/06/2019,Kolkata,Banglore,CCU → BLR,09:00,11:25,2h 25m,non-stop,No info,3873
Multiple carriers,9/05/2019,Delhi,Cochin,DEL → HYD → COK,09:45,22:30,12h 45m,1 stop,No info,8888
IndiGo,6/05/2019,Mumbai,Hyderabad,BOM → HYD,02:35,04:05,1h 30m,non-stop,No info,3342
Multiple carriers,9/05/2019,Delhi,Cochin,DEL → BOM → COK,13:00,21:00,8h,1 stop,No info,13727
Jet Airways,1/06/2019,Banglore,Delhi,BLR → DEL,06:00,08:45,2h 45m,non-stop,In-flight meal not included,7229
Air India,6/05/2019,Kolkata,Banglore,CCU → DEL → COK → BLR,10:00,01:20 07 May,15h 20m,2 stops,No info,13873
IndiGo,9/05/2019,Kolkata,Banglore,CCU → BLR,11:30,14:05,2h 35m,non-stop,No info,5224
Jet Airways,9/05/2019,Kolkata,Banglore,CCU → BOM → BLR,08:25,18:15,9h 50m,1 stop,In-flight meal not included,10844
Jet Airways,12/06/2019,Kolkata,Banglore,CCU → BOM → BLR,20:00,09:20 13 Jun,13h 20m,1 stop,No info,13044
SpiceJet,1/05/2019,Kolkata,Banglore,CCU → BLR,06:55,09:30,2h 35m,non-stop,No check-in baggage included,3841
Multiple carriers,18/05/2019,Delhi,Cochin,DEL → BOM → COK,14:00,21:00,7h,1 stop,No info,13727
Air India,21/03/2019,Banglore,New Delhi,BLR → HYD → DEL,08:15,08:50 19 Mar,24h 35m,1 stop,No info,4943
SpiceJet,24/06/2019,Banglore,Delhi,BLR → DEL,09:30,12:20,2h 50m,non-stop,No info,3625
IndiGo,9/06/2019,Delhi,Cochin,DEL → HYD → COK,07:35,16:10,8h 35m,1 stop,No info,6442
Jet Airways,18/03/2019,Banglore,New Delhi,BLR → BOM → DEL,07:00,15:15,8h 15m,1 stop,No info,12284
Multiple carriers,3/03/2019,Delhi,Cochin,DEL → BOM → COK,17:00,01:35 04 Mar,8h 35m,1 stop,No info,17073
Air India,9/05/2019,Delhi,Cochin,DEL → BOM → COK,07:00,19:15,12h 15m,1 stop,No info,8669
Multiple carriers,15/05/2019,Delhi,Cochin,DEL → BOM → COK,11:40,19:00,7h 20m,1 stop,No info,10529
IndiGo,24/05/2019,Delhi,Cochin,DEL → BOM → COK,18:35,01:30 25 May,6h 55m,1 stop,No info,7503
Multiple carriers,3/03/2019,Delhi,Cochin,DEL → HYD → COK,07:10,16:10,9h,1 stop,In-flight meal not included,8552
Air India,6/06/2019,Delhi,Cochin,DEL → BLR → COK,09:45,23:00,13h 15m,1 stop,No info,8907
Multiple carriers,15/05/2019,Delhi,Cochin,DEL → BOM → COK,11:30,01:30 16 May,14h,1 stop,No info,13727
Multiple carriers,21/03/2019,Delhi,Cochin,DEL → BOM → COK,09:00,18:50,9h 50m,1 stop,No info,11667
Air Asia,9/05/2019,Delhi,Cochin,DEL → BLR → COK,07:55,13:25,5h 30m,1 stop,No info,6751
IndiGo,18/03/2019,Kolkata,Banglore,CCU → BLR,17:15,19:55,2h 40m,non-stop,No info,4462
SpiceJet,9/03/2019,Kolkata,Banglore,CCU → BLR,22:20,00:40 10 Mar,2h 20m,non-stop,No info,4622
Jet Airways,6/06/2019,Kolkata,Banglore,CCU → BOM → BLR,20:00,16:20 07 Jun,20h 20m,1 stop,No info,14571
Multiple carriers,9/03/2019,Delhi,Cochin,DEL → BOM → COK,06:50,21:00,14h 10m,1 stop,In-flight meal not included,14086
IndiGo,12/06/2019,Banglore,Delhi,BLR → DEL,08:30,11:20,2h 50m,non-stop,No info,4823
Jet Airways,21/05/2019,Delhi,Cochin,DEL → ATQ → BOM → COK,20:00,04:25 22 May,8h 25m,2 stops,No info,16263
Jet Airways,21/05/2019,Kolkata,Banglore,CCU → DEL → BLR,09:35,23:35,14h,1 stop,No info,14151
IndiGo,12/06/2019,Kolkata,Banglore,CCU → MAA → BLR,08:10,13:00,4h 50m,1 stop,No info,5069
IndiGo,15/05/2019,Banglore,Delhi,BLR → DEL,18:55,21:50,2h 55m,non-stop,No info,4823
Air India,27/06/2019,Kolkata,Banglore,CCU → BLR,20:45,23:20,2h 35m,non-stop,No info,4145
Multiple carriers,6/03/2019,Delhi,Cochin,DEL → BOM → COK,07:30,18:50,11h 20m,1 stop,No info,15411
Jet Airways,18/05/2019,Delhi,Cochin,DEL → BHO → BOM → COK,05:30,12:35,7h 5m,2 stops,In-flight meal not included,15544
Air Asia,24/03/2019,Banglore,New Delhi,BLR → DEL,05:50,08:40,2h 50m,non-stop,No info,4284
SpiceJet,24/05/2019,Kolkata,Banglore,CCU → BLR,22:20,00:40 25 May,2h 20m,non-stop,No info,3873
Jet Airways,18/05/2019,Kolkata,Banglore,CCU → DEL → BLR,09:35,22:05,12h 30m,1 stop,In-flight meal not included,12384
Jet Airways,24/03/2019,Mumbai,Hyderabad,BOM → HYD,10:20,11:50,1h 30m,non-stop,No info,5678
Air India,03/03/2019,Banglore,New Delhi,BLR → VGA → DEL,10:30,22:55,12h 25m,1 stop,No info,11003
Multiple carriers,3/03/2019,Delhi,Cochin,DEL → BOM → COK,07:00,15:30,8h 30m,1 stop,No info,15603
Vistara,24/06/2019,Banglore,Delhi,BLR → DEL,21:00,23:50,2h 50m,non-stop,No info,4668
Jet Airways,1/04/2019,Kolkata,Banglore,CCU → DEL → BLR,20:25,10:55 02 Apr,14h 30m,1 stop,No info,11467
SpiceJet,18/05/2019,Kolkata,Banglore,CCU → IXB → BLR,11:15,18:30,7h 15m,1 stop,No info,10944
IndiGo,27/06/2019,Mumbai,Hyderabad,BOM → HYD,20:05,21:40,1h 35m,non-stop,No info,2227
Vistara,15/05/2019,Kolkata,Banglore,CCU → DEL → BLR,17:00,18:50 16 May,25h 50m,1 stop,No info,9345
SpiceJet,1/05/2019,Kolkata,Banglore,CCU → KNU → BLR,11:35,18:50,7h 15m,1 stop,No info,8479
Jet Airways,1/04/2019,Kolkata,Banglore,CCU → BOM → BLR,16:30,18:15 02 Apr,25h 45m,1 stop,In-flight meal not included,7064
Air India,1/05/2019,Kolkata,Banglore,CCU → GAU → DEL → BLR,09:50,08:55 02 May,23h 5m,2 stops,No info,13227
Air India,6/05/2019,Kolkata,Banglore,CCU → BOM → COK → BLR,09:25,15:05 07 May,29h 40m,2 stops,No info,11542
Jet Airways,18/06/2019,Delhi,Cochin,DEL → COK,09:50,13:05,3h 15m,non-stop,In-flight meal not included,4466
Jet Airways,3/06/2019,Delhi,Cochin,DEL → BOM → COK,13:00,19:00,6h,1 stop,In-flight meal not included,10262
Air India,6/03/2019,Mumbai,Hyderabad,BOM → HYD,19:30,20:45,1h 15m,non-stop,No info,5462
IndiGo,12/04/2019,Kolkata,Banglore,CCU → BLR,11:30,14:05,2h 35m,non-stop,No info,4174
Jet Airways,12/06/2019,Delhi,Cochin,DEL → BOM → COK,02:15,12:35,10h 20m,1 stop,In-flight meal not included,10262
Jet Airways,9/06/2019,Kolkata,Banglore,CCU → BOM → BLR,18:55,16:20 10 Jun,21h 25m,1 stop,No info,14571
Jet Airways,9/05/2019,Kolkata,Banglore,CCU → BOM → BLR,18:55,09:20 10 May,14h 25m,1 stop,In-flight meal not included,9663
Jet Airways,9/06/2019,Delhi,Cochin,DEL → BOM → COK,15:00,12:35 10 Jun,21h 35m,1 stop,In-flight meal not included,10262
Air Asia,01/03/2019,Banglore,New Delhi,BLR → DEL,23:25,02:10 02 Mar,2h 45m,non-stop,Red-eye flight,10873
IndiGo,3/04/2019,Banglore,Delhi,BLR → DEL,08:30,11:20,2h 50m,non-stop,No info,4823
Air India,03/03/2019,Banglore,New Delhi,BLR → HYD → DEL,08:15,08:50 07 Mar,24h 35m,1 stop,No info,6781
Jet Airways,9/03/2019,Delhi,Cochin,DEL → BOM → COK,20:50,18:50 10 Mar,22h,1 stop,In-flight meal not included,14053
Jet Airways,12/06/2019,Delhi,Cochin,DEL → NAG → BOM → COK,14:35,12:35 13 Jun,22h,2 stops,No info,13376
IndiGo,21/05/2019,Kolkata,Banglore,CCU → MAA → BLR,06:20,10:20,4h,1 stop,No info,4226
Jet Airways,06/03/2019,Banglore,New Delhi,BLR → BOM → DEL,07:00,21:20,14h 20m,1 stop,No info,16736
Jet Airways,15/05/2019,Banglore,Delhi,BLR → DEL,06:00,08:45,2h 45m,non-stop,No info,7229
Jet Airways,15/03/2019,Banglore,New Delhi,BLR → BOM → DEL,05:45,18:25,12h 40m,1 stop,In-flight meal not included,9134
Jet Airways,27/03/2019,Delhi,Cochin,DEL → BOM → COK,09:55,18:50,8h 55m,1 stop,In-flight meal not included,5963
Vistara,24/05/2019,Chennai,Kolkata,MAA → CCU,07:05,09:20,2h 15m,non-stop,No info,3687
Air India,6/03/2019,Delhi,Cochin,DEL → BHO → BOM → COK,05:55,07:40 07 Mar,25h 45m,2 stops,No info,15428
IndiGo,1/06/2019,Banglore,Delhi,BLR → DEL,16:55,19:45,2h 50m,non-stop,No info,4823
Air India,6/05/2019,Delhi,Cochin,,09:45,09:25 07 May,23h 40m,,No info,7480
Vistara,24/03/2019,Kolkata,Banglore,CCU → DEL → BLR,17:00,18:45 25 Mar,25h 45m,1 stop,No info,13100
IndiGo,3/04/2019,Kolkata,Banglore,CCU → BLR,17:15,19:50,2h 35m,non-stop,No info,4174
Jet Airways,24/06/2019,Delhi,Cochin,DEL → JAI → BOM → COK,19:30,04:25 25 Jun,8h 55m,2 stops,No info,13014
IndiGo,24/06/2019,Delhi,Cochin,DEL → BOM → COK,11:25,21:00,9h 35m,1 stop,No info,5894
Jet Airways,9/04/2019,Banglore,Delhi,BLR → DEL,19:50,22:50,3h,non-stop,In-flight meal not included,4544
SpiceJet,6/06/2019,Kolkata,Banglore,CCU → BLR,17:10,19:40,2h 30m,non-stop,No check-in baggage included,3841
Jet Airways,27/05/2019,Delhi,Cochin,DEL → BOM → COK,13:00,12:35 28 May,23h 35m,1 stop,In-flight meal not included,12898
Air India,6/06/2019,Banglore,Delhi,BLR → DEL,06:10,08:55,2h 45m,non-stop,No info,6961
IndiGo,3/05/2019,Banglore,Delhi,BLR → DEL,21:15,00:15 04 May,3h,non-stop,No info,3943
Air India,6/06/2019,Kolkata,Banglore,CCU → BBI → BOM → BLR,12:00,18:30 07 Jun,30h 30m,2 stops,No info,9626
Jet Airways,6/05/2019,Kolkata,Banglore,CCU → DEL → BLR,20:25,09:45 07 May,13h 20m,1 stop,In-flight meal not included,8066
Vistara,9/05/2019,Kolkata,Banglore,CCU → DEL → BLR,20:20,09:05 10 May,12h 45m,1 stop,No info,9187
Vistara,21/03/2019,Banglore,New Delhi,BLR → AMD → DEL,06:40,21:55,15h 15m,1 stop,No info,6065
Jet Airways,18/05/2019,Kolkata,Banglore,CCU → BOM → BLR,08:25,09:20 19 May,24h 55m,1 stop,In-flight meal not included,9663
IndiGo,24/05/2019,Kolkata,Banglore,CCU → BLR,11:30,14:05,2h 35m,non-stop,No info,5224
Jet Airways,6/05/2019,Kolkata,Banglore,CCU → BOM → BLR,14:05,20:45,6h 40m,1 stop,In-flight meal not included,9663
Jet Airways,27/06/2019,Delhi,Cochin,DEL → BOM → COK,09:00,12:35 28 Jun,27h 35m,1 stop,In-flight meal not included,10262
IndiGo,3/04/2019,Delhi,Cochin,DEL → HYD → COK,07:35,12:10,4h 35m,1 stop,No info,5073
Jet Airways,9/06/2019,Delhi,Cochin,DEL → IDR → BOM → COK,09:35,12:35 10 Jun,27h,2 stops,No info,13292
IndiGo,3/03/2019,Delhi,Cochin,DEL → HYD → MAA → COK,04:55,21:20,16h 25m,2 stops,No info,8899
Air India,27/03/2019,Delhi,Cochin,DEL → BLR → COK,17:40,08:15 28 Mar,14h 35m,1 stop,No info,5998
Air India,24/05/2019,Kolkata,Banglore,CCU → BOM → BLR,16:50,07:55 25 May,15h 5m,1 stop,No info,8576
Jet Airways,24/06/2019,Delhi,Cochin,DEL → CCU → BOM → COK,17:35,19:00 25 Jun,25h 25m,2 stops,No info,13922
Jet Airways,18/03/2019,Banglore,New Delhi,BLR → BOM → DEL,21:25,10:25 16 Mar,13h,1 stop,No info,13555
SpiceJet,1/04/2019,Banglore,Delhi,BLR → DEL,09:30,12:20,2h 50m,non-stop,No check-in baggage included,3919
IndiGo,15/05/2019,Banglore,Delhi,BLR → DEL,13:00,15:50,2h 50m,non-stop,No info,3943
Jet Airways,9/06/2019,Delhi,Cochin,DEL → COK,11:00,14:15,3h 15m,non-stop,In-flight meal not included,7202
Multiple carriers,1/06/2019,Delhi,Cochin,DEL → HYD → COK,09:45,22:30,12h 45m,1 stop,No info,9646
Jet Airways,21/03/2019,Delhi,Cochin,DEL → AMD → BOM → COK,19:10,04:25 23 Mar,33h 15m,2 stops,In-flight meal not included,8834
Jet Airways,12/06/2019,Delhi,Cochin,DEL → IDR → BOM → COK,05:30,04:25 13 Jun,22h 55m,2 stops,No info,13292
Air India,6/03/2019,Delhi,Cochin,DEL → MAA → COK,17:20,09:25 07 Mar,16h 5m,1 stop,No info,12677
IndiGo,1/06/2019,Delhi,Cochin,DEL → BOM → COK,11:25,21:00,9h 35m,1 stop,No info,6416
Jet Airways,12/06/2019,Mumbai,Hyderabad,BOM → HYD,02:55,04:20,1h 25m,non-stop,No info,5678
IndiGo,15/04/2019,Delhi,Cochin,DEL → HYD → COK,07:35,16:10,8h 35m,1 stop,No info,6442
Air India,12/03/2019,Banglore,New Delhi,BLR → MAA → DEL,11:50,19:50,8h,1 stop,No info,11707
SpiceJet,3/04/2019,Mumbai,Hyderabad,BOM → HYD,13:15,14:45,1h 30m,non-stop,No check-in baggage included,1965
Jet Airways,1/04/2019,Kolkata,Banglore,CCU → BOM → BLR,18:55,09:20 02 Apr,14h 25m,1 stop,In-flight meal not included,7064
Air India,27/06/2019,Mumbai,Hyderabad,BOM → HYD,13:55,15:25,1h 30m,non-stop,No info,3100
IndiGo,3/05/2019,Chennai,Kolkata,MAA → CCU,14:45,17:05,2h 20m,non-stop,No info,3858
Jet Airways,1/04/2019,Kolkata,Banglore,CCU → BOM → BLR,18:55,20:45 02 Apr,25h 50m,1 stop,In-flight meal not included,7064
Jet Airways,24/03/2019,Kolkata,Banglore,CCU → BOM → BLR,13:55,18:10 25 Mar,28h 15m,1 stop,No info,14231
SpiceJet,1/05/2019,Banglore,Delhi,BLR → DEL,21:10,00:05 02 May,2h 55m,non-stop,No info,4991
Jet Airways,21/05/2019,Banglore,Delhi,BLR → DEL,07:10,10:10,3h,non-stop,In-flight meal not included,4030
SpiceJet,1/06/2019,Kolkata,Banglore,CCU → BLR,17:10,19:40,2h 30m,non-stop,No info,4174
Jet Airways,24/05/2019,Kolkata,Banglore,CCU → BOM → BLR,20:00,04:40 25 May,8h 40m,1 stop,No info,13731
Jet Airways,24/06/2019,Delhi,Cochin,DEL → BOM → COK,21:50,04:25 25 Jun,6h 35m,1 stop,In-flight meal not included,10262
Jet Airways,9/05/2019,Banglore,Delhi,BLR → DEL,07:10,10:10,3h,non-stop,No info,7229
Jet Airways,15/05/2019,Kolkata,Banglore,CCU → BOM → BLR,18:55,12:00 16 May,17h 5m,1 stop,In-flight meal not included,10844
Multiple carriers,3/03/2019,Delhi,Cochin,DEL → BOM → COK,10:45,18:50,8h 5m,1 stop,No info,15135
Jet Airways,1/06/2019,Delhi,Cochin,DEL → JAI → BOM → COK,09:40,19:00,9h 20m,2 stops,In-flight meal not included,10368
Air India,18/05/2019,Banglore,Delhi,BLR → DEL,17:00,19:45,2h 45m,non-stop,No info,7171
IndiGo,21/03/2019,Delhi,Cochin,DEL → MAA → COK,02:05,07:25,5h 20m,1 stop,No info,4862
Air India,6/03/2019,Mumbai,Hyderabad,BOM → BHO → DEL → HYD,06:00,09:10 07 Mar,27h 10m,2 stops,No info,13169
Jet Airways,24/06/2019,Delhi,Cochin,DEL → AMD → BOM → COK,19:10,12:35 25 Jun,17h 25m,2 stops,No info,12819
Air India,9/05/2019,Delhi,Cochin,DEL → HYD → MAA → COK,13:15,09:25 10 May,20h 10m,2 stops,No info,9417
Jet Airways,9/06/2019,Kolkata,Banglore,CCU → BOM → BLR,16:30,23:35,7h 5m,1 stop,No info,14571
Vistara,21/05/2019,Kolkata,Banglore,CCU → DEL → BLR,20:20,18:50 22 May,22h 30m,1 stop,No info,9345
Jet Airways,27/03/2019,Delhi,Cochin,DEL → BOM → COK,09:55,04:25 28 Mar,18h 30m,1 stop,No info,12242
IndiGo,3/03/2019,Mumbai,Hyderabad,BOM → HYD,02:30,04:00,1h 30m,non-stop,No info,4575
Air India,12/05/2019,Kolkata,Banglore,CCU → DEL → COK → BLR,10:00,01:20 13 May,15h 20m,2 stops,No info,13243
GoAir,15/06/2019,Kolkata,Banglore,CCU → BLR,15:20,17:55,2h 35m,non-stop,No info,3514
Jet Airways,27/05/2019,Delhi,Cochin,DEL → BOM → COK,15:00,12:35 28 May,21h 35m,1 stop,In-flight meal not included,12898
GoAir,6/05/2019,Delhi,Cochin,DEL → AMD → COK,07:25,13:35,6h 10m,1 stop,No info,6296
GoAir,1/06/2019,Banglore,Delhi,BLR → DEL,20:55,23:40,2h 45m,non-stop,No info,3898
Vistara,18/05/2019,Delhi,Cochin,DEL → COK,14:40,17:50,3h 10m,non-stop,No info,6741
GoAir,24/03/2019,Banglore,New Delhi,BLR → DEL,07:45,10:40,2h 55m,non-stop,No info,5048
Air India,06/03/2019,Banglore,New Delhi,BLR → MAA → DEL,11:50,23:55,12h 5m,1 stop,No info,15434
IndiGo,15/04/2019,Kolkata,Banglore,CCU → BLR,20:20,22:55,2h 35m,non-stop,No info,4174
Air Asia,27/05/2019,Banglore,Delhi,BLR → DEL,11:10,13:55,2h 45m,non-stop,No info,3383
Jet Airways,27/05/2019,Banglore,Delhi,BLR → DEL,07:10,10:10,3h,non-stop,In-flight meal not included,4030
Air India,21/03/2019,Banglore,New Delhi,BLR → BOM → DEL,08:50,23:15,14h 25m,1 stop,No info,6824
SpiceJet,9/04/2019,Kolkata,Banglore,CCU → BLR,22:20,00:40 10 Apr,2h 20m,non-stop,No info,3873
IndiGo,12/05/2019,Kolkata,Banglore,CCU → BLR,04:40,07:15,2h 35m,non-stop,No info,4804
Multiple carriers,27/03/2019,Delhi,Cochin,DEL → BOM → COK,07:00,15:30,8h 30m,1 stop,No info,6148
Jet Airways,18/05/2019,Delhi,Cochin,DEL → BOM → COK,15:00,04:25 19 May,13h 25m,1 stop,In-flight meal not included,12373
GoAir,15/05/2019,Kolkata,Banglore,CCU → BOM → BLR,23:30,07:45 16 May,8h 15m,1 stop,No info,6945
IndiGo,27/03/2019,Delhi,Cochin,DEL → BBI → COK,02:35,08:30,5h 55m,1 stop,No info,7731
Air India,9/06/2019,Delhi,Cochin,DEL → CCU → BOM → COK,14:25,19:15 10 Jun,28h 50m,2 stops,No info,13381
Jet Airways,15/06/2019,Delhi,Cochin,DEL → NAG → BOM → COK,06:45,04:25 16 Jun,21h 40m,2 stops,No info,13376
Jet Airways,12/06/2019,Kolkata,Banglore,CCU → BOM → BLR,16:30,04:40 13 Jun,12h 10m,1 stop,No info,12471
Jet Airways,24/03/2019,Mumbai,Hyderabad,BOM → HYD,07:10,08:35,1h 25m,non-stop,In-flight meal not included,2470
SpiceJet,18/06/2019,Mumbai,Hyderabad,BOM → HYD,05:45,07:15,1h 30m,non-stop,No check-in baggage included,2647
SpiceJet,1/04/2019,Banglore,Delhi,BLR → DEL,21:10,00:05 02 Apr,2h 55m,non-stop,No info,3625
IndiGo,21/05/2019,Delhi,Cochin,DEL → PNQ → COK,23:30,04:35 22 May,5h 5m,1 stop,No info,8745
Air India,6/03/2019,Delhi,Cochin,DEL → HYD → MAA → COK,07:05,09:25 07 Mar,26h 20m,2 stops,No info,9190
Air India,6/06/2019,Kolkata,Banglore,CCU → BOM → BLR,09:25,18:30,9h 5m,1 stop,No info,8366
Jet Airways,15/05/2019,Kolkata,Banglore,CCU → BOM → BLR,21:10,19:50 16 May,22h 40m,1 stop,In-flight meal not included,10844
Multiple carriers,21/05/2019,Delhi,Cochin,DEL → BOM → COK,18:00,01:30 22 May,7h 30m,1 stop,No info,7888
Vistara,15/05/2019,Kolkata,Banglore,CCU → DEL → BLR,17:00,10:45 16 May,17h 45m,1 stop,No info,8452
Air Asia,9/03/2019,Delhi,Cochin,DEL → BLR → COK,16:45,07:10 10 Mar,14h 25m,1 stop,No info,8327
IndiGo,1/06/2019,Delhi,Cochin,DEL → HYD → COK,11:55,22:30,10h 35m,1 stop,No info,6674
Air India,9/06/2019,Kolkata,Banglore,CCU → DEL → BLR,07:00,20:25,13h 25m,1 stop,No info,10413
Jet Airways,12/03/2019,Banglore,New Delhi,BLR → MAA → DEL,09:45,16:00,6h 15m,1 stop,No info,12295
Air India,24/05/2019,Banglore,Delhi,BLR → DEL,17:00,19:45,2h 45m,non-stop,No info,7171
Jet Airways,21/05/2019,Delhi,Cochin,DEL → IDR → BOM → COK,09:35,12:35 22 May,27h,2 stops,In-flight meal not included,12719
Jet Airways,21/05/2019,Kolkata,Banglore,CCU → DEL → BLR,09:35,09:45 22 May,24h 10m,1 stop,No info,13067
Jet Airways,1/04/2019,Kolkata,Banglore,CCU → BOM → BLR,08:25,18:15,9h 50m,1 stop,No info,12681
Jet Airways,27/06/2019,Delhi,Cochin,DEL → JAI → BOM → COK,09:40,12:35 28 Jun,26h 55m,2 stops,No info,13014
Air India,21/03/2019,Delhi,Cochin,DEL → BLR → COK,09:45,23:00,13h 15m,1 stop,No info,5704
Multiple carriers,9/06/2019,Delhi,Cochin,DEL → BOM → COK,12:50,01:30 10 Jun,12h 40m,1 stop,No info,6795
Jet Airways,27/06/2019,Delhi,Cochin,DEL → AMD → BOM → COK,13:25,12:35 28 Jun,23h 10m,2 stops,No info,12819
IndiGo,09/03/2019,Banglore,New Delhi,BLR → DEL,20:00,22:55,2h 55m,non-stop,No info,6144
Jet Airways,9/06/2019,Delhi,Cochin,DEL → BOM → COK,18:15,12:35 10 Jun,18h 20m,1 stop,In-flight meal not included,10577
SpiceJet,3/06/2019,Kolkata,Banglore,CCU → BLR,09:00,11:25,2h 25m,non-stop,No info,3873
IndiGo,3/06/2019,Delhi,Cochin,DEL → BOM → COK,09:15,21:00,11h 45m,1 stop,No info,6838
SpiceJet,1/06/2019,Delhi,Cochin,DEL → BLR → COK,17:55,22:50,4h 55m,1 stop,No info,5975
IndiGo,27/06/2019,Delhi,Cochin,DEL → BOM → COK,10:35,21:00,10h 25m,1 stop,No info,5894
Air India,3/06/2019,Banglore,Delhi,BLR → DEL,21:05,23:55,2h 50m,non-stop,No info,6961
SpiceJet,6/05/2019,Kolkata,Banglore,CCU → BLR,22:20,00:40 07 May,2h 20m,non-stop,No info,3873
Air India,1/06/2019,Delhi,Cochin,DEL → HYD → BOM → COK,17:15,19:15 02 Jun,26h,2 stops,No info,12970
Jet Airways,6/06/2019,Mumbai,Hyderabad,BOM → HYD,07:05,08:30,1h 25m,non-stop,In-flight meal not included,4995
Jet Airways,1/05/2019,Kolkata,Banglore,CCU → BOM → BLR,14:05,04:40 02 May,14h 35m,1 stop,In-flight meal not included,8586
Jet Airways,12/05/2019,Kolkata,Banglore,CCU → BOM → BLR,21:10,04:40 13 May,7h 30m,1 stop,No info,13941
Jet Airways,24/03/2019,Kolkata,Banglore,CCU → BOM → BLR,06:30,23:25,16h 55m,1 stop,In-flight meal not included,8824
Jet Airways,15/03/2019,Banglore,New Delhi,BLR → BOM → DEL,05:45,10:25,4h 40m,1 stop,In-flight meal not included,9134
IndiGo,21/04/2019,Banglore,Delhi,BLR → DEL,20:00,22:50,2h 50m,non-stop,No info,4823
Jet Airways,12/04/2019,Banglore,Delhi,BLR → DEL,08:20,11:20,3h,non-stop,No info,7229
Jet Airways,1/04/2019,Kolkata,Banglore,CCU → BOM → BLR,06:30,22:35,16h 5m,1 stop,In-flight meal not included,7064
Air India,12/06/2019,Delhi,Cochin,DEL → CCU → BOM → COK,14:25,19:15 13 Jun,28h 50m,2 stops,No info,13381
Jet Airways,1/04/2019,Kolkata,Banglore,CCU → BOM → BLR,20:00,12:00 02 Apr,16h,1 stop,No info,12681
IndiGo,9/04/2019,Kolkata,Banglore,CCU → BLR,04:40,07:15,2h 35m,non-stop,No info,4174
Jet Airways,12/06/2019,Kolkata,Banglore,CCU → GAU → BLR,10:20,17:35,7h 15m,1 stop,No info,8355
IndiGo,15/05/2019,Delhi,Cochin,DEL → HYD → COK,11:55,22:30,10h 35m,1 stop,No info,6442
Jet Airways,6/05/2019,Mumbai,Hyderabad,BOM → HYD,10:20,11:50,1h 30m,non-stop,In-flight meal not included,4995
Multiple carriers,21/03/2019,Delhi,Cochin,DEL → BOM → COK,09:00,15:30,6h 30m,1 stop,No info,14486
Air India,12/04/2019,Banglore,Delhi,BLR → DEL,21:05,23:55,2h 50m,non-stop,No info,5911
Jet Airways,21/03/2019,Mumbai,Hyderabad,BOM → HYD,03:05,04:25,1h 20m,non-stop,No info,5678
Jet Airways,27/03/2019,Delhi,Cochin,DEL → BOM → COK,17:30,04:25 28 Mar,10h 55m,1 stop,No info,12242
Multiple carriers,15/05/2019,Delhi,Cochin,DEL → BOM → COK,13:00,01:30 16 May,12h 30m,1 stop,No info,13727
Multiple carriers,21/03/2019,Delhi,Cochin,DEL → BOM → COK,07:00,18:50,11h 50m,1 stop,No info,12402
Jet Airways,24/03/2019,Kolkata,Banglore,CCU → BOM → BLR,08:25,20:40,12h 15m,1 stop,In-flight meal not included,11134
GoAir,24/04/2019,Banglore,Delhi,BLR → DEL,20:55,23:40,2h 45m,non-stop,No info,3419
Jet Airways,21/05/2019,Delhi,Cochin,DEL → BOM → COK,02:15,12:35,10h 20m,1 stop,No info,16376
Jet Airways,3/06/2019,Delhi,Cochin,DEL → NAG → BOM → COK,14:35,12:35 04 Jun,22h,2 stops,In-flight meal not included,10919
Jet Airways,01/03/2019,Banglore,New Delhi,BLR → BOM → DEL,16:55,09:00 02 Mar,16h 5m,1 stop,1 Long layover,25735
Jet Airways,18/03/2019,Banglore,New Delhi,BLR → BOM → DEL,11:40,10:25 16 Mar,22h 45m,1 stop,In-flight meal not included,11087
Jet Airways,18/06/2019,Mumbai,Hyderabad,BOM → HYD,07:05,08:30,1h 25m,non-stop,No info,8040
Jet Airways,9/06/2019,Delhi,Cochin,DEL → JAI → BOM → COK,09:40,04:25 10 Jun,18h 45m,2 stops,In-flight meal not included,10368
IndiGo,24/03/2019,Kolkata,Banglore,CCU → BOM → BLR,05:35,11:20,5h 45m,1 stop,No info,9319
Air India,18/05/2019,Delhi,Cochin,DEL → AMD → BOM → COK,16:40,19:15 19 May,26h 35m,2 stops,No info,9863
Air India,12/03/2019,Banglore,New Delhi,BLR → HYD → VGA → DEL,06:50,11:20 13 Mar,28h 30m,2 stops,No info,12734
Multiple carriers,9/05/2019,Delhi,Cochin,DEL → BOM → COK,07:30,21:00,13h 30m,1 stop,No info,7670
Jet Airways,27/05/2019,Delhi,Cochin,DEL → BOM → COK,18:15,12:35 28 May,18h 20m,1 stop,In-flight meal not included,12898
IndiGo,24/03/2019,Banglore,New Delhi,BLR → DEL,04:00,06:50,2h 50m,non-stop,No info,5694
IndiGo,6/03/2019,Delhi,Cochin,DEL → HYD → COK,14:20,22:20,8h,1 stop,No info,7451
Vistara,6/05/2019,Kolkata,Banglore,CCU → DEL → BLR,07:10,20:20,13h 10m,1 stop,No info,8610
Air India,9/06/2019,Delhi,Cochin,DEL → JDH → BOM → COK,12:55,19:15 10 Jun,30h 20m,2 stops,No info,12436
Jet Airways,18/05/2019,Kolkata,Banglore,CCU → DEL → BLR,20:25,23:35 19 May,27h 10m,1 stop,No info,14151
Jet Airways,01/03/2019,Banglore,New Delhi,BLR → BOM → DEL,08:55,21:20,12h 25m,1 stop,1 Long layover,27992
Air India,24/03/2019,Banglore,New Delhi,BLR → COK → DEL,06:55,13:20,6h 25m,1 stop,No info,7932
SpiceJet,3/04/2019,Delhi,Cochin,DEL → PNQ → COK,08:45,13:15,4h 30m,1 stop,No check-in baggage included,4098
Jet Airways,06/03/2019,Banglore,New Delhi,BLR → BOM → DEL,20:35,07:40 07 Mar,11h 5m,1 stop,No info,16736
Jet Airways,6/05/2019,Kolkata,Banglore,CCU → BOM → BLR,06:30,08:15 07 May,25h 45m,1 stop,No info,13941
IndiGo,3/06/2019,Delhi,Cochin,DEL → COK,14:25,17:40,3h 15m,non-stop,No info,6015
SpiceJet,21/05/2019,Chennai,Kolkata,MAA → CCU,08:20,10:35,2h 15m,non-stop,No info,3597
IndiGo,24/04/2019,Kolkata,Banglore,CCU → BLR,22:15,00:50 25 Apr,2h 35m,non-stop,No info,4804
Air India,09/03/2019,Banglore,New Delhi,BLR → VGA → HYD → DEL,10:30,21:25,10h 55m,2 stops,No info,9586
GoAir,3/06/2019,Delhi,Cochin,DEL → BOM → COK,14:25,19:35,5h 10m,1 stop,No info,9069
Air India,27/06/2019,Banglore,Delhi,BLR → DEL,10:00,12:45,2h 45m,non-stop,No info,6961
IndiGo,27/05/2019,Delhi,Cochin,DEL → HYD → COK,07:35,22:30,14h 55m,1 stop,No info,7514
Air India,18/05/2019,Kolkata,Banglore,CCU → BOM → BLR,09:25,07:55 19 May,22h 30m,1 stop,No info,8366
Jet Airways,9/05/2019,Kolkata,Banglore,CCU → BOM → BLR,21:10,04:40 10 May,7h 30m,1 stop,No info,14388
IndiGo,1/05/2019,Kolkata,Banglore,CCU → BLR,22:15,00:50 02 May,2h 35m,non-stop,No info,4804
Jet Airways,6/06/2019,Delhi,Cochin,DEL → BDQ → BOM → COK,18:25,04:25 07 Jun,10h,2 stops,In-flight meal not included,12142
IndiGo,21/05/2019,Chennai,Kolkata,MAA → CCU,22:05,00:25 22 May,2h 20m,non-stop,No info,5277
Jet Airways,12/06/2019,Kolkata,Banglore,CCU → BOM → BLR,21:10,08:15 13 Jun,11h 5m,1 stop,In-flight meal not included,8529
Vistara,1/05/2019,Kolkata,Banglore,CCU → DEL → BLR,07:10,10:45 02 May,27h 35m,1 stop,No info,9187
Air India,18/05/2019,Kolkata,Banglore,CCU → BOM → HBX → BLR,09:25,17:20 19 May,31h 55m,2 stops,No info,13616
IndiGo,3/06/2019,Chennai,Kolkata,MAA → CCU,19:35,21:55,2h 20m,non-stop,No info,3597
Multiple carriers,24/06/2019,Delhi,Cochin,DEL → BOM → COK,11:25,19:15,7h 50m,1 stop,No info,7155
Air India,12/06/2019,Kolkata,Banglore,CCU → DEL → COK → BLR,20:30,13:45 13 Jun,17h 15m,2 stops,No info,12224
IndiGo,6/05/2019,Kolkata,Banglore,CCU → BBI → BLR,19:35,23:15,3h 40m,1 stop,No info,4226
Jet Airways,6/06/2019,Kolkata,Banglore,CCU → BOM → BLR,20:00,16:20 07 Jun,20h 20m,1 stop,In-flight meal not included,10844
SpiceJet,21/03/2019,Chennai,Kolkata,MAA → CCU,09:30,12:05,2h 35m,non-stop,No info,3384
Air India,6/03/2019,Mumbai,Hyderabad,BOM → BLR → HYD,20:15,09:15 07 Mar,13h,1 stop,No info,9535
Multiple carriers,12/06/2019,Delhi,Cochin,DEL → BOM → COK,09:15,19:00,9h 45m,1 stop,No info,11622
Jet Airways,24/03/2019,Kolkata,Banglore,CCU → BOM → BLR,16:55,16:20 25 Mar,23h 25m,1 stop,In-flight meal not included,11134
IndiGo,12/06/2019,Chennai,Kolkata,MAA → CCU,07:55,10:15,2h 20m,non-stop,No info,3850
Jet Airways,12/06/2019,Kolkata,Banglore,CCU → BOM → BLR,06:30,19:50,13h 20m,1 stop,No info,13626
IndiGo,27/06/2019,Delhi,Cochin,DEL → LKO → COK,21:50,03:35 28 Jun,5h 45m,1 stop,No info,5775
IndiGo,6/06/2019,Kolkata,Banglore,CCU → HYD → BLR,15:15,20:30,5h 15m,1 stop,No info,5170
Jet Airways,12/05/2019,Kolkata,Banglore,CCU → BOM → BLR,16:30,09:20 13 May,16h 50m,1 stop,No info,14388
Jet Airways,6/06/2019,Kolkata,Banglore,CCU → BOM → BLR,21:10,10:05 07 Jun,12h 55m,1 stop,No info,14571
IndiGo,18/04/2019,Banglore,Delhi,BLR → DEL,01:30,04:15,2h 45m,non-stop,No info,4591
Jet Airways,6/06/2019,Delhi,Cochin,DEL → BOM → COK,21:50,19:00 07 Jun,21h 10m,1 stop,No info,14714
Multiple carriers,24/06/2019,Delhi,Cochin,DEL → BOM → COK,07:30,19:15,11h 45m,1 stop,No info,7354
Air India,27/06/2019,Delhi,Cochin,DEL → BLR → COK,09:45,23:00,13h 15m,1 stop,No info,8907
Air India,21/05/2019,Kolkata,Banglore,CCU → VNS → DEL → BLR,14:30,23:15,8h 45m,2 stops,No info,15107
Jet Airways,18/05/2019,Delhi,Cochin,DEL → BOM → COK,09:00,19:00,10h,1 stop,In-flight meal not included,12373
IndiGo,1/06/2019,Kolkata,Banglore,CCU → BLR,20:20,22:55,2h 35m,non-stop,No info,4804
IndiGo,9/05/2019,Delhi,Cochin,DEL → BOM → COK,09:15,01:30 10 May,16h 15m,1 stop,No info,8854
IndiGo,6/05/2019,Kolkata,Banglore,CCU → HYD → BLR,19:20,23:45,4h 25m,1 stop,No info,3809
Multiple carriers,12/06/2019,Delhi,Cochin,DEL → HYD → COK,09:45,16:10,6h 25m,1 stop,No info,9646
Jet Airways,18/03/2019,Mumbai,Hyderabad,BOM → HYD,15:50,17:20,1h 30m,non-stop,No info,5678
Jet Airways,1/04/2019,Kolkata,Banglore,CCU → BOM → BLR,16:30,16:20 02 Apr,23h 50m,1 stop,In-flight meal not included,7064
IndiGo,6/03/2019,Delhi,Cochin,DEL → BOM → COK,06:40,13:20,6h 40m,1 stop,No info,14871
GoAir,12/06/2019,Delhi,Cochin,DEL → AMD → COK,07:25,13:35,6h 10m,1 stop,No info,5842
Jet Airways,6/06/2019,Kolkata,Banglore,CCU → BOM → BLR,06:30,12:00,5h 30m,1 stop,In-flight meal not included,10844
Jet Airways,18/05/2019,Kolkata,Banglore,CCU → BOM → BLR,20:00,20:45 19 May,24h 45m,1 stop,In-flight meal not included,10844
Air Asia,24/04/2019,Banglore,Delhi,BLR → DEL,11:10,13:55,2h 45m,non-stop,No info,3383
Air India,01/03/2019,Banglore,New Delhi,BLR → MAA → DEL,11:50,08:55 02 Mar,21h 5m,1 stop,1 Long layover,14594
Multiple carriers,27/06/2019,Delhi,Cochin,DEL → BOM → COK,08:45,19:15,10h 30m,1 stop,No info,8266
Jet Airways,01/03/2019,Banglore,New Delhi,BLR → BOM → DEL,22:50,05:05 02 Mar,6h 15m,1 stop,No info,26890
IndiGo,24/05/2019,Kolkata,Banglore,CCU → BLR,09:35,12:20,2h 45m,non-stop,No info,4804
Jet Airways,27/06/2019,Delhi,Cochin,DEL → NAG → BOM → COK,06:45,12:35 28 Jun,29h 50m,2 stops,In-flight meal not included,10919
Jet Airways,24/06/2019,Delhi,Cochin,DEL → JAI → BOM → COK,09:40,12:35 25 Jun,26h 55m,2 stops,No info,13014
IndiGo,1/04/2019,Kolkata,Banglore,CCU → BLR,04:40,07:15,2h 35m,non-stop,No info,4174
Jet Airways,21/05/2019,Delhi,Cochin,DEL → BOM → COK,10:00,19:00,9h,1 stop,No info,16079
Air India,12/06/2019,Delhi,Cochin,DEL → LKO → BOM → COK,07:10,07:40 13 Jun,24h 30m,2 stops,No info,12488
Jet Airways,9/06/2019,Delhi,Cochin,DEL → JAI → BOM → COK,09:40,19:00,9h 20m,2 stops,In-flight meal not included,10368
Multiple carriers,9/05/2019,Delhi,Cochin,DEL → BOM → COK,17:00,01:30 10 May,8h 30m,1 stop,No info,9424
IndiGo,21/06/2019,Mumbai,Hyderabad,BOM → HYD,21:20,22:50,1h 30m,non-stop,No info,2227
GoAir,9/06/2019,Delhi,Cochin,DEL → BOM → COK,14:25,19:35,5h 10m,1 stop,No info,9069
IndiGo,27/05/2019,Delhi,Cochin,DEL → HYD → COK,08:35,22:30,13h 55m,1 stop,No info,6442
Jet Airways,21/06/2019,Banglore,Delhi,BLR → DEL,17:45,20:45,3h,non-stop,In-flight meal not included,7754
Air India,27/05/2019,Delhi,Cochin,DEL → GOI → BOM → COK,22:00,19:15 28 May,21h 15m,2 stops,No info,10231
Air India,24/06/2019,Delhi,Cochin,DEL → AMD → BOM → COK,16:40,19:15 25 Jun,26h 35m,2 stops,No info,9443
Multiple carriers,21/05/2019,Delhi,Cochin,DEL → IDR → BOM → COK,15:05,01:30 22 May,10h 25m,2 stops,No info,16655
Jet Airways,6/03/2019,Mumbai,Hyderabad,BOM → BDQ → DEL → HYD,19:50,16:50 07 Mar,21h,2 stops,No info,24210
Jet Airways,3/04/2019,Mumbai,Hyderabad,BOM → HYD,02:55,04:20,1h 25m,non-stop,No info,5678
Multiple carriers,18/05/2019,Delhi,Cochin,DEL → BOM → COK,19:00,01:30 19 May,6h 30m,1 stop,No info,8283
Jet Airways,9/03/2019,Delhi,Cochin,DEL → BOM → COK,16:00,04:25 10 Mar,12h 25m,1 stop,No info,16289
Jet Airways,1/06/2019,Delhi,Cochin,DEL → BOM → COK,22:50,04:25 02 Jun,5h 35m,1 stop,In-flight meal not included,10262
SpiceJet,9/05/2019,Kolkata,Banglore,CCU → KNU → BLR,11:35,18:50,7h 15m,1 stop,No info,8479
Jet Airways,15/05/2019,Kolkata,Banglore,CCU → DEL → BLR,20:25,18:00 16 May,21h 35m,1 stop,No info,14151
IndiGo,24/04/2019,Delhi,Cochin,DEL → HYD → COK,06:50,12:10,5h 20m,1 stop,No info,5298
Multiple carriers,9/03/2019,Delhi,Cochin,DEL → BOM → COK,08:00,21:00,13h,1 stop,No info,16023
Jet Airways,21/03/2019,Delhi,Cochin,DEL → JAI → BOM → COK,05:30,18:50 22 Mar,37h 20m,2 stops,In-flight meal not included,9328
Jet Airways,9/06/2019,Delhi,Cochin,DEL → JAI → BOM → COK,09:40,12:35 10 Jun,26h 55m,2 stops,In-flight meal not included,10368
Air India,6/06/2019,Delhi,Cochin,DEL → GOI → BOM → COK,22:00,19:15 07 Jun,21h 15m,2 stops,No info,10441
Jet Airways,1/05/2019,Kolkata,Banglore,CCU → DEL → BLR,17:00,09:45 02 May,16h 45m,1 stop,In-flight meal not included,9314
IndiGo,3/06/2019,Kolkata,Banglore,CCU → BLR,09:35,12:10,2h 35m,non-stop,No info,4804
Multiple carriers,1/06/2019,Delhi,Cochin,DEL → BOM → COK,09:00,19:15,10h 15m,1 stop,No info,16108
SpiceJet,15/03/2019,Chennai,Kolkata,MAA → CCU,09:30,12:05,2h 35m,non-stop,No info,6300
Vistara,12/03/2019,Mumbai,Hyderabad,BOM → DEL → HYD,07:30,19:55,12h 25m,1 stop,No info,12080
Jet Airways,12/06/2019,Delhi,Cochin,DEL → BOM → COK,20:55,12:35 13 Jun,15h 40m,1 stop,In-flight meal not included,10262
Jet Airways,01/03/2019,Banglore,New Delhi,BLR → BOM → DEL,22:50,10:25 02 Mar,11h 35m,1 stop,1 Long layover,31825
Jet Airways,6/05/2019,Kolkata,Banglore,CCU → BOM → BLR,16:30,19:50 07 May,27h 20m,1 stop,In-flight meal not included,9663
Multiple carriers,21/03/2019,Delhi,Cochin,DEL → BOM → COK,07:05,19:15,12h 10m,1 stop,No info,13378
Jet Airways,3/03/2019,Delhi,Cochin,DEL → BHO → BOM → COK,05:40,18:50 04 Mar,37h 10m,2 stops,No info,21314
SpiceJet,27/06/2019,Chennai,Kolkata,MAA → CCU,17:45,20:05,2h 20m,non-stop,No check-in baggage included,3543
Jet Airways,1/06/2019,Mumbai,Hyderabad,BOM → HYD,02:55,04:20,1h 25m,non-stop,No info,5678
Jet Airways,24/03/2019,Mumbai,Hyderabad,BOM → HYD,07:10,08:35,1h 25m,non-stop,No info,5678
Jet Airways,6/05/2019,Kolkata,Banglore,CCU → DEL → BLR,09:35,19:10,9h 35m,1 stop,No info,13067
IndiGo,15/06/2019,Mumbai,Hyderabad,BOM → HYD,21:20,22:50,1h 30m,non-stop,No info,2227
Jet Airways,27/06/2019,Mumbai,Hyderabad,BOM → HYD,19:35,21:05,1h 30m,non-stop,No info,5678
Jet Airways,1/05/2019,Kolkata,Banglore,CCU → DEL → BLR,20:25,14:25 02 May,18h,1 stop,In-flight meal not included,9314
Air Asia,18/04/2019,Kolkata,Banglore,CCU → BLR,22:50,01:20 19 Apr,2h 30m,non-stop,No info,4409
Multiple carriers,15/05/2019,Delhi,Cochin,DEL → BOM → COK,13:00,21:00,8h,1 stop,No info,13727
Jet Airways,6/06/2019,Mumbai,Hyderabad,BOM → HYD,10:20,11:50,1h 30m,non-stop,In-flight meal not included,4995
Jet Airways,21/05/2019,Kolkata,Banglore,CCU → DEL → BLR,20:25,09:45 22 May,13h 20m,1 stop,In-flight meal not included,12384
Vistara,9/05/2019,Kolkata,Banglore,CCU → DEL → BLR,07:10,20:20,13h 10m,1 stop,No info,8610
Jet Airways,27/06/2019,Delhi,Cochin,DEL → BOM → COK,13:00,12:35 28 Jun,23h 35m,1 stop,In-flight meal not included,10262
Air India,18/05/2019,Kolkata,Banglore,CCU → IXR → DEL → BLR,05:50,12:30 19 May,30h 40m,2 stops,No info,12723
Multiple carriers,9/06/2019,Delhi,Cochin,DEL → BOM → COK,16:00,01:30 10 Jun,9h 30m,1 stop,No info,13587
Jet Airways,6/06/2019,Delhi,Cochin,DEL → NAG → BOM → COK,06:45,04:25 07 Jun,21h 40m,2 stops,No info,13376
IndiGo,24/06/2019,Delhi,Cochin,DEL → HYD → COK,06:50,12:10,5h 20m,1 stop,No info,5298
Air Asia,9/05/2019,Banglore,Delhi,BLR → DEL,11:10,13:55,2h 45m,non-stop,No info,3383
SpiceJet,24/05/2019,Banglore,Delhi,BLR → DEL,21:10,00:05 25 May,2h 55m,non-stop,No check-in baggage included,3919
IndiGo,18/05/2019,Delhi,Cochin,DEL → BOM → COK,06:40,21:00,14h 20m,1 stop,No info,6758
Jet Airways,27/03/2019,Delhi,Cochin,DEL → BOM → COK,09:55,04:25 28 Mar,18h 30m,1 stop,In-flight meal not included,6540
Air India,12/06/2019,Delhi,Cochin,DEL → BOM → COK,10:00,19:15,9h 15m,1 stop,No info,8372
SpiceJet,15/03/2019,Banglore,New Delhi,BLR → HYD → DEL,15:35,23:40,8h 5m,1 stop,No info,5822
Multiple carriers,21/03/2019,Delhi,Cochin,DEL → BOM → COK,04:45,12:35,7h 50m,1 stop,No info,9838
Jet Airways,15/05/2019,Kolkata,Banglore,CCU → BOM → BLR,16:30,12:00 16 May,19h 30m,1 stop,In-flight meal not included,10844
SpiceJet,15/05/2019,Chennai,Kolkata,MAA → CCU,17:45,20:05,2h 20m,non-stop,No info,3597
Jet Airways,27/03/2019,Delhi,Cochin,DEL → IXC → BOM → COK,06:20,04:25 28 Mar,22h 5m,2 stops,No info,12273
Jet Airways,01/03/2019,Banglore,New Delhi,BLR → BOM → DEL,22:50,23:00 02 Mar,24h 10m,1 stop,No info,25735
SpiceJet,24/04/2019,Delhi,Cochin,DEL → MAA → COK,15:45,22:05,6h 20m,1 stop,No info,5583
Multiple carriers,3/06/2019,Delhi,Cochin,DEL → BOM → COK,08:30,19:00,10h 30m,1 stop,No info,11200
Air India,12/03/2019,Mumbai,Hyderabad,BOM → BLR → HYD,09:15,09:15 13 Mar,24h,1 stop,No info,8065
IndiGo,6/06/2019,Delhi,Cochin,DEL → BOM → COK,18:35,01:30 07 Jun,6h 55m,1 stop,No info,6628
Jet Airways,12/06/2019,Delhi,Cochin,DEL → BOM → COK,19:45,19:00 13 Jun,23h 15m,1 stop,In-flight meal not included,10262
GoAir,3/04/2019,Banglore,Delhi,BLR → DEL,20:55,23:40,2h 45m,non-stop,No info,4239
Jet Airways,15/06/2019,Delhi,Cochin,DEL → BOM → COK,09:00,04:25 16 Jun,19h 25m,1 stop,In-flight meal not included,10262
Air India,6/05/2019,Delhi,Cochin,DEL → COK,14:10,17:10,3h,non-stop,No info,6934
Air India,15/06/2019,Delhi,Cochin,DEL → BOM → COK,10:00,19:15,9h 15m,1 stop,No info,11241
Air India,1/04/2019,Kolkata,Banglore,CCU → GAU → DEL → BLR,16:45,08:55 02 Apr,16h 10m,2 stops,No info,9920
Air India,9/06/2019,Delhi,Cochin,DEL → MAA → COK,20:40,09:25 10 Jun,12h 45m,1 stop,No info,7690
Jet Airways,9/05/2019,Delhi,Cochin,DEL → JAI → BOM → COK,19:30,04:25 10 May,8h 55m,2 stops,No info,15129
Air India,9/06/2019,Kolkata,Banglore,CCU → DEL → BLR,20:30,20:25 10 Jun,23h 55m,1 stop,No info,10203
Multiple carriers,21/03/2019,Delhi,Cochin,DEL → BOM → COK,09:00,15:30,6h 30m,1 stop,No info,8307
Multiple carriers,1/06/2019,Delhi,Cochin,DEL → BOM → COK,08:45,19:15,10h 30m,1 stop,No info,10261
Jet Airways,3/06/2019,Delhi,Cochin,DEL → BOM → COK,17:30,12:35 04 Jun,19h 5m,1 stop,In-flight meal not included,10262
IndiGo,24/04/2019,Kolkata,Banglore,CCU → BLR,15:15,17:45,2h 30m,non-stop,No info,4804
Jet Airways,9/06/2019,Kolkata,Banglore,CCU → DEL → BLR,20:25,09:45 10 Jun,13h 20m,1 stop,No info,14151
Air India,03/03/2019,Banglore,New Delhi,BLR → DEL,13:20,16:10,2h 50m,non-stop,No info,10216
IndiGo,15/04/2019,Banglore,Delhi,BLR → DEL,20:00,22:50,2h 50m,non-stop,No info,4823
Vistara,6/03/2019,Mumbai,Hyderabad,BOM → DEL → HYD,15:40,16:45 07 Mar,25h 5m,1 stop,No info,12395
Jet Airways,21/03/2019,Delhi,Cochin,DEL → AMD → BOM → COK,19:10,18:50 22 Mar,23h 40m,2 stops,In-flight meal not included,6643
Air India,1/05/2019,Kolkata,Banglore,CCU → BBI → BOM → BLR,12:00,11:10 02 May,23h 10m,2 stops,No info,11148
IndiGo,1/03/2019,Chennai,Kolkata,MAA → CCU,05:15,07:35,2h 20m,non-stop,No info,7295
SpiceJet,15/05/2019,Kolkata,Banglore,CCU → IXB → BLR,15:55,21:25,5h 30m,1 stop,No info,7804
Vistara,24/03/2019,Banglore,New Delhi,BLR → DEL,21:10,00:05 28 Mar,2h 55m,non-stop,No info,4353
Air Asia,9/06/2019,Delhi,Cochin,DEL → BLR → COK,07:55,13:25,5h 30m,1 stop,No info,8759
IndiGo,6/04/2019,Kolkata,Banglore,CCU → MAA → BLR,06:15,10:30,4h 15m,1 stop,No info,4226
IndiGo,9/05/2019,Chennai,Kolkata,MAA → CCU,11:35,14:00,2h 25m,non-stop,No info,4332
Air India,9/05/2019,Kolkata,Banglore,CCU → BOM → AMD → BLR,09:25,05:25 10 May,20h,2 stops,No info,14687
Air Asia,3/06/2019,Kolkata,Banglore,CCU → BLR,10:20,12:55,2h 35m,non-stop,No info,4409
Multiple carriers,15/06/2019,Delhi,Cochin,DEL → BOM → COK,13:00,21:00,8h,1 stop,No info,7408
Air India,21/03/2019,Delhi,Cochin,DEL → BOM → COK,21:00,19:15 22 Mar,22h 15m,1 stop,No info,6587
Jet Airways,3/06/2019,Delhi,Cochin,DEL → BOM → COK,18:15,04:25 04 Jun,10h 10m,1 stop,In-flight meal not included,10262
Air India,6/03/2019,Delhi,Cochin,DEL → AMD → BOM → COK,19:45,19:15 07 Mar,23h 30m,2 stops,No info,12646
IndiGo,15/04/2019,Delhi,Cochin,DEL → BLR → COK,17:05,22:15,5h 10m,1 stop,No info,5912
Jet Airways,9/06/2019,Delhi,Cochin,DEL → LKO → BOM → COK,21:35,12:35 10 Jun,15h,2 stops,No info,13882
Jet Airways,3/06/2019,Mumbai,Hyderabad,BOM → HYD,02:55,04:20,1h 25m,non-stop,In-flight meal not included,4050
SpiceJet,27/06/2019,Banglore,Delhi,BLR → DEL,09:30,12:20,2h 50m,non-stop,No check-in baggage included,3573
GoAir,9/06/2019,Kolkata,Banglore,CCU → HYD → BLR,06:40,14:35,7h 55m,1 stop,No info,3673
Jet Airways,27/03/2019,Delhi,Cochin,DEL → IDR → BOM → COK,05:25,18:50,13h 25m,2 stops,In-flight meal not included,9254
Jet Airways,6/05/2019,Kolkata,Banglore,CCU → BOM → BLR,08:25,18:15,9h 50m,1 stop,In-flight meal not included,10844
Jet Airways,18/06/2019,Mumbai,Hyderabad,BOM → HYD,08:45,10:15,1h 30m,non-stop,No info,8040
Multiple carriers,3/03/2019,Delhi,Cochin,DEL → BOM → COK,04:00,15:30,11h 30m,1 stop,No info,14973
Multiple carriers,27/03/2019,Delhi,Cochin,DEL → BOM → COK,18:15,01:35 28 Mar,7h 20m,1 stop,No info,12327
Jet Airways,21/03/2019,Delhi,Cochin,DEL → IDR → BOM → COK,10:20,04:25 23 Mar,42h 5m,2 stops,No info,11664
IndiGo,01/03/2019,Banglore,New Delhi,BLR → DEL,22:20,01:10 02 Mar,2h 50m,non-stop,No info,11934
SpiceJet,27/06/2019,Chennai,Kolkata,MAA → CCU,08:20,10:35,2h 15m,non-stop,No info,3597
Multiple carriers,18/05/2019,Delhi,Cochin,DEL → BOM → COK,07:05,21:00,13h 55m,1 stop,No info,13727
SpiceJet,12/06/2019,Kolkata,Banglore,CCU → BLR,06:55,09:30,2h 35m,non-stop,No check-in baggage included,3841
Air India,27/05/2019,Delhi,Cochin,DEL → BOM → COK,13:00,19:15,6h 15m,1 stop,No info,9719
Multiple carriers,12/06/2019,Delhi,Cochin,DEL → BOM → COK,10:00,19:00,9h,1 stop,No info,12192
IndiGo,24/06/2019,Delhi,Cochin,DEL → HYD → COK,06:50,16:10,9h 20m,1 stop,No info,6442
Air India,15/05/2019,Delhi,Cochin,DEL → BOM → COK,07:00,19:15,12h 15m,1 stop,No info,8669
Multiple carriers,27/06/2019,Delhi,Cochin,DEL → BOM → COK,07:30,21:00,13h 30m,1 stop,No info,7005
IndiGo,24/04/2019,Delhi,Cochin,DEL → BOM → COK,04:55,21:00,16h 5m,1 stop,No info,6162
IndiGo,21/06/2019,Banglore,Delhi,BLR → DEL,08:30,11:20,2h 50m,non-stop,No info,4823
Multiple carriers,18/05/2019,Delhi,Cochin,DEL → BOM → COK,15:00,01:30 19 May,10h 30m,1 stop,No info,13727
Jet Airways,24/05/2019,Delhi,Cochin,DEL → JAI → BOM → COK,05:30,04:25 25 May,22h 55m,2 stops,No info,15129
Jet Airways,24/05/2019,Kolkata,Banglore,CCU → DEL → BLR,20:25,21:05 25 May,24h 40m,1 stop,No info,14151
Air India,9/06/2019,Delhi,Cochin,DEL → TRV → COK,05:15,06:50 10 Jun,25h 35m,1 stop,No info,6587
Jet Airways,3/06/2019,Delhi,Cochin,DEL → JAI → BOM → COK,05:30,19:00,13h 30m,2 stops,No info,13014
Air India,03/03/2019,Banglore,New Delhi,BLR → DEL,10:00,12:45,2h 45m,non-stop,No info,11423
Jet Airways,3/06/2019,Delhi,Cochin,DEL → JAI → BOM → COK,09:40,12:35 04 Jun,26h 55m,2 stops,In-flight meal not included,10368
IndiGo,6/04/2019,Kolkata,Banglore,CCU → BLR,04:40,07:15,2h 35m,non-stop,No info,4174
Jet Airways,6/05/2019,Kolkata,Banglore,CCU → BOM → BLR,16:30,20:45 07 May,28h 15m,1 stop,In-flight meal not included,9663
Jet Airways,21/05/2019,Delhi,Cochin,DEL → BOM → COK,22:50,19:00 22 May,20h 10m,1 stop,No info,16079
IndiGo,12/06/2019,Mumbai,Hyderabad,BOM → HYD,16:55,18:25,1h 30m,non-stop,No info,3175
Jet Airways,15/04/2019,Delhi,Cochin,DEL → COK,11:00,14:15,3h 15m,non-stop,In-flight meal not included,5443
Jet Airways,18/05/2019,Kolkata,Banglore,CCU → BOM → BLR,05:45,12:00,6h 15m,1 stop,No info,13941
Air Asia,3/06/2019,Kolkata,Banglore,CCU → BLR,22:50,01:20 04 Jun,2h 30m,non-stop,No info,4409
Jet Airways,21/05/2019,Delhi,Cochin,DEL → AMD → BOM → COK,19:10,19:00 22 May,23h 50m,2 stops,No info,15129
Air Asia,1/05/2019,Kolkata,Banglore,CCU → BLR,10:20,12:55,2h 35m,non-stop,No info,4409
SpiceJet,24/05/2019,Kolkata,Banglore,CCU → IXB → BLR,15:55,21:25,5h 30m,1 stop,No info,7804
IndiGo,18/03/2019,Kolkata,Banglore,CCU → BLR,20:25,23:05,2h 40m,non-stop,No info,4462
IndiGo,6/03/2019,Delhi,Cochin,DEL → HYD → COK,07:35,22:20,14h 45m,1 stop,No info,7094
IndiGo,27/06/2019,Banglore,Delhi,BLR → DEL,01:30,04:15,2h 45m,non-stop,No info,3419
IndiGo,27/05/2019,Delhi,Cochin,DEL → BLR → COK,17:05,22:15,5h 10m,1 stop,No info,6373
Air India,24/05/2019,Kolkata,Banglore,CCU → BBI → HYD → BLR,09:10,11:05 25 May,25h 55m,2 stops,No info,6117
SpiceJet,1/06/2019,Kolkata,Banglore,CCU → BLR,14:55,17:25,2h 30m,non-stop,No check-in baggage included,3841
Multiple carriers,21/05/2019,Delhi,Cochin,DEL → BOM → COK,12:50,19:15,6h 25m,1 stop,No info,8266
Jet Airways,15/06/2019,Mumbai,Hyderabad,BOM → HYD,19:35,21:05,1h 30m,non-stop,No info,5678
Air India,21/05/2019,Kolkata,Banglore,CCU → BLR,14:15,16:45,2h 30m,non-stop,No info,5510
SpiceJet,6/05/2019,Banglore,Delhi,BLR → DEL,21:10,00:05 07 May,2h 55m,non-stop,No check-in baggage included,3573
Jet Airways,1/06/2019,Delhi,Cochin,DEL → BOM → COK,19:15,12:35 02 Jun,17h 20m,1 stop,In-flight meal not included,10262
Jet Airways,9/05/2019,Delhi,Cochin,DEL → BOM → COK,15:00,04:25 10 May,13h 25m,1 stop,In-flight meal not included,12373
Air India,9/05/2019,Delhi,Cochin,DEL → COK,14:10,17:10,3h,non-stop,No info,6094
Multiple carriers,1/06/2019,Delhi,Cochin,DEL → BOM → COK,11:40,21:00,9h 20m,1 stop,No info,7740
Jet Airways,15/05/2019,Kolkata,Banglore,CCU → DEL → BLR,09:35,19:10,9h 35m,1 stop,No info,13067
Multiple carriers,9/04/2019,Delhi,Cochin,DEL → HYD → COK,07:05,18:10,11h 5m,1 stop,No info,6601
SpiceJet,1/03/2019,Chennai,Kolkata,MAA → CCU,17:45,20:05,2h 20m,non-stop,No info,7718
SpiceJet,27/05/2019,Kolkata,Banglore,CCU → BLR,17:10,19:40,2h 30m,non-stop,No info,3873
Jet Airways,21/03/2019,Delhi,Cochin,DEL → BOM → COK,20:50,04:25 22 Mar,7h 35m,1 stop,No info,14189
IndiGo,27/03/2019,Delhi,Cochin,DEL → BOM → COK,17:10,01:35 28 Mar,8h 25m,1 stop,No info,6316
Jet Airways,27/05/2019,Delhi,Cochin,DEL → JAI → BOM → COK,09:40,12:35 28 May,26h 55m,2 stops,In-flight meal not included,13029
Air India,15/03/2019,Banglore,New Delhi,BLR → VGA → HYD → DEL,10:30,21:25,10h 55m,2 stops,No info,6593
Jet Airways,27/06/2019,Delhi,Cochin,DEL → BOM → COK,14:00,12:35 28 Jun,22h 35m,1 stop,In-flight meal not included,10262
Air India,21/05/2019,Chennai,Kolkata,MAA → CCU,11:40,13:55,2h 15m,non-stop,No info,4667
Jet Airways,15/06/2019,Delhi,Cochin,DEL → LKO → BOM → COK,11:45,12:35 16 Jun,24h 50m,2 stops,No info,13882
IndiGo,24/03/2019,Banglore,New Delhi,BLR → DEL,21:20,00:15 22 Mar,2h 55m,non-stop,No info,4777
Jet Airways,18/05/2019,Delhi,Cochin,DEL → JAI → BOM → COK,05:30,04:25 19 May,22h 55m,2 stops,In-flight meal not included,13029
Vistara,1/04/2019,Kolkata,Banglore,CCU → DEL → BLR,20:20,10:45 02 Apr,14h 25m,1 stop,No info,8505
IndiGo,27/04/2019,Kolkata,Banglore,CCU → BLR,15:30,18:05,2h 35m,non-stop,No info,4804
Air India,6/05/2019,Kolkata,Banglore,CCU → GAU → DEL → BLR,09:50,23:15,13h 25m,2 stops,No info,14120
Multiple carriers,9/03/2019,Delhi,Cochin,DEL → BOM → COK,08:40,19:45,11h 5m,1 stop,No info,18492
Jet Airways,3/06/2019,Delhi,Cochin,DEL → BOM → COK,21:50,04:25 04 Jun,6h 35m,1 stop,In-flight meal not included,12898
Jet Airways,9/05/2019,Kolkata,Banglore,CCU → DEL → BLR,09:35,21:05,11h 30m,1 stop,In-flight meal not included,12384
Air India,15/05/2019,Delhi,Cochin,DEL → MAA → COK,20:40,09:25 16 May,12h 45m,1 stop,No info,7480
Jet Airways,3/06/2019,Delhi,Cochin,DEL → BOM → COK,20:55,12:35 04 Jun,15h 40m,1 stop,No info,14714
SpiceJet,24/03/2019,Kolkata,Banglore,CCU → BLR,09:00,11:30,2h 30m,non-stop,No check-in baggage included,5201
IndiGo,24/06/2019,Banglore,Delhi,BLR → DEL,23:30,02:20 25 Jun,2h 50m,non-stop,No info,3943
Jet Airways,6/03/2019,Delhi,Cochin,DEL → AMD → BOM → COK,19:10,19:45 07 Mar,24h 35m,2 stops,No info,21954
Air India,24/03/2019,Kolkata,Banglore,CCU → GAU → DEL → BLR,16:45,23:15 25 Mar,30h 30m,2 stops,No info,12835
Jet Airways,24/03/2019,Kolkata,Banglore,CCU → BOM → BLR,08:25,23:25,15h,1 stop,In-flight meal not included,10031
Air India,21/03/2019,Banglore,New Delhi,BLR → MAA → DEL,11:50,13:00 19 Mar,25h 10m,1 stop,No info,5092
SpiceJet,24/04/2019,Banglore,Delhi,BLR → DEL,05:55,08:35,2h 40m,non-stop,No info,3971
Jet Airways,9/03/2019,Delhi,Cochin,DEL → BOM → COK,19:15,04:25 10 Mar,9h 10m,1 stop,In-flight meal not included,14053
Jet Airways,9/06/2019,Delhi,Cochin,DEL → JAI → BOM → COK,09:40,12:35 10 Jun,26h 55m,2 stops,No info,13014
Jet Airways,3/06/2019,Delhi,Cochin,DEL → JAI → BOM → COK,05:30,19:00,13h 30m,2 stops,In-flight meal not included,10368
Jet Airways,21/03/2019,Banglore,New Delhi,BLR → BOM → DEL,07:00,16:10,9h 10m,1 stop,In-flight meal not included,7832
Jet Airways,12/06/2019,Delhi,Cochin,DEL → JAI → BOM → COK,05:30,04:25 13 Jun,22h 55m,2 stops,In-flight meal not included,10368
Jet Airways,6/03/2019,Delhi,Cochin,DEL → BHO → BOM → COK,05:40,04:25 07 Mar,22h 45m,2 stops,In-flight meal not included,17271
Multiple carriers,27/03/2019,Delhi,Cochin,DEL → BOM → COK,15:15,01:35 28 Mar,10h 20m,1 stop,No info,6427
Jet Airways,24/05/2019,Kolkata,Banglore,CCU → BOM → BLR,18:55,18:15 25 May,23h 20m,1 stop,In-flight meal not included,10844
Jet Airways,9/05/2019,Kolkata,Banglore,CCU → BOM → BLR,14:05,19:50,5h 45m,1 stop,No info,14781
SpiceJet,18/05/2019,Chennai,Kolkata,MAA → CCU,08:20,10:35,2h 15m,non-stop,No check-in baggage included,3543
Jet Airways,18/03/2019,Banglore,New Delhi,BLR → BOM → DEL,05:45,13:15,7h 30m,1 stop,No info,12284
Jet Airways,27/03/2019,Delhi,Cochin,DEL → BOM → COK,09:00,18:50,9h 50m,1 stop,In-flight meal not included,5963
Multiple carriers,15/05/2019,Delhi,Cochin,DEL → BOM → COK,14:00,01:30 16 May,11h 30m,1 stop,No info,13727
Jet Airways,21/05/2019,Delhi,Cochin,DEL → BOM → COK,10:00,12:35 22 May,26h 35m,1 stop,In-flight meal not included,12898
IndiGo,6/06/2019,Kolkata,Banglore,CCU → BLR,22:15,00:50 07 Jun,2h 35m,non-stop,No info,4804
Jet Airways,12/03/2019,Banglore,New Delhi,BLR → BOM → DEL,18:55,10:45 13 Mar,15h 50m,1 stop,In-flight meal not included,11087
Multiple carriers,6/06/2019,Delhi,Cochin,DEL → BOM → COK,10:20,19:15,8h 55m,1 stop,No info,8266
IndiGo,01/03/2019,Banglore,New Delhi,BLR → DEL,18:55,21:45,2h 50m,non-stop,No info,14306
Jet Airways,06/03/2019,Banglore,New Delhi,BLR → BOM → DEL,16:55,05:05 07 Mar,12h 10m,1 stop,No info,16736
IndiGo,27/03/2019,Delhi,Cochin,DEL → HYD → COK,06:40,12:00,5h 20m,1 stop,No info,5298
Jet Airways,9/06/2019,Kolkata,Banglore,CCU → BOM → BLR,06:30,16:20,9h 50m,1 stop,No info,14571
Jet Airways,12/05/2019,Delhi,Cochin,DEL → COK,11:00,14:15,3h 15m,non-stop,No info,9564
Air India,15/06/2019,Delhi,Cochin,DEL → BHO → BOM → COK,05:55,19:15,13h 20m,2 stops,No info,12646
Air India,9/05/2019,Delhi,Cochin,DEL → JAI → BOM → COK,12:00,19:15,7h 15m,2 stops,No info,8918
Air India,3/04/2019,Kolkata,Banglore,CCU → HYD → BLR,19:00,11:05 04 Apr,16h 5m,1 stop,No info,4227
IndiGo,18/06/2019,Kolkata,Banglore,CCU → BLR,20:25,23:10,2h 45m,non-stop,No info,4804
IndiGo,3/06/2019,Kolkata,Banglore,CCU → BLR,22:15,00:50 04 Jun,2h 35m,non-stop,No info,4804
Vistara,24/05/2019,Banglore,Delhi,BLR → DEL,07:00,09:40,2h 40m,non-stop,No info,4668
Air Asia,24/03/2019,Banglore,New Delhi,BLR → DEL,05:50,08:40,2h 50m,non-stop,No info,3383
SpiceJet,24/03/2019,Kolkata,Banglore,CCU → KNU → BLR,11:35,18:50,7h 15m,1 stop,No info,9923
IndiGo,27/04/2019,Banglore,Delhi,BLR → DEL,13:00,15:50,2h 50m,non-stop,No info,4423
Multiple carriers,6/06/2019,Delhi,Cochin,DEL → BOM → COK,08:00,19:00,11h,1 stop,No info,12192
Jet Airways,18/04/2019,Banglore,Delhi,BLR → DEL,15:15,18:10,2h 55m,non-stop,No info,7229
IndiGo,18/03/2019,Mumbai,Hyderabad,BOM → HYD,20:05,21:35,1h 30m,non-stop,No info,2227
Air India,12/03/2019,Banglore,New Delhi,BLR → HYD → VGA → DEL,06:50,22:55,16h 5m,2 stops,No info,11474
Jet Airways,9/05/2019,Banglore,Delhi,BLR → DEL,19:50,22:50,3h,non-stop,No info,7229
Air India,27/03/2019,Delhi,Cochin,DEL → HYD → MAA → COK,17:15,09:25 28 Mar,16h 10m,2 stops,No info,6057
Air India,18/05/2019,Kolkata,Banglore,CCU → BLR,14:15,16:45,2h 30m,non-stop,No info,6245
Multiple carriers,27/05/2019,Delhi,Cochin,DEL → BOM → COK,11:30,19:15,7h 45m,1 stop,In-flight meal not included,9254
Air Asia,6/06/2019,Banglore,Delhi,BLR → DEL,23:55,02:45 07 Jun,2h 50m,non-stop,No info,7120
Multiple carriers,6/03/2019,Delhi,Cochin,DEL → BOM → COK,02:15,15:30,13h 15m,1 stop,No info,17057
Jet Airways,27/06/2019,Delhi,Cochin,DEL → JAI → BOM → COK,05:30,19:00,13h 30m,2 stops,In-flight meal not included,10368
IndiGo,24/05/2019,Banglore,Delhi,BLR → DEL,07:10,10:05,2h 55m,non-stop,No info,4823
SpiceJet,24/05/2019,Mumbai,Hyderabad,BOM → HYD,22:45,00:15 25 May,1h 30m,non-stop,No info,2017
Air Asia,1/05/2019,Kolkata,Banglore,CCU → DEL → BLR,07:35,23:30,15h 55m,1 stop,No info,5192
Air India,27/05/2019,Chennai,Kolkata,MAA → CCU,11:40,13:55,2h 15m,non-stop,No info,4667
Air Asia,15/05/2019,Delhi,Cochin,DEL → BLR → COK,20:45,07:10 16 May,10h 25m,1 stop,No info,6853
Jet Airways,12/03/2019,Banglore,New Delhi,BLR → BOM → DEL,18:55,09:30 13 Mar,14h 35m,1 stop,No info,13817
Multiple carriers,21/03/2019,Delhi,Cochin,DEL → BOM → COK,19:00,01:35 22 Mar,6h 35m,1 stop,No info,6838
Air India,01/03/2019,Banglore,New Delhi,BLR → DEL,13:20,16:10,2h 50m,non-stop,No info,12526
Air Asia,1/05/2019,Kolkata,Banglore,CCU → BBI → BLR,06:50,10:30,3h 40m,1 stop,No info,6857
Jet Airways,9/05/2019,Kolkata,Banglore,CCU → BOM → BLR,20:00,08:15 10 May,12h 15m,1 stop,In-flight meal not included,7757
IndiGo,3/05/2019,Banglore,Delhi,BLR → DEL,10:10,13:00,2h 50m,non-stop,No info,3943
Jet Airways,1/05/2019,Kolkata,Banglore,CCU → BOM → BLR,16:30,04:40 02 May,12h 10m,1 stop,In-flight meal not included,8586
Jet Airways,6/03/2019,Delhi,Cochin,DEL → BOM → COK,08:00,04:25 07 Mar,20h 25m,1 stop,No info,15974
Multiple carriers,15/05/2019,Delhi,Cochin,DEL → BOM → COK,06:40,19:00,12h 20m,1 stop,No info,9315
Air India,24/05/2019,Kolkata,Banglore,CCU → IXR → DEL → BLR,05:50,08:55 25 May,27h 5m,2 stops,No info,12723
Jet Airways,1/06/2019,Delhi,Cochin,DEL → BOM → COK,02:15,04:25 02 Jun,26h 10m,1 stop,In-flight meal not included,10262
GoAir,27/03/2019,Delhi,Cochin,DEL → BOM → COK,07:00,12:50,5h 50m,1 stop,No info,5281
Jet Airways,9/05/2019,Banglore,Delhi,BLR → DEL,15:15,18:10,2h 55m,non-stop,In-flight meal not included,4544
Vistara,1/06/2019,Banglore,Delhi,BLR → DEL,09:45,12:35,2h 50m,non-stop,No info,4878
Air India,18/06/2019,Kolkata,Banglore,CCU → BLR,14:15,16:45,2h 30m,non-stop,No info,5510
Jet Airways,24/06/2019,Delhi,Cochin,DEL → BOM → COK,22:50,04:25 25 Jun,5h 35m,1 stop,No info,14714
IndiGo,9/05/2019,Mumbai,Hyderabad,BOM → HYD,02:35,04:05,1h 30m,non-stop,No info,2754
Jet Airways,27/05/2019,Delhi,Cochin,DEL → AMD → BOM → COK,23:05,04:25 29 May,29h 20m,2 stops,No info,15129
IndiGo,9/05/2019,Delhi,Cochin,DEL → BOM → COK,11:25,21:00,9h 35m,1 stop,No info,6979
Jet Airways,27/06/2019,Delhi,Cochin,DEL → NAG → BOM → COK,14:35,12:35 28 Jun,22h,2 stops,No info,13376
GoAir,01/03/2019,Banglore,New Delhi,BLR → DEL,11:40,14:35,2h 55m,non-stop,No info,11111
Jet Airways,12/05/2019,Kolkata,Banglore,CCU → DEL → BLR,20:25,19:10 13 May,22h 45m,1 stop,No info,13067
Air India,12/06/2019,Kolkata,Banglore,CCU → GAU → DEL → BLR,09:50,23:15,13h 25m,2 stops,No info,14960
Air Asia,1/06/2019,Delhi,Cochin,DEL → BLR → COK,16:45,22:25,5h 40m,1 stop,No info,11410
Air India,12/05/2019,Kolkata,Banglore,CCU → BOM → BLR,09:25,21:50,12h 25m,1 stop,No info,8891
Air India,3/04/2019,Mumbai,Hyderabad,BOM → HYD,21:05,22:25,1h 20m,non-stop,No info,2050
Jet Airways,12/06/2019,Kolkata,Banglore,CCU → DEL → BLR,17:00,18:00 13 Jun,25h,1 stop,No info,12692
Multiple carriers,15/05/2019,Delhi,Cochin,DEL → HYD → COK,07:05,16:10,9h 5m,1 stop,No info,9646
Air India,12/06/2019,Kolkata,Banglore,CCU → DEL → BLR,17:30,20:25 13 Jun,26h 55m,1 stop,No info,10203
IndiGo,27/05/2019,Delhi,Cochin,DEL → BOM → COK,15:00,01:30 28 May,10h 30m,1 stop,No info,6628
GoAir,21/05/2019,Banglore,Delhi,BLR → DEL,07:45,10:40,2h 55m,non-stop,No info,5048
Vistara,6/06/2019,Banglore,Delhi,BLR → DEL,19:30,22:15,2h 45m,non-stop,No info,5088
Jet Airways,1/06/2019,Delhi,Cochin,DEL → BOM → COK,08:00,19:00,11h,1 stop,In-flight meal not included,10262
GoAir,24/03/2019,Kolkata,Banglore,CCU → HYD → BLR,06:35,14:25,7h 50m,1 stop,No info,4773
Jet Airways,21/03/2019,Delhi,Cochin,DEL → BOM → COK,14:00,04:25 22 Mar,14h 25m,1 stop,In-flight meal not included,7438
Air India,18/05/2019,Kolkata,Banglore,CCU → DEL → BLR,17:30,20:25 19 May,26h 55m,1 stop,No info,10623
IndiGo,12/03/2019,Kolkata,Banglore,CCU → BLR,14:20,16:55,2h 35m,non-stop,No info,4148
Jet Airways,27/06/2019,Delhi,Cochin,DEL → AMD → BOM → COK,23:05,12:35 28 Jun,13h 30m,2 stops,In-flight meal not included,11150
IndiGo,15/06/2019,Delhi,Cochin,DEL → HYD → COK,07:35,22:30,14h 55m,1 stop,No info,6442
IndiGo,21/05/2019,Chennai,Kolkata,MAA → CCU,19:35,21:55,2h 20m,non-stop,No info,3597
Air India,15/06/2019,Delhi,Cochin,DEL → MAA → COK,06:05,09:25 16 Jun,27h 20m,1 stop,No info,7480
SpiceJet,15/04/2019,Banglore,Delhi,BLR → DEL,09:30,12:20,2h 50m,non-stop,No check-in baggage included,4319
Air India,1/05/2019,Kolkata,Banglore,CCU → BBI → BOM → BLR,12:00,21:50,9h 50m,2 stops,No info,10676
GoAir,24/03/2019,Banglore,New Delhi,BLR → DEL,20:55,23:50,2h 55m,non-stop,No info,5706
Air India,6/06/2019,Kolkata,Banglore,CCU → BBI → BOM → BLR,12:00,21:50,9h 50m,2 stops,No info,9416
IndiGo,6/05/2019,Kolkata,Banglore,CCU → BLR,14:25,16:55,2h 30m,non-stop,No info,5224
IndiGo,1/05/2019,Banglore,Delhi,BLR → DEL,16:55,19:55,3h,non-stop,No info,4823
Jet Airways,18/03/2019,Banglore,New Delhi,BLR → BOM → DEL,07:00,13:15,6h 15m,1 stop,No info,12284
Air India,24/06/2019,Delhi,Cochin,DEL → BOM → COK,21:00,07:40 25 Jun,10h 40m,1 stop,No info,8372
Jet Airways,1/04/2019,Kolkata,Banglore,CCU → BOM → BLR,20:00,22:35 02 Apr,26h 35m,1 stop,No info,12681
Multiple carriers,12/06/2019,Delhi,Cochin,DEL → BOM → COK,04:55,12:35,7h 40m,1 stop,No info,10678
IndiGo,3/03/2019,Delhi,Cochin,DEL → BBI → COK,02:35,08:30,5h 55m,1 stop,No info,13790
Vistara,27/05/2019,Chennai,Kolkata,MAA → CCU,07:05,09:20,2h 15m,non-stop,No info,3687
Air Asia,3/04/2019,Banglore,Delhi,BLR → DEL,23:55,02:45 04 Apr,2h 50m,non-stop,No info,4483
Multiple carriers,9/06/2019,Delhi,Cochin,DEL → BOM → COK,09:00,21:00,12h,1 stop,No info,13587
Vistara,15/03/2019,Banglore,New Delhi,BLR → DEL,09:50,12:35,2h 45m,non-stop,No info,6138
IndiGo,15/05/2019,Kolkata,Banglore,CCU → MAA → BLR,06:20,10:20,4h,1 stop,No info,4226
Jet Airways,01/03/2019,Banglore,New Delhi,BLR → BOM → DEL,22:50,21:20 02 Mar,22h 30m,1 stop,No info,25735
Jet Airways,21/03/2019,Delhi,Cochin,DEL → IDR → BOM → COK,10:20,18:50 22 Mar,32h 30m,2 stops,No info,11664
Air India,27/05/2019,Delhi,Cochin,DEL → AMD → BOM → COK,16:40,19:15 28 May,26h 35m,2 stops,No info,9968
Jet Airways,21/05/2019,Kolkata,Banglore,CCU → GAU → BLR,10:20,17:35,7h 15m,1 stop,No info,8355
Jet Airways,12/03/2019,Banglore,New Delhi,BLR → BOM → DEL,22:55,15:15 13 Mar,16h 20m,1 stop,No info,13817
Air India,1/05/2019,Kolkata,Banglore,CCU → GAU → DEL → BLR,09:50,08:55 02 May,23h 5m,2 stops,No info,13227
Multiple carriers,15/05/2019,Delhi,Cochin,DEL → IDR → BOM → COK,15:05,01:30 16 May,10h 25m,2 stops,No info,16840
Air India,15/06/2019,Kolkata,Banglore,CCU → BLR,14:15,16:45,2h 30m,non-stop,No info,5510
IndiGo,24/05/2019,Kolkata,Banglore,CCU → HYD → BLR,19:20,23:45,4h 25m,1 stop,No info,3809
Vistara,15/03/2019,Delhi,Cochin,DEL → COK,14:55,17:50,2h 55m,non-stop,No info,6688
Air India,9/03/2019,Delhi,Cochin,DEL → MAA → COK,17:20,09:25 10 Mar,16h 5m,1 stop,No info,12415
IndiGo,27/05/2019,Banglore,Delhi,BLR → DEL,00:30,03:25,2h 55m,non-stop,No info,3419
Jet Airways,21/03/2019,Delhi,Cochin,DEL → JAI → BOM → COK,09:40,18:50,9h 10m,2 stops,No info,11702
IndiGo,18/05/2019,Mumbai,Hyderabad,BOM → HYD,20:05,21:40,1h 35m,non-stop,No info,2227
Jet Airways,6/06/2019,Delhi,Cochin,DEL → BOM → COK,02:15,12:35,10h 20m,1 stop,In-flight meal not included,10262
Jet Airways,21/05/2019,Kolkata,Banglore,CCU → BOM → BLR,21:10,22:35 22 May,25h 25m,1 stop,In-flight meal not included,10844
Air India,01/03/2019,Banglore,New Delhi,BLR → MAA → DEL,11:50,23:55,12h 5m,1 stop,Change airports,26092
Air India,15/05/2019,Delhi,Cochin,DEL → MAA → COK,12:30,09:25 16 May,20h 55m,1 stop,No info,7480
Vistara,9/03/2019,Delhi,Cochin,DEL → COK,14:55,17:50,2h 55m,non-stop,No info,6741
Jet Airways,1/05/2019,Kolkata,Banglore,CCU → BOM → BLR,21:10,08:15 02 May,11h 5m,1 stop,In-flight meal not included,10844
IndiGo,15/06/2019,Chennai,Kolkata,MAA → CCU,05:15,07:40,2h 25m,non-stop,No info,3540
Air India,1/06/2019,Mumbai,Hyderabad,BOM → HYD,21:05,22:25,1h 20m,non-stop,No info,3100
IndiGo,9/03/2019,Mumbai,Hyderabad,BOM → HYD,06:20,07:45,1h 25m,non-stop,No info,4392
Jet Airways,15/05/2019,Kolkata,Banglore,CCU → BOM → BLR,06:30,16:20,9h 50m,1 stop,In-flight meal not included,10844
Jet Airways,6/03/2019,Delhi,Cochin,DEL → IDR → BOM → COK,05:25,19:45 07 Mar,38h 20m,2 stops,No info,16914
SpiceJet,9/05/2019,Banglore,Delhi,BLR → DEL,05:55,08:35,2h 40m,non-stop,No check-in baggage included,3573
Jet Airways,6/06/2019,Kolkata,Banglore,CCU → BOM → BLR,21:10,04:40 07 Jun,7h 30m,1 stop,No info,13374
Jet Airways,15/03/2019,Banglore,New Delhi,BLR → BOM → DEL,05:45,15:15,9h 30m,1 stop,In-flight meal not included,9134
Vistara,12/05/2019,Banglore,Delhi,BLR → DEL,09:45,12:35,2h 50m,non-stop,No info,4668
Air India,12/06/2019,Kolkata,Banglore,CCU → BOM → COK → BLR,16:50,13:45 13 Jun,20h 55m,2 stops,No info,11542
Jet Airways,6/05/2019,Kolkata,Banglore,CCU → BOM → BLR,20:00,12:00 07 May,16h,1 stop,No info,14388
Air India,12/06/2019,Kolkata,Banglore,CCU → IXR → DEL → BLR,05:50,23:15,17h 25m,2 stops,No info,12723
Air Asia,6/06/2019,Kolkata,Banglore,CCU → BBI → BLR,06:50,10:30,3h 40m,1 stop,No info,6857
Jet Airways,24/06/2019,Delhi,Cochin,DEL → BOM → COK,08:00,19:00,11h,1 stop,1 Long layover,18581
Jet Airways,18/03/2019,Banglore,New Delhi,BLR → BOM → DEL,05:45,10:45,5h,1 stop,No info,12284
Jet Airways,27/06/2019,Delhi,Cochin,DEL → AMD → BOM → COK,23:05,19:00 28 Jun,19h 55m,2 stops,In-flight meal not included,11150
Multiple carriers,3/06/2019,Delhi,Cochin,DEL → BOM → COK,17:45,01:30 04 Jun,7h 45m,1 stop,No info,7530
Jet Airways,1/05/2019,Kolkata,Banglore,CCU → BOM → BLR,21:10,10:05 02 May,12h 55m,1 stop,In-flight meal not included,10844
IndiGo,18/06/2019,Chennai,Kolkata,MAA → CCU,05:15,07:40,2h 25m,non-stop,No info,3540
IndiGo,18/06/2019,Banglore,Delhi,BLR → DEL,04:00,06:50,2h 50m,non-stop,No info,3943
Multiple carriers,6/03/2019,Delhi,Cochin,DEL → BOM → COK,17:00,01:35 07 Mar,8h 35m,1 stop,No info,24318
Jet Airways,12/03/2019,Banglore,New Delhi,BLR → BOM → DEL,16:55,08:15 13 Mar,15h 20m,1 stop,No info,13817
Multiple carriers,27/05/2019,Delhi,Cochin,DEL → BOM → COK,13:00,21:00,8h,1 stop,No info,13587
Jet Airways,12/03/2019,Banglore,New Delhi,BLR → BOM → DEL,08:55,10:25 13 Mar,25h 30m,1 stop,In-flight meal not included,11087
Vistara,1/05/2019,Banglore,Delhi,BLR → DEL,11:30,14:20,2h 50m,non-stop,No info,4668
Air India,12/05/2019,Kolkata,Banglore,CCU → DEL → AMD → BLR,10:00,05:25 13 May,19h 25m,2 stops,No info,14634
SpiceJet,9/04/2019,Kolkata,Banglore,CCU → BLR,09:00,11:25,2h 25m,non-stop,No check-in baggage included,3841
Jet Airways,6/06/2019,Delhi,Cochin,DEL → BOM → COK,13:00,12:35 07 Jun,23h 35m,1 stop,In-flight meal not included,11627
Air India,15/03/2019,Delhi,Cochin,DEL → COK,14:10,17:10,3h,non-stop,No info,5674
Jet Airways,1/04/2019,Kolkata,Banglore,CCU → BOM → BLR,21:10,10:05 02 Apr,12h 55m,1 stop,No info,13784
Vistara,24/05/2019,Kolkata,Banglore,CCU → DEL → BLR,07:10,09:05 25 May,25h 55m,1 stop,No info,9502
Jet Airways,9/05/2019,Banglore,Delhi,BLR → DEL,08:20,11:20,3h,non-stop,No info,7229
Jet Airways,6/05/2019,Kolkata,Banglore,CCU → BOM → BLR,14:05,12:00 07 May,21h 55m,1 stop,No info,14388
Jet Airways,9/06/2019,Delhi,Cochin,DEL → BOM → COK,19:15,04:25 10 Jun,9h 10m,1 stop,In-flight meal not included,10577
Multiple carriers,6/03/2019,Delhi,Cochin,DEL → BOM → COK,13:00,21:00,8h,1 stop,No info,15603
Vistara,12/06/2019,Kolkata,Banglore,CCU → DEL → BLR,17:00,23:25,6h 25m,1 stop,No info,8610
Air India,21/03/2019,Delhi,Cochin,DEL → HYD → MAA → COK,07:05,09:25 22 Mar,26h 20m,2 stops,No info,7615
Jet Airways,24/03/2019,Kolkata,Banglore,CCU → BOM → BLR,19:45,04:45 25 Mar,9h,1 stop,In-flight meal not included,10031
Air India,18/05/2019,Delhi,Cochin,DEL → COK,14:10,17:10,3h,non-stop,No info,6934
Multiple carriers,9/05/2019,Delhi,Cochin,DEL → BOM → COK,17:45,01:30 10 May,7h 45m,1 stop,No info,9021
Air India,3/05/2019,Mumbai,Hyderabad,BOM → HYD,21:05,22:25,1h 20m,non-stop,No info,3100
SpiceJet,6/06/2019,Kolkata,Banglore,CCU → BLR,22:20,00:40 07 Jun,2h 20m,non-stop,No check-in baggage included,3841
Jet Airways,6/06/2019,Delhi,Cochin,DEL → BOM → COK,10:00,19:00,9h,1 stop,In-flight meal not included,10262
Jet Airways,27/05/2019,Delhi,Cochin,DEL → BOM → COK,19:45,04:25 28 May,8h 40m,1 stop,In-flight meal not included,12898
IndiGo,6/03/2019,Delhi,Cochin,DEL → BLR → COK,02:00,07:45,5h 45m,1 stop,No info,8025
Jet Airways,06/03/2019,Banglore,New Delhi,BLR → BOM → DEL,08:00,19:10,11h 10m,1 stop,No info,16736
Jet Airways,06/03/2019,Banglore,New Delhi,BLR → BOM → DEL,20:35,10:25 07 Mar,13h 50m,1 stop,No info,17261
IndiGo,01/03/2019,Banglore,New Delhi,BLR → DEL,07:10,10:05,2h 55m,non-stop,No info,11934
Air India,24/03/2019,Chennai,Kolkata,MAA → CCU,11:40,13:55,2h 15m,non-stop,No info,4405
Multiple carriers,12/06/2019,Delhi,Cochin,DEL → BOM → COK,13:00,01:30 13 Jun,12h 30m,1 stop,No info,13377
Jet Airways,18/05/2019,Delhi,Cochin,DEL → JAI → BOM → COK,09:40,12:35 19 May,26h 55m,2 stops,No info,15129
SpiceJet,9/06/2019,Delhi,Cochin,DEL → BLR → COK,17:55,22:50,4h 55m,1 stop,No info,5409
SpiceJet,21/03/2019,Chennai,Kolkata,MAA → CCU,09:30,12:05,2h 35m,non-stop,No check-in baggage included,3332
IndiGo,21/04/2019,Kolkata,Banglore,CCU → BLR,20:20,22:55,2h 35m,non-stop,No info,4804
Air Asia,24/04/2019,Kolkata,Banglore,CCU → BLR,10:20,12:55,2h 35m,non-stop,No info,4409
GoAir,15/06/2019,Banglore,Delhi,BLR → DEL,20:55,23:40,2h 45m,non-stop,No info,3898
SpiceJet,6/06/2019,Delhi,Cochin,DEL → BLR → COK,17:55,22:50,4h 55m,1 stop,No info,5409
Air India,12/06/2019,Delhi,Cochin,DEL → BLR → COK,20:30,08:15 13 Jun,11h 45m,1 stop,No info,8991
Air India,3/04/2019,Kolkata,Banglore,CCU → BBI → HYD → BLR,09:10,11:05 04 Apr,25h 55m,2 stops,No info,4647
SpiceJet,3/05/2019,Chennai,Kolkata,MAA → CCU,08:20,10:35,2h 15m,non-stop,No check-in baggage included,3543
Jet Airways,3/03/2019,Delhi,Cochin,DEL → BOM → COK,13:55,04:25 04 Mar,14h 30m,1 stop,No info,17024
Multiple carriers,27/03/2019,Delhi,Cochin,DEL → BOM → COK,09:00,15:30,6h 30m,1 stop,No info,6673
Jet Airways,21/05/2019,Delhi,Cochin,DEL → JAI → BOM → COK,09:40,12:35 22 May,26h 55m,2 stops,In-flight meal not included,13029
Air India,21/05/2019,Kolkata,Banglore,CCU → BOM → COK → BLR,09:25,13:45 22 May,28h 20m,2 stops,No info,11542
Vistara,18/05/2019,Kolkata,Banglore,CCU → DEL → BLR,17:00,10:45 19 May,17h 45m,1 stop,No info,9187
Vistara,18/05/2019,Delhi,Cochin,DEL → COK,06:00,09:10,3h 10m,non-stop,No info,6741
Multiple carriers,27/06/2019,Delhi,Cochin,DEL → BOM → COK,16:00,01:30 28 Jun,9h 30m,1 stop,No info,13377
Air India,15/05/2019,Delhi,Cochin,DEL → MAA → COK,09:45,09:25 16 May,23h 40m,1 stop,No info,7480
Jet Airways,27/03/2019,Delhi,Cochin,DEL → BOM → COK,02:15,18:50,16h 35m,1 stop,In-flight meal not included,6017
Air India,12/06/2019,Delhi,Cochin,DEL → GOI → BOM → COK,22:00,19:15 13 Jun,21h 15m,2 stops,No info,10231
Jet Airways,27/05/2019,Delhi,Cochin,DEL → BOM → COK,13:00,04:25 28 May,15h 25m,1 stop,In-flight meal not included,12898
Jet Airways,24/03/2019,Kolkata,Banglore,CCU → BOM → BLR,06:30,16:20,9h 50m,1 stop,No info,13339
Multiple carriers,12/06/2019,Delhi,Cochin,DEL → BOM → COK,17:45,01:30 13 Jun,7h 45m,1 stop,No info,6795
IndiGo,6/03/2019,Delhi,Cochin,DEL → HYD → COK,06:40,12:00,5h 20m,1 stop,No info,5647
Air India,6/05/2019,Kolkata,Banglore,CCU → HYD → BLR,19:00,04:40 07 May,9h 40m,1 stop,No info,6117
Jet Airways,18/05/2019,Kolkata,Banglore,CCU → BOM → BLR,16:30,08:15 19 May,15h 45m,1 stop,In-flight meal not included,8586
Multiple carriers,24/06/2019,Delhi,Cochin,DEL → BOM → COK,13:00,21:00,8h,1 stop,No info,7408
Jet Airways,12/06/2019,Kolkata,Banglore,CCU → DEL → BLR,09:35,22:05,12h 30m,1 stop,In-flight meal not included,10539
IndiGo,15/03/2019,Banglore,New Delhi,BLR → HYD → DEL,16:15,20:35,4h 20m,1 stop,No info,5607
Jet Airways,27/03/2019,Delhi,Cochin,DEL → BOM → COK,18:15,04:25 28 Mar,10h 10m,1 stop,In-flight meal not included,6540
IndiGo,27/05/2019,Banglore,Delhi,BLR → DEL,10:10,13:00,2h 50m,non-stop,No info,3943
Multiple carriers,18/05/2019,Delhi,Cochin,DEL → BOM → COK,17:30,01:30 19 May,8h,1 stop,No info,13727
Air India,21/03/2019,Delhi,Cochin,DEL → LKO → BOM → COK,18:30,19:15 22 Mar,24h 45m,2 stops,No info,10703
Jet Airways,1/05/2019,Kolkata,Banglore,CCU → DEL → BLR,20:25,14:25 02 May,18h,1 stop,No info,11467
Jet Airways,21/03/2019,Banglore,New Delhi,BLR → BOM → DEL,08:55,19:10,10h 15m,1 stop,In-flight meal not included,7832
Multiple carriers,27/05/2019,Delhi,Cochin,DEL → IXU → BOM → COK,17:50,01:30 28 May,7h 40m,2 stops,No info,18275
Air India,03/03/2019,Banglore,New Delhi,BLR → DEL,06:10,08:55,2h 45m,non-stop,No info,7591
Multiple carriers,18/05/2019,Delhi,Cochin,DEL → BOM → COK,04:55,12:35,7h 40m,1 stop,No info,8882
Jet Airways,21/03/2019,Delhi,Cochin,DEL → BOM → COK,02:15,18:50,16h 35m,1 stop,No info,12719
Air India,03/03/2019,Banglore,New Delhi,BLR → BOM → NAG → DEL,08:50,10:35 07 Mar,25h 45m,2 stops,No info,12358
Air India,27/03/2019,Mumbai,Hyderabad,BOM → HYD,06:20,07:40,1h 20m,non-stop,No info,2575
Jet Airways,18/03/2019,Banglore,New Delhi,BLR → BOM → DEL,08:55,15:15,6h 20m,1 stop,No info,12284
Jet Airways,3/06/2019,Delhi,Cochin,DEL → IDR → BOM → COK,09:35,12:35 04 Jun,27h,2 stops,In-flight meal not included,11507
Jet Airways,12/04/2019,Banglore,Delhi,BLR → DEL,06:00,08:45,2h 45m,non-stop,In-flight meal not included,5198
IndiGo,27/03/2019,Delhi,Cochin,DEL → BOM → COK,09:10,21:00,11h 50m,1 stop,No info,10351
Vistara,18/04/2019,Banglore,Delhi,BLR → DEL,19:30,22:15,2h 45m,non-stop,No info,5823
IndiGo,3/03/2019,Chennai,Kolkata,MAA → CCU,07:55,10:15,2h 20m,non-stop,No info,7295
Vistara,12/05/2019,Kolkata,Banglore,CCU → DEL → BLR,20:20,23:25 13 May,27h 5m,1 stop,No info,8085
Multiple carriers,15/06/2019,Delhi,Cochin,DEL → BOM → COK,07:30,19:15,11h 45m,1 stop,No info,8614
IndiGo,24/06/2019,Delhi,Cochin,DEL → BOM → COK,17:30,01:30 25 Jun,8h,1 stop,No info,6104
SpiceJet,9/05/2019,Mumbai,Hyderabad,BOM → HYD,13:15,14:45,1h 30m,non-stop,No check-in baggage included,2175
Jet Airways,21/05/2019,Kolkata,Banglore,CCU → BOM → BLR,06:30,16:20,9h 50m,1 stop,No info,14781
IndiGo,15/06/2019,Delhi,Cochin,DEL → HYD → COK,05:05,12:10,7h 5m,1 stop,No info,6818
Air India,24/06/2019,Delhi,Cochin,DEL → JAI → BOM → COK,12:00,07:40 25 Jun,19h 40m,2 stops,No info,9548
IndiGo,24/06/2019,Delhi,Cochin,DEL → HYD → COK,08:35,22:30,13h 55m,1 stop,No info,6442
Jet Airways,6/05/2019,Kolkata,Banglore,CCU → BOM → BLR,21:10,16:20 07 May,19h 10m,1 stop,No info,13584
Jet Airways,9/05/2019,Delhi,Cochin,DEL → BOM → COK,18:15,19:00 10 May,24h 45m,1 stop,In-flight meal not included,12373
Air India,27/05/2019,Delhi,Cochin,DEL → BOM → COK,08:00,19:15,11h 15m,1 stop,No info,9929
Jet Airways,27/03/2019,Delhi,Cochin,DEL → IXC → BOM → COK,06:20,19:45 28 Mar,37h 25m,2 stops,In-flight meal not included,9296
IndiGo,9/06/2019,Delhi,Cochin,DEL → BOM → COK,06:40,21:00,14h 20m,1 stop,No info,6093
Jet Airways,15/03/2019,Mumbai,Hyderabad,BOM → HYD,10:20,11:50,1h 30m,non-stop,In-flight meal not included,4160
Vistara,27/05/2019,Chennai,Kolkata,MAA → CCU,17:45,20:05,2h 20m,non-stop,No info,11982
Vistara,1/06/2019,Delhi,Cochin,DEL → COK,14:40,17:50,3h 10m,non-stop,No info,6741
Jet Airways,9/06/2019,Delhi,Cochin,DEL → BOM → COK,19:45,12:35 10 Jun,16h 50m,1 stop,In-flight meal not included,10577
Multiple carriers,12/06/2019,Delhi,Cochin,DEL → BOM → COK,07:00,21:00,14h,1 stop,No info,7408
Air India,6/06/2019,Kolkata,Banglore,CCU → DEL → AMD → BLR,07:00,05:25 07 Jun,22h 25m,2 stops,No info,12009
Jet Airways,24/06/2019,Delhi,Cochin,DEL → IDR → BOM → COK,21:25,12:35 25 Jun,15h 10m,2 stops,In-flight meal not included,10199
IndiGo,27/03/2019,Kolkata,Banglore,CCU → BLR,09:35,12:20,2h 45m,non-stop,No info,4148
Jet Airways,24/05/2019,Kolkata,Banglore,CCU → BOM → BLR,20:00,09:20 25 May,13h 20m,1 stop,No info,14571
Air India,9/06/2019,Kolkata,Banglore,CCU → BOM → COK → BLR,09:25,01:20 10 Jun,15h 55m,2 stops,No info,11668
IndiGo,21/03/2019,Delhi,Cochin,DEL → BOM → COK,10:45,01:35 22 Mar,14h 50m,1 stop,No info,7318
Multiple carriers,6/03/2019,Delhi,Cochin,DEL → BOM → COK,07:00,21:00,14h,1 stop,No info,15603
IndiGo,21/05/2019,Banglore,Delhi,BLR → DEL,20:00,22:50,2h 50m,non-stop,No info,4823
Multiple carriers,9/04/2019,Delhi,Cochin,DEL → BOM → COK,08:00,19:00,11h,1 stop,No info,11142
Air Asia,03/03/2019,Banglore,New Delhi,BLR → DEL,23:25,02:10 04 Mar,2h 45m,non-stop,No info,6135
Multiple carriers,18/05/2019,Delhi,Cochin,DEL → HYD → COK,14:55,22:30,7h 35m,1 stop,No info,7740
Jet Airways,15/05/2019,Kolkata,Banglore,CCU → BOM → BLR,08:25,20:45,12h 20m,1 stop,No info,14781
IndiGo,9/06/2019,Kolkata,Banglore,CCU → BLR,17:15,19:50,2h 35m,non-stop,No info,4804
Jet Airways,3/04/2019,Mumbai,Hyderabad,BOM → HYD,10:20,11:50,1h 30m,non-stop,In-flight meal not included,3205
IndiGo,15/06/2019,Delhi,Cochin,DEL → BLR → COK,15:10,20:00,4h 50m,1 stop,No info,6147
IndiGo,24/05/2019,Chennai,Kolkata,MAA → CCU,05:15,07:40,2h 25m,non-stop,No info,3850
Multiple carriers,9/03/2019,Delhi,Cochin,DEL → BOM → COK,00:20,12:55,12h 35m,1 stop,In-flight meal not included,18260
IndiGo,24/03/2019,Banglore,New Delhi,BLR → DEL,00:40,03:25,2h 45m,non-stop,No info,4238
IndiGo,1/05/2019,Banglore,Delhi,BLR → DEL,06:05,08:50,2h 45m,non-stop,No info,4423
Jet Airways,9/04/2019,Banglore,Delhi,BLR → DEL,08:20,11:20,3h,non-stop,In-flight meal not included,4544
Jet Airways,21/05/2019,Delhi,Cochin,DEL → BOM → COK,21:50,04:25 22 May,6h 35m,1 stop,In-flight meal not included,12898
GoAir,15/03/2019,Banglore,New Delhi,BLR → DEL,07:45,10:40,2h 55m,non-stop,No info,5706
Jet Airways,12/06/2019,Kolkata,Banglore,CCU → BOM → BLR,16:30,10:05 13 Jun,17h 35m,1 stop,In-flight meal not included,8529
Jet Airways,15/05/2019,Kolkata,Banglore,CCU → BOM → BLR,21:10,04:40 16 May,7h 30m,1 stop,No info,14388
IndiGo,6/03/2019,Delhi,Cochin,DEL → BOM → COK,18:35,01:35 07 Mar,7h,1 stop,No info,14871
Jet Airways,27/06/2019,Delhi,Cochin,DEL → AMD → BOM → COK,23:05,12:35 28 Jun,13h 30m,2 stops,No info,12819
IndiGo,12/05/2019,Kolkata,Banglore,CCU → BBI → BLR,19:35,23:15,3h 40m,1 stop,No info,5276
IndiGo,12/06/2019,Chennai,Kolkata,MAA → CCU,11:35,14:00,2h 25m,non-stop,No info,3858
SpiceJet,21/04/2019,Kolkata,Banglore,CCU → BLR,17:10,19:40,2h 30m,non-stop,No info,4911
Multiple carriers,3/03/2019,Delhi,Cochin,DEL → BOM → COK,13:00,01:35 04 Mar,12h 35m,1 stop,No info,17493
IndiGo,6/06/2019,Delhi,Cochin,DEL → BOM → COK,10:35,01:30 07 Jun,14h 55m,1 stop,No info,5883
Jet Airways,24/03/2019,Kolkata,Banglore,CCU → BOM → BLR,16:55,19:40 25 Mar,26h 45m,1 stop,In-flight meal not included,11134
IndiGo,1/06/2019,Chennai,Kolkata,MAA → CCU,19:35,21:55,2h 20m,non-stop,No info,3597
IndiGo,18/05/2019,Mumbai,Hyderabad,BOM → HYD,06:25,07:55,1h 30m,non-stop,No info,4392
Multiple carriers,9/03/2019,Delhi,Cochin,DEL → IDR → BOM → COK,15:05,01:35 10 Mar,10h 30m,2 stops,No info,34608
Air India,6/05/2019,Kolkata,Banglore,CCU → BOM → AMD → BLR,09:25,05:25 07 May,20h,2 stops,No info,17732
Air India,18/06/2019,Delhi,Cochin,DEL → COK,05:10,08:00,2h 50m,non-stop,No info,5201
Jet Airways,3/06/2019,Delhi,Cochin,DEL → BOM → COK,15:00,04:25 04 Jun,13h 25m,1 stop,No info,14714
IndiGo,27/03/2019,Kolkata,Banglore,CCU → BLR,21:25,00:05 28 Mar,2h 40m,non-stop,No info,4148
Air India,1/04/2019,Delhi,Cochin,DEL → MAA → COK,09:45,09:25 02 Apr,23h 40m,1 stop,No info,5117
Jet Airways,12/06/2019,Kolkata,Banglore,CCU → BOM → BLR,14:05,20:45,6h 40m,1 stop,No info,13626
IndiGo,1/05/2019,Delhi,Cochin,DEL → BOM → COK,18:35,01:30 02 May,6h 55m,1 stop,No info,8854
Air Asia,24/04/2019,Delhi,Cochin,DEL → BLR → COK,07:55,22:25,14h 30m,1 stop,No info,6152
Vistara,15/03/2019,Chennai,Kolkata,MAA → CCU,07:05,09:20,2h 15m,non-stop,No info,6627
Multiple carriers,6/06/2019,Delhi,Cochin,DEL → BOM → COK,07:00,21:00,14h,1 stop,No info,7408
Jet Airways,12/06/2019,Delhi,Cochin,DEL → NAG → BOM → COK,14:35,04:25 13 Jun,13h 50m,2 stops,In-flight meal not included,10919
SpiceJet,1/03/2019,Chennai,Kolkata,MAA → CCU,08:20,10:35,2h 15m,non-stop,No info,7298
GoAir,9/03/2019,Delhi,Cochin,DEL → AMD → COK,06:00,13:20,7h 20m,1 stop,No info,8422
Jet Airways,21/03/2019,Banglore,New Delhi,BLR → BOM → DEL,22:50,10:25 19 Mar,11h 35m,1 stop,In-flight meal not included,7832
Jet Airways,12/05/2019,Kolkata,Banglore,CCU → BOM → BLR,18:55,19:50 13 May,24h 55m,1 stop,In-flight meal not included,10844
Jet Airways,18/03/2019,Mumbai,Hyderabad,BOM → HYD,10:20,11:50,1h 30m,non-stop,No info,8040
Jet Airways,21/05/2019,Kolkata,Banglore,CCU → DEL → BLR,20:25,19:10 22 May,22h 45m,1 stop,No info,13067
IndiGo,6/05/2019,Chennai,Kolkata,MAA → CCU,05:15,07:40,2h 25m,non-stop,No info,3540
SpiceJet,3/03/2019,Mumbai,Hyderabad,BOM → HYD,13:10,14:30,1h 20m,non-stop,No info,5755
IndiGo,3/04/2019,Kolkata,Banglore,CCU → HYD → BLR,19:20,23:45,4h 25m,1 stop,No info,3480
IndiGo,15/05/2019,Delhi,Cochin,DEL → BOM → COK,04:55,21:00,16h 5m,1 stop,No info,6979
SpiceJet,1/06/2019,Chennai,Kolkata,MAA → CCU,08:20,10:35,2h 15m,non-stop,No check-in baggage included,3543
Jet Airways,12/03/2019,Banglore,New Delhi,BLR → BOM → DEL,20:35,18:25 13 Mar,21h 50m,1 stop,In-flight meal not included,11087
IndiGo,6/03/2019,Kolkata,Banglore,CCU → BLR,15:10,17:45,2h 35m,non-stop,No info,5618
Jet Airways,21/04/2019,Banglore,Delhi,BLR → DEL,19:50,22:50,3h,non-stop,In-flight meal not included,4544
Multiple carriers,24/06/2019,Delhi,Cochin,DEL → BOM → COK,07:05,21:00,13h 55m,1 stop,No info,13797
Jet Airways,18/03/2019,Banglore,New Delhi,BLR → BOM → DEL,22:50,20:20 16 Mar,21h 30m,1 stop,In-flight meal not included,11087
Multiple carriers,6/06/2019,Delhi,Cochin,DEL → BOM → COK,09:15,19:00,9h 45m,1 stop,No info,11622
IndiGo,27/05/2019,Kolkata,Banglore,CCU → BLR,15:15,17:45,2h 30m,non-stop,No info,4804
Jet Airways,21/05/2019,Delhi,Cochin,DEL → AMD → BOM → COK,13:25,19:00 22 May,29h 35m,2 stops,No info,15129
Air India,3/04/2019,Delhi,Cochin,DEL → MAA → COK,12:30,09:25 04 Apr,20h 55m,1 stop,No info,5117
IndiGo,03/03/2019,Banglore,New Delhi,BLR → DEL,01:30,04:15,2h 45m,non-stop,No info,6860
Multiple carriers,15/06/2019,Delhi,Cochin,DEL → BOM → COK,09:00,21:00,12h,1 stop,No info,7933
Jet Airways,9/04/2019,Delhi,Cochin,DEL → LKO → BOM → COK,09:25,04:25 10 Apr,19h,2 stops,No info,11546
IndiGo,15/04/2019,Kolkata,Banglore,CCU → BLR,15:30,18:05,2h 35m,non-stop,No info,4174
SpiceJet,18/05/2019,Kolkata,Banglore,CCU → BLR,17:10,19:40,2h 30m,non-stop,No check-in baggage included,3841
Multiple carriers,27/05/2019,Delhi,Cochin,DEL → BOM → COK,17:30,01:30 28 May,8h,1 stop,In-flight meal not included,7308
Jet Airways,24/06/2019,Mumbai,Hyderabad,BOM → HYD,08:45,10:15,1h 30m,non-stop,No info,8040
Jet Airways,12/05/2019,Kolkata,Banglore,CCU → BOM → BLR,08:25,08:15 13 May,23h 50m,1 stop,No info,13941
Air India,12/06/2019,Delhi,Cochin,DEL → HYD → MAA → COK,17:15,09:25 13 Jun,16h 10m,2 stops,No info,9417
Jet Airways,27/06/2019,Delhi,Cochin,DEL → BOM → COK,20:55,04:25 28 Jun,7h 30m,1 stop,In-flight meal not included,12898
IndiGo,9/04/2019,Delhi,Cochin,DEL → LKO → COK,21:50,03:35 10 Apr,5h 45m,1 stop,No info,7398
Jet Airways,9/05/2019,Delhi,Cochin,DEL → JAI → BOM → COK,09:40,12:35 10 May,26h 55m,2 stops,In-flight meal not included,13029
Air Asia,15/06/2019,Delhi,Cochin,DEL → BLR → COK,16:45,22:25,5h 40m,1 stop,No info,6853
IndiGo,12/04/2019,Banglore,Delhi,BLR → DEL,16:55,19:55,3h,non-stop,No info,4990
Air India,6/03/2019,Delhi,Cochin,DEL → COK,18:05,21:10,3h 5m,non-stop,No info,7931
IndiGo,03/03/2019,Banglore,New Delhi,BLR → DEL,10:05,13:00,2h 55m,non-stop,No info,7648
Air India,27/06/2019,Delhi,Cochin,DEL → GOI → BOM → COK,22:00,19:15 28 Jun,21h 15m,2 stops,No info,10441
Multiple carriers,6/03/2019,Delhi,Cochin,DEL → HYD → COK,09:45,16:10,6h 25m,1 stop,No info,10276
IndiGo,12/04/2019,Kolkata,Banglore,CCU → BLR,20:20,22:55,2h 35m,non-stop,No info,4488
SpiceJet,18/05/2019,Mumbai,Hyderabad,BOM → HYD,22:45,00:15 19 May,1h 30m,non-stop,No info,2017
Air India,12/06/2019,Kolkata,Banglore,CCU → BBI → BOM → BLR,12:00,11:10 13 Jun,23h 10m,2 stops,No info,9416
Jet Airways,1/05/2019,Kolkata,Banglore,CCU → BOM → BLR,16:30,12:00 02 May,19h 30m,1 stop,In-flight meal not included,9663
Air India,01/03/2019,Banglore,New Delhi,BLR → AMD → DEL,00:30,23:55,23h 25m,1 stop,1 Long layover,12599
IndiGo,09/03/2019,Banglore,New Delhi,BLR → DEL,01:30,04:15,2h 45m,non-stop,No info,4545
SpiceJet,9/06/2019,Delhi,Cochin,DEL → PNQ → COK,08:45,13:15,4h 30m,1 stop,No check-in baggage included,5158
Jet Airways,21/03/2019,Delhi,Cochin,DEL → BOM → COK,02:15,18:50,16h 35m,1 stop,In-flight meal not included,7438
Jet Airways,1/06/2019,Delhi,Cochin,DEL → JAI → BOM → COK,09:40,04:25 02 Jun,18h 45m,2 stops,No info,13014
IndiGo,27/05/2019,Banglore,Delhi,BLR → DEL,06:05,08:50,2h 45m,non-stop,No info,4423
Jet Airways,6/06/2019,Banglore,Delhi,BLR → DEL,19:50,22:50,3h,non-stop,In-flight meal not included,7229
IndiGo,21/06/2019,Mumbai,Hyderabad,BOM → HYD,19:05,20:35,1h 30m,non-stop,No info,4049
Jet Airways,15/06/2019,Delhi,Cochin,DEL → BOM → COK,07:05,04:25 16 Jun,21h 20m,1 stop,In-flight meal not included,10262
Air India,12/03/2019,Mumbai,Hyderabad,BOM → AMD → ISK → HYD,01:35,14:50,13h 15m,2 stops,No info,9977
IndiGo,24/05/2019,Kolkata,Banglore,CCU → BLR,22:15,00:50 25 May,2h 35m,non-stop,No info,4804
Jet Airways,18/06/2019,Banglore,Delhi,BLR → DEL,18:55,22:00,3h 5m,non-stop,No info,8016
Air India,03/03/2019,Banglore,New Delhi,BLR → HYD → DEL,08:15,23:10,14h 55m,1 stop,No info,6781
Jet Airways,27/06/2019,Delhi,Cochin,DEL → ATQ → BOM → COK,18:20,12:35 28 Jun,18h 15m,2 stops,No info,14300
Air India,15/05/2019,Delhi,Cochin,DEL → HYD → BOM → COK,17:15,19:15 16 May,26h,2 stops,No info,13022
Jet Airways,1/06/2019,Delhi,Cochin,DEL → BOM → COK,13:00,04:25 02 Jun,15h 25m,1 stop,In-flight meal not included,10262
Vistara,18/05/2019,Banglore,Delhi,BLR → DEL,19:30,22:15,2h 45m,non-stop,No info,4878
IndiGo,24/06/2019,Delhi,Cochin,DEL → MAA → COK,07:15,12:30,5h 15m,1 stop,No info,6582
Jet Airways,6/05/2019,Kolkata,Banglore,CCU → DEL → BLR,09:35,09:45 07 May,24h 10m,1 stop,No info,10953
GoAir,21/05/2019,Delhi,Cochin,DEL → AMD → COK,07:25,13:20,5h 55m,1 stop,No info,5842
Jet Airways,6/06/2019,Kolkata,Banglore,CCU → BOM → BLR,20:00,12:00 07 Jun,16h,1 stop,No info,14571
Jet Airways,1/05/2019,Kolkata,Banglore,CCU → DEL → BLR,09:35,21:05,11h 30m,1 stop,In-flight meal not included,12384
Air India,6/05/2019,Kolkata,Banglore,CCU → BLR,14:15,16:45,2h 30m,non-stop,No info,5510
IndiGo,21/03/2019,Mumbai,Hyderabad,BOM → HYD,09:10,10:35,1h 25m,non-stop,No info,4049
IndiGo,6/05/2019,Banglore,Delhi,BLR → DEL,08:30,11:20,2h 50m,non-stop,No info,4823
Air India,18/05/2019,Delhi,Cochin,DEL → JAI → BOM → COK,12:00,07:40 19 May,19h 40m,2 stops,No info,8603
Jet Airways,9/05/2019,Kolkata,Banglore,CCU → BOM → BLR,14:05,09:20 10 May,19h 15m,1 stop,In-flight meal not included,9663
GoAir,18/05/2019,Banglore,Delhi,BLR → DEL,11:40,14:30,2h 50m,non-stop,No info,4340
SpiceJet,6/05/2019,Kolkata,Banglore,CCU → BLR,09:00,11:25,2h 25m,non-stop,No info,4174
Air India,9/05/2019,Delhi,Cochin,DEL → HYD → BOM → COK,07:05,07:40 10 May,24h 35m,2 stops,No info,13547
IndiGo,18/05/2019,Banglore,Delhi,BLR → DEL,10:30,13:20,2h 50m,non-stop,No info,3943
IndiGo,18/05/2019,Delhi,Cochin,DEL → BOM → COK,16:00,21:00,5h,1 stop,No info,6069
Air India,6/06/2019,Banglore,Delhi,BLR → DEL,21:05,23:55,2h 50m,non-stop,No info,6121
SpiceJet,6/06/2019,Delhi,Cochin,DEL → MAA → COK,06:05,11:20,5h 15m,1 stop,No info,5583
Air Asia,9/03/2019,Kolkata,Banglore,CCU → BLR,22:50,01:20 10 Mar,2h 30m,non-stop,No info,4384
Air India,6/03/2019,Delhi,Cochin,DEL → HYD → BOM → COK,07:05,19:15 07 Mar,36h 10m,2 stops,No info,11552
IndiGo,15/06/2019,Kolkata,Banglore,CCU → BLR,04:40,07:15,2h 35m,non-stop,No info,4804
SpiceJet,18/04/2019,Kolkata,Banglore,CCU → BLR,17:10,19:40,2h 30m,non-stop,No info,4174
Jet Airways,27/05/2019,Banglore,Delhi,BLR → DEL,17:45,20:45,3h,non-stop,No info,7229
Air India,27/03/2019,Delhi,Cochin,DEL → NAG → BOM → COK,05:55,19:15 28 Mar,37h 20m,2 stops,No info,8446
IndiGo,15/04/2019,Banglore,Delhi,BLR → DEL,18:25,21:20,2h 55m,non-stop,No info,4823
IndiGo,21/05/2019,Delhi,Cochin,DEL → HYD → COK,16:10,00:55 22 May,8h 45m,1 stop,No info,6778
GoAir,1/05/2019,Banglore,Delhi,BLR → DEL,11:40,14:30,2h 50m,non-stop,No info,4340
Air India,15/05/2019,Kolkata,Banglore,CCU → DEL → AMD → BLR,07:00,05:25 16 May,22h 25m,2 stops,No info,14424
SpiceJet,21/03/2019,Delhi,Cochin,DEL → MAA → COK,06:10,11:20,5h 10m,1 stop,No info,6065
IndiGo,21/06/2019,Banglore,Delhi,BLR → DEL,13:00,15:50,2h 50m,non-stop,No info,3943
IndiGo,27/04/2019,Kolkata,Banglore,CCU → BLR,15:15,17:45,2h 30m,non-stop,No info,4804
IndiGo,6/06/2019,Delhi,Cochin,DEL → HYD → COK,05:05,12:10,7h 5m,1 stop,No info,6818
IndiGo,1/04/2019,Mumbai,Hyderabad,BOM → HYD,19:05,20:35,1h 30m,non-stop,No info,2754
SpiceJet,27/03/2019,Delhi,Cochin,DEL → MAA → COK,06:10,11:20,5h 10m,1 stop,No info,5351
Air India,21/05/2019,Delhi,Cochin,DEL → BOM → COK,10:00,19:15,9h 15m,1 stop,No info,8372
Jet Airways,6/03/2019,Delhi,Cochin,DEL → BOM → COK,09:00,04:25 07 Mar,19h 25m,1 stop,In-flight meal not included,13843
Jet Airways,3/06/2019,Delhi,Cochin,DEL → BOM → COK,17:30,12:35 04 Jun,19h 5m,1 stop,No info,14714
Jet Airways,12/06/2019,Kolkata,Banglore,CCU → BOM → BLR,21:10,10:05 13 Jun,12h 55m,1 stop,In-flight meal not included,8529
Multiple carriers,27/05/2019,Delhi,Cochin,DEL → BOM → COK,06:00,19:15,13h 15m,1 stop,No info,10786
Air Asia,24/03/2019,Kolkata,Banglore,CCU → DEL → BLR,07:35,19:25,11h 50m,1 stop,No info,6785
Jet Airways,1/04/2019,Kolkata,Banglore,CCU → DEL → BLR,20:25,22:05 02 Apr,25h 40m,1 stop,No info,12121
Multiple carriers,27/03/2019,Delhi,Cochin,DEL → HYD → MAA → COK,13:05,21:20,8h 15m,2 stops,No info,6128
Jet Airways,12/06/2019,Delhi,Cochin,DEL → ATQ → BOM → COK,20:00,04:25 13 Jun,8h 25m,2 stops,In-flight meal not included,12410
Multiple carriers,18/05/2019,Delhi,Cochin,DEL → BOM → COK,10:20,19:00,8h 40m,1 stop,No info,9794
Air India,9/06/2019,Kolkata,Banglore,CCU → DEL → AMD → BLR,07:00,05:25 10 Jun,22h 25m,2 stops,No info,12744
IndiGo,18/03/2019,Delhi,Cochin,DEL → COK,21:05,00:20 19 Mar,3h 15m,non-stop,No info,5021
Air India,3/04/2019,Banglore,Delhi,BLR → DEL,10:00,12:45,2h 45m,non-stop,No info,5176
IndiGo,3/03/2019,Delhi,Cochin,DEL → MAA → COK,02:05,07:25,5h 20m,1 stop,No info,10394
IndiGo,3/03/2019,Delhi,Cochin,DEL → BOM → COK,20:30,01:35 04 Mar,5h 5m,1 stop,No info,8258
IndiGo,21/04/2019,Banglore,Delhi,BLR → DEL,10:10,13:00,2h 50m,non-stop,No info,4591
IndiGo,15/03/2019,Kolkata,Banglore,CCU → BLR,15:20,17:55,2h 35m,non-stop,No info,4148
Jet Airways,18/05/2019,Delhi,Cochin,DEL → AMD → BOM → COK,23:05,19:00 19 May,19h 55m,2 stops,No info,15129
IndiGo,21/03/2019,Banglore,New Delhi,BLR → DEL,07:10,10:05,2h 55m,non-stop,No info,6860
Jet Airways,24/05/2019,Kolkata,Banglore,CCU → BOM → BLR,16:30,19:50 25 May,27h 20m,1 stop,In-flight meal not included,10844
Jet Airways,21/03/2019,Delhi,Cochin,DEL → BDQ → BOM → COK,18:25,18:50 22 Mar,24h 25m,2 stops,In-flight meal not included,9270
Multiple carriers,6/03/2019,Delhi,Cochin,DEL → BOM → COK,09:00,19:15,10h 15m,1 stop,In-flight meal not included,15342
Multiple carriers,18/05/2019,Delhi,Cochin,DEL → BOM → COK,06:00,12:35,6h 35m,1 stop,No info,9794
IndiGo,12/05/2019,Banglore,Delhi,BLR → DEL,08:30,11:20,2h 50m,non-stop,No info,5740
SpiceJet,21/04/2019,Delhi,Cochin,DEL → MAA → COK,15:45,22:05,6h 20m,1 stop,No info,6749
IndiGo,24/03/2019,Chennai,Kolkata,MAA → CCU,19:35,21:55,2h 20m,non-stop,No info,7295
Air India,27/06/2019,Delhi,Cochin,DEL → MAA → COK,12:30,09:25 28 Jun,20h 55m,1 stop,No info,7480
IndiGo,6/04/2019,Banglore,Delhi,BLR → DEL,22:10,01:00 07 Apr,2h 50m,non-stop,No info,3943
IndiGo,3/04/2019,Kolkata,Banglore,CCU → MAA → BLR,06:15,10:30,4h 15m,1 stop,No info,4226
Multiple carriers,24/06/2019,Delhi,Cochin,DEL → BOM → COK,07:30,19:00,11h 30m,1 stop,No info,10877
Multiple carriers,15/06/2019,Delhi,Cochin,DEL → BOM → COK,18:15,01:30 16 Jun,7h 15m,1 stop,No info,13377
Air India,21/04/2019,Banglore,Delhi,BLR → DEL,21:05,23:55,2h 50m,non-stop,No info,5228
Jet Airways,12/06/2019,Delhi,Cochin,DEL → BOM → COK,22:50,12:35 13 Jun,13h 45m,1 stop,In-flight meal not included,10262
Jet Airways,27/05/2019,Delhi,Cochin,DEL → BOM → COK,19:15,12:35 28 May,17h 20m,1 stop,In-flight meal not included,12898
SpiceJet,18/03/2019,Chennai,Kolkata,MAA → CCU,08:20,10:35,2h 15m,non-stop,No check-in baggage included,3807
IndiGo,24/06/2019,Chennai,Kolkata,MAA → CCU,11:35,14:00,2h 25m,non-stop,No info,3858
Jet Airways,1/05/2019,Banglore,Delhi,BLR → DEL,15:15,18:10,2h 55m,non-stop,In-flight meal not included,4544
Jet Airways,1/04/2019,Delhi,Cochin,DEL → BOM → COK,09:00,12:35 02 Apr,27h 35m,1 stop,In-flight meal not included,5406
Jet Airways,18/04/2019,Delhi,Cochin,DEL → COK,11:00,14:15,3h 15m,non-stop,No info,9564
GoAir,12/04/2019,Banglore,Delhi,BLR → DEL,11:40,14:30,2h 50m,non-stop,No info,4937
IndiGo,03/03/2019,Banglore,New Delhi,BLR → DEL,01:30,04:15,2h 45m,non-stop,No info,6144
IndiGo,3/05/2019,Banglore,Delhi,BLR → DEL,00:30,03:25,2h 55m,non-stop,No info,3943
Multiple carriers,6/03/2019,Delhi,Cochin,DEL → BOM → COK,09:55,19:15,9h 20m,1 stop,In-flight meal not included,15342
Air India,24/03/2019,Mumbai,Hyderabad,BOM → HYD,06:20,07:40,1h 20m,non-stop,No info,2575
Air India,18/03/2019,Mumbai,Hyderabad,BOM → HYD,19:30,20:45,1h 15m,non-stop,No info,2050
SpiceJet,1/04/2019,Delhi,Cochin,DEL → BLR → COK,17:55,22:50,4h 55m,1 stop,No info,4957
Jet Airways,1/04/2019,Kolkata,Banglore,CCU → DEL → BLR,20:25,09:45 02 Apr,13h 20m,1 stop,No info,14151
Jet Airways,15/05/2019,Kolkata,Banglore,CCU → BOM → BLR,20:00,10:05 16 May,14h 5m,1 stop,In-flight meal not included,8586
Air India,9/03/2019,Delhi,Cochin,DEL → BOM → COK,04:00,19:15,15h 15m,1 stop,No info,11050
Jet Airways,9/05/2019,Kolkata,Banglore,CCU → BOM → BLR,08:25,16:20,7h 55m,1 stop,No info,13941
IndiGo,3/04/2019,Banglore,Delhi,BLR → DEL,23:30,02:20 04 Apr,2h 50m,non-stop,No info,4591
Air India,01/03/2019,Banglore,New Delhi,BLR → GAU → DEL,13:50,18:40 02 Mar,28h 50m,1 stop,No info,17198
SpiceJet,15/06/2019,Kolkata,Banglore,CCU → BLR,06:55,09:30,2h 35m,non-stop,No check-in baggage included,3841
Jet Airways,12/06/2019,Delhi,Cochin,DEL → JDH → BOM → COK,11:40,19:00,7h 20m,2 stops,In-flight meal not included,15812
Jet Airways,09/03/2019,Banglore,New Delhi,BLR → BOM → DEL,08:55,11:25 13 Mar,26h 30m,1 stop,In-flight meal not included,11087
Jet Airways,24/06/2019,Delhi,Cochin,DEL → ATQ → BOM → COK,18:20,04:25 25 Jun,10h 5m,2 stops,No info,13775
Jet Airways,6/06/2019,Kolkata,Banglore,CCU → DEL → BLR,09:35,19:10,9h 35m,1 stop,No info,14151
IndiGo,3/03/2019,Delhi,Cochin,DEL → HYD → COK,04:55,12:00,7h 5m,1 stop,No info,9585
Multiple carriers,9/06/2019,Delhi,Cochin,DEL → BOM → COK,10:35,19:00,8h 25m,1 stop,No info,11098
IndiGo,27/03/2019,Delhi,Cochin,DEL → BOM → COK,17:30,01:35 28 Mar,8h 5m,1 stop,No info,6628
SpiceJet,1/03/2019,Mumbai,Hyderabad,BOM → HYD,22:45,00:10 02 Mar,1h 25m,non-stop,No info,11005
Jet Airways,21/03/2019,Mumbai,Hyderabad,BOM → HYD,07:10,08:35,1h 25m,non-stop,No info,8040
IndiGo,15/05/2019,Banglore,Delhi,BLR → DEL,04:00,06:50,2h 50m,non-stop,No info,3943
SpiceJet,15/03/2019,Mumbai,Hyderabad,BOM → HYD,05:45,07:05,1h 20m,non-stop,No check-in baggage included,2385
Jet Airways,6/03/2019,Delhi,Cochin,DEL → BOM → COK,09:00,18:50,9h 50m,1 stop,No info,17024
IndiGo,9/06/2019,Banglore,Delhi,BLR → DEL,23:30,02:20 10 Jun,2h 50m,non-stop,No info,4591
Jet Airways,15/06/2019,Delhi,Cochin,DEL → JAI → BOM → COK,05:30,04:25 16 Jun,22h 55m,2 stops,No info,13014
Jet Airways,12/05/2019,Banglore,Delhi,BLR → DEL,07:10,10:10,3h,non-stop,No info,7229
Jet Airways,27/06/2019,Delhi,Cochin,DEL → IDR → BOM → COK,05:30,19:00,13h 30m,2 stops,No info,13292
Jet Airways,24/05/2019,Kolkata,Banglore,CCU → BOM → BLR,18:55,09:20 25 May,14h 25m,1 stop,In-flight meal not included,10844
SpiceJet,6/06/2019,Delhi,Cochin,DEL → PNQ → COK,08:45,13:15,4h 30m,1 stop,No check-in baggage included,5158
IndiGo,27/03/2019,Delhi,Cochin,DEL → BOM → COK,10:45,21:00,10h 15m,1 stop,No info,6838
SpiceJet,12/05/2019,Mumbai,Hyderabad,BOM → HYD,05:45,07:15,1h 30m,non-stop,No check-in baggage included,1965
Jet Airways,6/04/2019,Delhi,Cochin,DEL → BOM → COK,22:50,12:35 07 Apr,13h 45m,1 stop,In-flight meal not included,5177
Multiple carriers,18/05/2019,Delhi,Cochin,DEL → BOM → COK,18:00,01:30 19 May,7h 30m,1 stop,No info,9595
Jet Airways,3/06/2019,Delhi,Cochin,DEL → JDH → BOM → COK,11:40,19:00,7h 20m,2 stops,No info,18804
Air Asia,1/06/2019,Banglore,Delhi,BLR → DEL,11:10,13:55,2h 45m,non-stop,No info,4483
Multiple carriers,6/06/2019,Delhi,Cochin,DEL → BOM → COK,12:50,21:00,8h 10m,1 stop,No info,7005
Jet Airways,9/06/2019,Delhi,Cochin,DEL → BOM → COK,19:45,19:00 10 Jun,23h 15m,1 stop,No info,14924
GoAir,3/04/2019,Delhi,Cochin,DEL → AMD → COK,07:25,13:35,6h 10m,1 stop,No info,4106
IndiGo,21/05/2019,Delhi,Cochin,DEL → BOM → COK,20:25,01:30 22 May,5h 5m,1 stop,No info,5054
Air India,18/05/2019,Kolkata,Banglore,CCU → DEL → BLR,07:00,20:25,13h 25m,1 stop,No info,11306
SpiceJet,27/06/2019,Delhi,Cochin,DEL → MAA → COK,06:05,11:20,5h 15m,1 stop,No info,5583
Jet Airways,06/03/2019,Banglore,New Delhi,BLR → BOM → DEL,07:00,13:15,6h 15m,1 stop,No info,19225
SpiceJet,12/05/2019,Mumbai,Hyderabad,BOM → HYD,22:45,00:15 13 May,1h 30m,non-stop,No info,2017
Jet Airways,27/06/2019,Delhi,Cochin,DEL → NAG → BOM → COK,06:45,12:35 28 Jun,29h 50m,2 stops,No info,13376
Jet Airways,24/03/2019,Banglore,New Delhi,BLR → DEL,02:00,04:45,2h 45m,non-stop,No info,7229
Jet Airways,9/06/2019,Delhi,Cochin,DEL → JAI → BOM → COK,05:30,04:25 10 Jun,22h 55m,2 stops,In-flight meal not included,10368
Air India,15/05/2019,Kolkata,Banglore,CCU → HYD → BLR,19:00,04:40 16 May,9h 40m,1 stop,No info,6117
Jet Airways,27/06/2019,Delhi,Cochin,DEL → AMD → BOM → COK,19:10,19:00 28 Jun,23h 50m,2 stops,No info,12819
Jet Airways,12/06/2019,Delhi,Cochin,DEL → JAI → BOM → COK,09:40,19:00,9h 20m,2 stops,In-flight meal not included,10368
Air India,18/04/2019,Banglore,Delhi,BLR → DEL,17:00,19:45,2h 45m,non-stop,No info,6121
Air India,12/03/2019,Mumbai,Hyderabad,BOM → BHO → DEL → HYD,19:40,09:10 13 Mar,13h 30m,2 stops,No info,11647
Jet Airways,6/06/2019,Kolkata,Banglore,CCU → BOM → BLR,18:55,19:50 07 Jun,24h 55m,1 stop,In-flight meal not included,10844
Multiple carriers,15/06/2019,Delhi,Cochin,DEL → HYD → COK,14:55,22:30,7h 35m,1 stop,In-flight meal not included,6093
IndiGo,21/03/2019,Banglore,New Delhi,BLR → HYD → DEL,07:30,12:20,4h 50m,1 stop,No info,5694
Jet Airways,9/05/2019,Delhi,Cochin,DEL → BOM → COK,21:50,12:35 10 May,14h 45m,1 stop,In-flight meal not included,12373
Air India,15/03/2019,Banglore,New Delhi,BLR → CCU → BBI → DEL,05:50,23:45,17h 55m,2 stops,No info,7664
Jet Airways,6/03/2019,Delhi,Cochin,DEL → UDR → BOM → COK,17:55,04:25 08 Mar,34h 30m,2 stops,In-flight meal not included,15812
Jet Airways,3/06/2019,Delhi,Cochin,DEL → BOM → COK,16:00,12:35 04 Jun,20h 35m,1 stop,No info,14714
Jet Airways,3/06/2019,Delhi,Cochin,DEL → BOM → COK,18:15,04:25 04 Jun,10h 10m,1 stop,No info,14714
Multiple carriers,12/06/2019,Delhi,Cochin,DEL → BOM → COK,10:00,01:30 13 Jun,15h 30m,1 stop,No info,13377
Jet Airways,15/05/2019,Kolkata,Banglore,CCU → BOM → BLR,21:10,08:15 16 May,11h 5m,1 stop,No info,14388
SpiceJet,1/05/2019,Kolkata,Banglore,CCU → BLR,09:00,11:25,2h 25m,non-stop,No info,4174
IndiGo,15/06/2019,Delhi,Cochin,DEL → BOM → COK,06:40,21:00,14h 20m,1 stop,No info,6093
Air India,9/03/2019,Delhi,Cochin,DEL → BOM → COK,23:00,19:15 10 Mar,20h 15m,1 stop,No info,11260
IndiGo,9/05/2019,Delhi,Cochin,DEL → HYD → COK,07:35,12:10,4h 35m,1 stop,No info,5054
Jet Airways,27/03/2019,Delhi,Cochin,DEL → BOM → COK,16:00,04:25 28 Mar,12h 25m,1 stop,In-flight meal not included,6540
Jet Airways,1/05/2019,Kolkata,Banglore,CCU → BOM → BLR,08:25,04:40 02 May,20h 15m,1 stop,In-flight meal not included,8586
SpiceJet,12/05/2019,Kolkata,Banglore,CCU → KNU → BLR,11:35,18:50,7h 15m,1 stop,No info,8479
Multiple carriers,1/06/2019,Delhi,Cochin,DEL → BOM → COK,08:30,19:00,10h 30m,1 stop,No info,11200
IndiGo,3/06/2019,Delhi,Cochin,DEL → BOM → COK,10:35,01:30 04 Jun,14h 55m,1 stop,No info,5883
Multiple carriers,27/05/2019,Delhi,Cochin,DEL → BOM → COK,10:00,01:30 28 May,15h 30m,1 stop,In-flight meal not included,8925
Air India,27/05/2019,Delhi,Cochin,DEL → TRV → COK,05:15,06:50 28 May,25h 35m,1 stop,No info,8425
Multiple carriers,9/03/2019,Delhi,Cochin,DEL → BOM → COK,06:00,19:15,13h 15m,1 stop,No info,14408
SpiceJet,9/03/2019,Kolkata,Banglore,CCU → BLR,09:00,11:30,2h 30m,non-stop,No info,5515
Air India,01/03/2019,Banglore,New Delhi,BLR → CCU → DEL,11:05,19:50,8h 45m,1 stop,1 Long layover,14594
Vistara,9/06/2019,Kolkata,Banglore,CCU → DEL → BLR,07:10,09:05 10 Jun,25h 55m,1 stop,No info,9397
Multiple carriers,21/05/2019,Delhi,Cochin,DEL → BOM → COK,12:50,01:30 22 May,12h 40m,1 stop,No info,7485
Air India,12/06/2019,Kolkata,Banglore,CCU → BOM → BLR,16:50,07:55 13 Jun,15h 5m,1 stop,No info,8366
Multiple carriers,15/06/2019,Delhi,Cochin,DEL → BOM → COK,08:30,19:15,10h 45m,1 stop,No info,8937
Jet Airways,27/06/2019,Delhi,Cochin,DEL → ATQ → BOM → COK,20:00,04:25 28 Jun,8h 25m,2 stops,No info,16263
Jet Airways,27/05/2019,Delhi,Cochin,DEL → JAI → BOM → COK,19:30,04:25 28 May,8h 55m,2 stops,In-flight meal not included,13029
Vistara,6/05/2019,Banglore,Delhi,BLR → DEL,07:00,09:40,2h 40m,non-stop,No info,4668
IndiGo,03/03/2019,Banglore,New Delhi,BLR → DEL,00:40,03:25,2h 45m,non-stop,No info,6860
Air India,6/03/2019,Delhi,Cochin,DEL → HYD → BOM → COK,07:05,19:15 07 Mar,36h 10m,2 stops,No info,11552
IndiGo,03/03/2019,Banglore,New Delhi,BLR → DEL,18:25,21:20,2h 55m,non-stop,No info,8855
Jet Airways,15/06/2019,Banglore,Delhi,BLR → DEL,11:10,14:05,2h 55m,non-stop,No info,8016
Multiple carriers,18/05/2019,Delhi,Cochin,DEL → BOM → COK,13:00,19:15,6h 15m,1 stop,No info,14533
Jet Airways,21/03/2019,Delhi,Cochin,DEL → BOM → COK,19:45,18:50 22 Mar,23h 5m,1 stop,No info,12347
Vistara,15/05/2019,Kolkata,Banglore,CCU → DEL → BLR,07:10,20:20,13h 10m,1 stop,No info,8610
Jet Airways,1/04/2019,Kolkata,Banglore,CCU → BOM → BLR,18:55,23:35 02 Apr,28h 40m,1 stop,No info,12681
GoAir,15/05/2019,Delhi,Cochin,DEL → BOM → COK,10:35,19:35,9h,1 stop,No info,7378
Jet Airways,18/03/2019,Banglore,New Delhi,BLR → BOM → DEL,05:45,10:25,4h 40m,1 stop,No info,12284
IndiGo,24/06/2019,Delhi,Cochin,DEL → HYD → COK,11:55,22:30,10h 35m,1 stop,No info,6442
Jet Airways,12/03/2019,Banglore,New Delhi,BLR → BOM → DEL,22:55,07:40 13 Mar,8h 45m,1 stop,In-flight meal not included,11087
Air India,18/05/2019,Delhi,Cochin,DEL → BOM → COK,09:00,07:40 19 May,22h 40m,1 stop,No info,8372
IndiGo,24/05/2019,Delhi,Cochin,DEL → BOM → COK,07:30,21:00,13h 30m,1 stop,No info,7006
IndiGo,09/03/2019,Banglore,New Delhi,BLR → DEL,23:30,02:20 10 Mar,2h 50m,non-stop,No info,5694
Jet Airways,6/06/2019,Kolkata,Banglore,CCU → BOM → BLR,08:25,04:40 07 Jun,20h 15m,1 stop,No info,13731
Jet Airways,21/05/2019,Kolkata,Banglore,CCU → BOM → BLR,06:30,08:15 22 May,25h 45m,1 stop,No info,13941
Jet Airways,12/05/2019,Banglore,Delhi,BLR → DEL,18:55,22:00,3h 5m,non-stop,No info,7229
Air India,12/05/2019,Kolkata,Banglore,CCU → GAU → DEL → BLR,16:45,12:30 13 May,19h 45m,2 stops,No info,14330
SpiceJet,21/05/2019,Chennai,Kolkata,MAA → CCU,17:45,20:05,2h 20m,non-stop,No check-in baggage included,3543
Jet Airways,6/06/2019,Kolkata,Banglore,CCU → DEL → BLR,09:35,18:00,8h 25m,1 stop,In-flight meal not included,10539
Jet Airways,15/04/2019,Banglore,Delhi,BLR → DEL,15:15,18:10,2h 55m,non-stop,In-flight meal not included,4544
Jet Airways,18/05/2019,Delhi,Cochin,DEL → BOM → COK,20:55,19:00 19 May,22h 5m,1 stop,No info,15554
Vistara,15/06/2019,Banglore,Delhi,BLR → DEL,09:45,12:35,2h 50m,non-stop,No info,4878
Multiple carriers,21/05/2019,Delhi,Cochin,DEL → BOM → COK,11:30,01:30 22 May,14h,1 stop,No info,14067
Jet Airways,18/05/2019,Kolkata,Banglore,CCU → BOM → BLR,08:25,20:45,12h 20m,1 stop,In-flight meal not included,10844
SpiceJet,3/05/2019,Mumbai,Hyderabad,BOM → HYD,13:15,14:45,1h 30m,non-stop,No info,2017
Multiple carriers,6/03/2019,Delhi,Cochin,DEL → HYD → COK,07:10,16:10,9h,1 stop,In-flight meal not included,7563
Jet Airways,21/03/2019,Banglore,New Delhi,BLR → BOM → DEL,05:45,19:10,13h 25m,1 stop,In-flight meal not included,7832
Jet Airways,1/06/2019,Delhi,Cochin,DEL → BOM → COK,19:15,04:25 02 Jun,9h 10m,1 stop,No info,14714
Jet Airways,12/06/2019,Kolkata,Banglore,CCU → BOM → BLR,21:10,10:05 13 Jun,12h 55m,1 stop,No info,13044
IndiGo,21/03/2019,Banglore,New Delhi,BLR → DEL,06:00,08:45,2h 45m,non-stop,No info,5734
IndiGo,9/03/2019,Mumbai,Hyderabad,BOM → HYD,09:10,10:35,1h 25m,non-stop,No info,7417
Jet Airways,27/04/2019,Banglore,Delhi,BLR → DEL,17:45,20:45,3h,non-stop,In-flight meal not included,4544
Jet Airways,27/06/2019,Delhi,Cochin,DEL → LKO → BOM → COK,09:25,04:25 28 Jun,19h,2 stops,No info,13882
SpiceJet,15/05/2019,Kolkata,Banglore,CCU → BLR,09:00,11:25,2h 25m,non-stop,No check-in baggage included,3841
Air India,15/05/2019,Kolkata,Banglore,CCU → GAU → DEL → BLR,16:45,08:55 16 May,16h 10m,2 stops,No info,14960
IndiGo,15/05/2019,Delhi,Cochin,DEL → BOM → COK,06:40,21:00,14h 20m,1 stop,No info,7191
SpiceJet,3/04/2019,Delhi,Cochin,DEL → BLR → COK,17:55,22:50,4h 55m,1 stop,No info,4611
Jet Airways,21/03/2019,Banglore,New Delhi,BLR → BOM → DEL,05:45,15:15,9h 30m,1 stop,In-flight meal not included,7832
IndiGo,9/04/2019,Kolkata,Banglore,CCU → BLR,15:30,18:05,2h 35m,non-stop,No info,4174
Jet Airways,12/06/2019,Kolkata,Banglore,CCU → BOM → BLR,14:05,20:45,6h 40m,1 stop,In-flight meal not included,9899
Air Asia,27/05/2019,Kolkata,Banglore,CCU → BLR,22:50,01:20 28 May,2h 30m,non-stop,No info,3807
Jet Airways,1/05/2019,Kolkata,Banglore,CCU → DEL → BLR,17:00,19:10 02 May,26h 10m,1 stop,In-flight meal not included,9314
Multiple carriers,21/03/2019,Delhi,Cochin,DEL → BOM → COK,15:00,01:35 22 Mar,10h 35m,1 stop,No info,13542
IndiGo,21/06/2019,Mumbai,Hyderabad,BOM → HYD,09:10,10:40,1h 30m,non-stop,No info,5755
Multiple carriers,21/03/2019,Delhi,Cochin,DEL → BOM → COK,15:15,01:35 22 Mar,10h 20m,1 stop,No info,7695
Multiple carriers,21/05/2019,Delhi,Cochin,DEL → BOM → COK,07:05,21:00,13h 55m,1 stop,In-flight meal not included,9930
Multiple carriers,6/06/2019,Delhi,Cochin,DEL → BOM → COK,11:30,01:30 07 Jun,14h,1 stop,No info,13377
Air India,18/03/2019,Banglore,New Delhi,BLR → BOM → NAG → DEL,06:45,10:35 16 Mar,27h 50m,2 stops,No info,12305
Jet Airways,9/05/2019,Kolkata,Banglore,CCU → BOM → BLR,18:55,10:05 10 May,15h 10m,1 stop,In-flight meal not included,8586
Multiple carriers,27/05/2019,Delhi,Cochin,DEL → BOM → COK,11:30,01:30 28 May,14h,1 stop,No info,13377
SpiceJet,1/05/2019,Kolkata,Banglore,CCU → IXB → BLR,11:15,18:30,7h 15m,1 stop,No info,8844
Jet Airways,12/05/2019,Kolkata,Banglore,CCU → DEL → BLR,17:00,14:25 13 May,21h 25m,1 stop,No info,13067
Air India,21/05/2019,Kolkata,Banglore,CCU → DEL → BLR,17:30,08:55 22 May,15h 25m,1 stop,No info,11936
Jet Airways,12/05/2019,Kolkata,Banglore,CCU → BOM → BLR,18:55,16:20 13 May,21h 25m,1 stop,In-flight meal not included,10844
IndiGo,9/06/2019,Banglore,Delhi,BLR → DEL,01:30,04:15,2h 45m,non-stop,No info,4077
Jet Airways,12/06/2019,Delhi,Cochin,DEL → BOM → COK,21:50,04:25 13 Jun,6h 35m,1 stop,No info,14714
Jet Airways,24/03/2019,Kolkata,Banglore,CCU → BOM → BLR,08:25,22:35,14h 10m,1 stop,No info,13759
Jet Airways,21/03/2019,Delhi,Cochin,DEL → BOM → COK,22:00,18:50 22 Mar,20h 50m,1 stop,No info,12242
Jet Airways,9/06/2019,Kolkata,Banglore,CCU → BOM → BLR,20:00,04:40 10 Jun,8h 40m,1 stop,No info,14178
Air India,6/06/2019,Kolkata,Banglore,CCU → IXR → DEL → BLR,05:50,12:30 07 Jun,30h 40m,2 stops,No info,12723
Multiple carriers,27/05/2019,Delhi,Cochin,DEL → BOM → COK,17:45,01:30 28 May,7h 45m,1 stop,No info,6795
Jet Airways,21/05/2019,Kolkata,Banglore,CCU → BOM → BLR,18:55,04:40 22 May,9h 45m,1 stop,No info,14388
Multiple carriers,12/06/2019,Delhi,Cochin,DEL → BOM → COK,10:00,21:00,11h,1 stop,No info,13587
Multiple carriers,27/05/2019,Delhi,Cochin,DEL → BOM → COK,12:50,21:00,8h 10m,1 stop,No info,7005
IndiGo,15/06/2019,Banglore,Delhi,BLR → DEL,23:30,02:20 16 Jun,2h 50m,non-stop,No info,4077
SpiceJet,15/04/2019,Banglore,Delhi,BLR → DEL,09:30,12:20,2h 50m,non-stop,No info,4423
Multiple carriers,9/03/2019,Delhi,Cochin,DEL → BOM → COK,19:00,01:35 10 Mar,6h 35m,1 stop,No info,13677
Jet Airways,12/06/2019,Kolkata,Banglore,CCU → BOM → BLR,08:25,16:20,7h 55m,1 stop,In-flight meal not included,9899
Air India,18/03/2019,Banglore,New Delhi,BLR → BOM → BHO → DEL,17:25,23:25 16 Mar,30h,2 stops,No info,11518
Jet Airways,01/03/2019,Banglore,New Delhi,BLR → BOM → DEL,07:00,13:15,6h 15m,1 stop,No info,26890
Jet Airways,18/05/2019,Kolkata,Banglore,CCU → BOM → BLR,14:05,23:35,9h 30m,1 stop,No info,14781
Vistara,1/04/2019,Kolkata,Banglore,CCU → DEL → BLR,20:20,09:05 02 Apr,12h 45m,1 stop,No info,7980
SpiceJet,18/06/2019,Chennai,Kolkata,MAA → CCU,09:45,12:00,2h 15m,non-stop,No check-in baggage included,3543
GoAir,15/03/2019,Banglore,New Delhi,BLR → DEL,11:40,14:35,2h 55m,non-stop,No info,6113
IndiGo,24/03/2019,Banglore,New Delhi,BLR → DEL,18:55,21:45,2h 50m,non-stop,No info,7303
Air India,18/05/2019,Delhi,Cochin,DEL → AMD → BOM → COK,05:00,07:40 19 May,26h 40m,2 stops,No info,11228
Jet Airways,18/05/2019,Kolkata,Banglore,CCU → DEL → BLR,09:35,19:10,9h 35m,1 stop,In-flight meal not included,12384
Air India,9/06/2019,Kolkata,Banglore,CCU → BOM → COK → BLR,09:25,13:45 10 Jun,28h 20m,2 stops,No info,11542
Jet Airways,1/04/2019,Kolkata,Banglore,CCU → DEL → BLR,20:25,18:00 02 Apr,21h 35m,1 stop,No info,11467
Multiple carriers,21/05/2019,Delhi,Cochin,DEL → BOM → COK,07:00,21:00,14h,1 stop,No info,7888
Jet Airways,24/03/2019,Kolkata,Banglore,CCU → BOM → BLR,16:55,12:00 25 Mar,19h 5m,1 stop,In-flight meal not included,11134
IndiGo,15/05/2019,Banglore,Delhi,BLR → DEL,21:15,00:15 16 May,3h,non-stop,No info,3943
Jet Airways,27/05/2019,Delhi,Cochin,DEL → BOM → COK,18:15,04:25 28 May,10h 10m,1 stop,In-flight meal not included,12898
Air India,27/06/2019,Delhi,Cochin,DEL → COK,05:10,08:00,2h 50m,non-stop,No info,5201
Air India,3/06/2019,Delhi,Cochin,DEL → AMD → BOM → COK,16:40,19:15 04 Jun,26h 35m,2 stops,No info,9968
IndiGo,3/05/2019,Mumbai,Hyderabad,BOM → HYD,02:35,04:05,1h 30m,non-stop,No info,2754
Multiple carriers,24/06/2019,Delhi,Cochin,DEL → BOM → COK,19:00,01:30 25 Jun,6h 30m,1 stop,No info,6795
Air India,24/03/2019,Kolkata,Banglore,CCU → DEL → BLR,20:30,23:15 25 Mar,26h 45m,1 stop,No info,10808
Air India,1/06/2019,Delhi,Cochin,DEL → JAI → BOM → COK,12:00,19:15,7h 15m,2 stops,No info,10336
Air India,24/03/2019,Kolkata,Banglore,CCU → BOM → BLR,16:50,18:30 25 Mar,25h 40m,1 stop,No info,14641
Multiple carriers,3/06/2019,Delhi,Cochin,DEL → BOM → COK,15:00,01:30 04 Jun,10h 30m,1 stop,No info,13377
Jet Airways,24/03/2019,Kolkata,Banglore,CCU → BOM → BLR,13:55,09:15 25 Mar,19h 20m,1 stop,In-flight meal not included,11134
SpiceJet,21/03/2019,Banglore,New Delhi,BLR → PNQ → DEL,10:20,18:15,7h 55m,1 stop,No info,7139
IndiGo,24/03/2019,Banglore,New Delhi,BLR → DEL,01:30,04:15,2h 45m,non-stop,No info,4777
Multiple carriers,27/06/2019,Delhi,Cochin,DEL → BOM → COK,10:00,01:30 28 Jun,15h 30m,1 stop,No info,13377
Jet Airways,21/03/2019,Mumbai,Hyderabad,BOM → HYD,10:20,11:50,1h 30m,non-stop,No info,8040
Jet Airways,9/06/2019,Kolkata,Banglore,CCU → BOM → BLR,21:10,16:20 10 Jun,19h 10m,1 stop,In-flight meal not included,10844
Air India,12/03/2019,Mumbai,Hyderabad,BOM → DEL → HYD,19:40,09:10 13 Mar,13h 30m,1 stop,No info,10208
Jet Airways,21/05/2019,Banglore,Delhi,BLR → DEL,18:55,22:00,3h 5m,non-stop,No info,7229
Multiple carriers,27/05/2019,Delhi,Cochin,DEL → HYD → COK,09:45,16:10,6h 25m,1 stop,No info,10486
SpiceJet,18/04/2019,Kolkata,Banglore,CCU → BLR,22:20,00:40 19 Apr,2h 20m,non-stop,No info,4174
IndiGo,6/05/2019,Banglore,Delhi,BLR → DEL,13:00,15:50,2h 50m,non-stop,No info,3943
Jet Airways,12/05/2019,Kolkata,Banglore,CCU → BOM → BLR,21:10,10:05 13 May,12h 55m,1 stop,In-flight meal not included,8586
Air India,3/04/2019,Mumbai,Hyderabad,BOM → HYD,19:30,20:45,1h 15m,non-stop,No info,2050
Jet Airways,1/04/2019,Kolkata,Banglore,CCU → BOM → BLR,06:30,12:00,5h 30m,1 stop,In-flight meal not included,10056
Jet Airways,24/03/2019,Kolkata,Banglore,CCU → BOM → BLR,13:55,04:45 25 Mar,14h 50m,1 stop,No info,13759
Vistara,9/03/2019,Delhi,Cochin,DEL → COK,06:00,09:10,3h 10m,non-stop,No info,7266
SpiceJet,18/04/2019,Banglore,Delhi,BLR → DEL,09:30,12:20,2h 50m,non-stop,No check-in baggage included,5515
Jet Airways,21/05/2019,Delhi,Cochin,DEL → BOM → COK,16:00,19:00 22 May,27h,1 stop,No info,16079
Multiple carriers,24/06/2019,Delhi,Cochin,DEL → BOM → COK,08:45,19:15,10h 30m,1 stop,No info,9001
IndiGo,24/06/2019,Banglore,Delhi,BLR → DEL,08:30,11:20,2h 50m,non-stop,No info,4823
IndiGo,27/03/2019,Delhi,Cochin,DEL → AMD → COK,07:45,13:40,5h 55m,1 stop,No info,4832
IndiGo,3/03/2019,Delhi,Cochin,DEL → BOM → COK,06:40,15:30,8h 50m,1 stop,No info,14871
SpiceJet,1/06/2019,Mumbai,Hyderabad,BOM → HYD,13:15,14:45,1h 30m,non-stop,No check-in baggage included,2175
Air India,18/05/2019,Delhi,Cochin,DEL → MAA → COK,06:05,09:25 19 May,27h 20m,1 stop,No info,7480
IndiGo,9/03/2019,Delhi,Cochin,DEL → BOM → COK,04:45,12:55,8h 10m,1 stop,No info,16162
GoAir,1/06/2019,Delhi,Cochin,DEL → BOM → COK,07:00,12:55,5h 55m,1 stop,No info,5457
IndiGo,15/04/2019,Delhi,Cochin,DEL → HYD → COK,08:35,16:10,7h 35m,1 stop,No info,6442
Jet Airways,9/05/2019,Kolkata,Banglore,CCU → BOM → BLR,06:30,04:40 10 May,22h 10m,1 stop,No info,13941
Vistara,12/05/2019,Kolkata,Banglore,CCU → DEL → BLR,07:10,09:05 13 May,25h 55m,1 stop,No info,9397
Jet Airways,6/04/2019,Delhi,Cochin,DEL → BOM → COK,02:15,19:00,16h 45m,1 stop,In-flight meal not included,5177
Jet Airways,12/06/2019,Delhi,Cochin,DEL → BOM → COK,19:45,04:25 13 Jun,8h 40m,1 stop,In-flight meal not included,10262
Jet Airways,27/05/2019,Delhi,Cochin,DEL → BOM → COK,19:45,19:00 28 May,23h 15m,1 stop,In-flight meal not included,12898
Air India,3/05/2019,Mumbai,Hyderabad,BOM → HYD,15:00,16:25,1h 25m,non-stop,No info,3100
Air Asia,15/05/2019,Kolkata,Banglore,CCU → DEL → BLR,22:40,10:40 16 May,12h,1 stop,No info,5192
Air Asia,21/05/2019,Kolkata,Banglore,CCU → IXR → DEL → BLR,15:10,23:30,8h 20m,2 stops,No info,5192
IndiGo,15/05/2019,Delhi,Cochin,DEL → BOM → COK,17:10,01:30 16 May,8h 20m,1 stop,No info,6979
Multiple carriers,27/05/2019,Delhi,Cochin,DEL → BOM → COK,09:00,21:00,12h,1 stop,No info,7618
Air India,15/06/2019,Delhi,Cochin,DEL → MAA → COK,20:40,09:25 16 Jun,12h 45m,1 stop,No info,7480
Jet Airways,27/06/2019,Banglore,Delhi,BLR → DEL,11:10,14:05,2h 55m,non-stop,No info,8016
Jet Airways,21/03/2019,Banglore,New Delhi,BLR → BOM → DEL,11:40,11:25 19 Mar,23h 45m,1 stop,In-flight meal not included,7832
IndiGo,18/05/2019,Delhi,Cochin,DEL → BOM → COK,04:55,21:00,16h 5m,1 stop,No info,6758
Jet Airways,6/06/2019,Delhi,Cochin,DEL → JAI → BOM → COK,19:30,04:25 07 Jun,8h 55m,2 stops,No info,13014
Air India,03/03/2019,Banglore,New Delhi,BLR → BOM → IDR → DEL,08:50,11:10 07 Mar,26h 20m,2 stops,No info,12599
Jet Airways,9/03/2019,Delhi,Cochin,DEL → BOM → COK,06:50,04:25 10 Mar,21h 35m,1 stop,No info,16289
IndiGo,24/05/2019,Banglore,Delhi,BLR → DEL,21:15,00:15 25 May,3h,non-stop,No info,3943
Jet Airways,27/06/2019,Delhi,Cochin,DEL → BOM → COK,07:05,12:35,5h 30m,1 stop,No info,14714
IndiGo,15/05/2019,Chennai,Kolkata,MAA → CCU,14:45,17:05,2h 20m,non-stop,No info,3597
IndiGo,24/04/2019,Delhi,Cochin,DEL → BLR → COK,15:10,20:00,4h 50m,1 stop,No info,6027
IndiGo,18/03/2019,Delhi,Cochin,DEL → COK,14:30,17:35,3h 5m,non-stop,No info,5406
Jet Airways,27/03/2019,Delhi,Cochin,DEL → MAA → BOM → COK,17:35,19:45 28 Mar,26h 10m,2 stops,In-flight meal not included,8098
Multiple carriers,1/06/2019,Delhi,Cochin,DEL → BOM → COK,06:40,19:00,12h 20m,1 stop,No info,11200
Jet Airways,3/03/2019,Delhi,Cochin,DEL → BOM → COK,08:00,18:50,10h 50m,1 stop,No info,17024
Multiple carriers,3/03/2019,Delhi,Cochin,DEL → HYD → COK,09:45,22:20,12h 35m,1 stop,No info,13838
Jet Airways,9/05/2019,Delhi,Cochin,DEL → ATQ → BOM → COK,20:00,04:25 10 May,8h 25m,2 stops,No info,16263
Air India,3/04/2019,Delhi,Cochin,DEL → COK,14:10,17:10,3h,non-stop,No info,4729
Jet Airways,12/05/2019,Kolkata,Banglore,CCU → BOM → BLR,20:00,16:20 13 May,20h 20m,1 stop,In-flight meal not included,10844
Air India,24/05/2019,Banglore,Delhi,BLR → DEL,06:10,08:55,2h 45m,non-stop,No info,8273
Jet Airways,24/06/2019,Delhi,Cochin,DEL → NAG → BOM → COK,06:45,04:25 25 Jun,21h 40m,2 stops,No info,13376
Jet Airways,9/06/2019,Kolkata,Banglore,CCU → BOM → BLR,16:30,22:35,6h 5m,1 stop,In-flight meal not included,10844
GoAir,12/04/2019,Banglore,Delhi,BLR → DEL,20:55,23:40,2h 45m,non-stop,No info,6722
Jet Airways,12/05/2019,Kolkata,Banglore,CCU → BOM → BLR,21:10,04:40 13 May,7h 30m,1 stop,In-flight meal not included,8586
SpiceJet,24/03/2019,Mumbai,Hyderabad,BOM → HYD,22:45,00:10 25 Mar,1h 25m,non-stop,No check-in baggage included,2175
Jet Airways,1/04/2019,Kolkata,Banglore,CCU → BOM → BLR,06:30,19:50,13h 20m,1 stop,In-flight meal not included,7064
IndiGo,24/03/2019,Banglore,New Delhi,BLR → DEL,06:00,08:45,2h 45m,non-stop,No info,4777
IndiGo,18/03/2019,Mumbai,Hyderabad,BOM → HYD,12:00,13:25,1h 25m,non-stop,No info,2754
SpiceJet,24/04/2019,Delhi,Cochin,DEL → PNQ → COK,08:45,13:15,4h 30m,1 stop,No check-in baggage included,4760
Jet Airways,27/06/2019,Delhi,Cochin,DEL → ATQ → BOM → COK,12:15,19:00 28 Jun,30h 45m,2 stops,No info,14300
Jet Airways,24/03/2019,Mumbai,Hyderabad,BOM → HYD,10:20,11:50,1h 30m,non-stop,In-flight meal not included,2759
IndiGo,03/03/2019,Banglore,New Delhi,BLR → DEL,16:55,19:45,2h 50m,non-stop,No info,8855
SpiceJet,15/05/2019,Banglore,Delhi,BLR → DEL,05:55,08:35,2h 40m,non-stop,No info,3311
Jet Airways,24/03/2019,Kolkata,Banglore,CCU → BOM → BLR,21:10,16:20 25 Mar,19h 10m,1 stop,In-flight meal not included,10031
Vistara,15/05/2019,Delhi,Cochin,DEL → COK,06:00,09:10,3h 10m,non-stop,No info,6216
SpiceJet,27/06/2019,Delhi,Cochin,DEL → PNQ → COK,08:45,13:15,4h 30m,1 stop,No info,4812
Jet Airways,18/05/2019,Delhi,Cochin,DEL → BOM → COK,07:05,04:25 19 May,21h 20m,1 stop,In-flight meal not included,12373
Multiple carriers,21/03/2019,Delhi,Cochin,DEL → BOM → COK,13:00,21:00,8h,1 stop,No info,7618
Jet Airways,15/06/2019,Banglore,Delhi,BLR → DEL,11:10,14:05,2h 55m,non-stop,In-flight meal not included,7229
SpiceJet,9/06/2019,Kolkata,Banglore,CCU → BLR,06:55,09:30,2h 35m,non-stop,No check-in baggage included,3841
IndiGo,12/04/2019,Kolkata,Banglore,CCU → BLR,17:15,19:50,2h 35m,non-stop,No info,4174
Jet Airways,24/06/2019,Delhi,Cochin,DEL → AMD → BOM → COK,23:05,19:00 25 Jun,19h 55m,2 stops,No info,12819
Air India,21/05/2019,Kolkata,Banglore,CCU → DEL → BLR,07:00,20:25,13h 25m,1 stop,No info,11096
IndiGo,15/05/2019,Delhi,Cochin,DEL → HYD → COK,14:20,22:30,8h 10m,1 stop,No info,6412
Air India,6/06/2019,Delhi,Cochin,DEL → HYD → BOM → COK,17:15,19:15 07 Jun,26h,2 stops,No info,12777
IndiGo,21/05/2019,Delhi,Cochin,DEL → BOM → COK,06:40,21:00,14h 20m,1 stop,No info,7006
Air India,15/03/2019,Banglore,New Delhi,BLR → MAA → DEL,11:50,08:55 16 Mar,21h 5m,1 stop,No info,5932
Air Asia,6/03/2019,Delhi,Cochin,DEL → BLR → COK,16:45,07:10 07 Mar,14h 25m,1 stop,No info,8627
Jet Airways,1/06/2019,Banglore,Delhi,BLR → DEL,18:55,22:00,3h 5m,non-stop,In-flight meal not included,7229
Air India,24/06/2019,Delhi,Cochin,DEL → HYD → BOM → COK,17:15,19:15 25 Jun,26h,2 stops,No info,11972
IndiGo,21/06/2019,Mumbai,Hyderabad,BOM → HYD,06:25,07:55,1h 30m,non-stop,No info,4049
Air India,21/05/2019,Delhi,Cochin,DEL → BHO → BOM → COK,05:55,19:15,13h 20m,2 stops,No info,10861
IndiGo,9/04/2019,Banglore,Delhi,BLR → DEL,18:55,21:50,2h 55m,non-stop,No info,4823
Air India,3/06/2019,Delhi,Cochin,DEL → AMD → BOM → COK,19:45,19:15 04 Jun,23h 30m,2 stops,No info,10441
Vistara Premium economy,1/03/2019,Chennai,Kolkata,MAA → CCU,07:05,09:20,2h 15m,non-stop,No info,9125
Air India,3/06/2019,Banglore,Delhi,BLR → DEL,10:00,12:45,2h 45m,non-stop,No info,6961
Air India,24/06/2019,Chennai,Kolkata,MAA → CCU,11:40,13:55,2h 15m,non-stop,No info,4667
Jet Airways,6/06/2019,Delhi,Cochin,DEL → JDH → BOM → COK,11:40,19:00,7h 20m,2 stops,In-flight meal not included,15812
IndiGo,1/05/2019,Kolkata,Banglore,CCU → NAG → BLR,18:05,23:30,5h 25m,1 stop,No info,6218
IndiGo,27/04/2019,Kolkata,Banglore,CCU → BLR,14:25,16:55,2h 30m,non-stop,No info,4804
Jet Airways,27/06/2019,Banglore,Delhi,BLR → DEL,19:50,22:50,3h,non-stop,In-flight meal not included,7229
Multiple carriers,9/04/2019,Delhi,Cochin,DEL → BOM → COK,11:40,01:30 10 Apr,13h 50m,1 stop,No info,6645
IndiGo,18/03/2019,Mumbai,Hyderabad,BOM → HYD,02:30,04:00,1h 30m,non-stop,No info,2754
Multiple carriers,27/06/2019,Delhi,Cochin,DEL → BOM → COK,18:15,01:30 28 Jun,7h 15m,1 stop,No info,13377
Air India,3/05/2019,Kolkata,Banglore,CCU → BLR,14:15,16:45,2h 30m,non-stop,No info,5510
Air India,9/06/2019,Kolkata,Banglore,CCU → BBI → BOM → BLR,12:00,07:55 10 Jun,19h 55m,2 stops,No info,10151
Jet Airways,9/06/2019,Delhi,Cochin,DEL → BOM → COK,02:15,19:00,16h 45m,1 stop,In-flight meal not included,10262
Jet Airways,1/05/2019,Banglore,Delhi,BLR → DEL,06:00,08:45,2h 45m,non-stop,In-flight meal not included,4030
Jet Airways,18/03/2019,Banglore,New Delhi,BLR → BOM → DEL,22:50,09:00 16 Mar,10h 10m,1 stop,No info,13555
IndiGo,1/04/2019,Banglore,Delhi,BLR → DEL,20:00,22:50,2h 50m,non-stop,No info,4823
Multiple carriers,15/06/2019,Delhi,Cochin,DEL → BOM → COK,10:20,19:15,8h 55m,1 stop,No info,9526
Jet Airways,1/05/2019,Kolkata,Banglore,CCU → BOM → BLR,08:25,18:15,9h 50m,1 stop,In-flight meal not included,10844
Vistara,1/04/2019,Kolkata,Banglore,CCU → DEL → BLR,07:10,23:25,16h 15m,1 stop,No info,7927
Multiple carriers Premium economy,21/03/2019,Delhi,Cochin,DEL → BOM → COK,08:55,21:00,12h 5m,1 stop,No info,9845
IndiGo,9/05/2019,Delhi,Cochin,DEL → BOM → COK,07:30,21:00,13h 30m,1 stop,No info,7191
Jet Airways,15/05/2019,Kolkata,Banglore,CCU → DEL → BLR,17:00,14:25 16 May,21h 25m,1 stop,In-flight meal not included,9314
IndiGo,6/05/2019,Kolkata,Banglore,CCU → BLR,17:15,19:50,2h 35m,non-stop,No info,4804
Air India,15/05/2019,Delhi,Cochin,DEL → COK,05:10,08:00,2h 50m,non-stop,No info,6094
Jet Airways,21/06/2019,Mumbai,Hyderabad,BOM → HYD,08:45,10:15,1h 30m,non-stop,No info,8040
Jet Airways,9/05/2019,Kolkata,Banglore,CCU → DEL → BLR,09:35,10:55 10 May,25h 20m,1 stop,No info,10953
IndiGo,18/06/2019,Kolkata,Banglore,CCU → BLR,14:25,16:55,2h 30m,non-stop,No info,4804
Jet Airways,12/06/2019,Delhi,Cochin,DEL → BOM → COK,22:50,19:00 13 Jun,20h 10m,1 stop,In-flight meal not included,10262
Air India,24/03/2019,Banglore,New Delhi,BLR → DEL,10:00,12:45,2h 45m,non-stop,No info,7276
IndiGo,15/05/2019,Mumbai,Hyderabad,BOM → HYD,16:55,18:25,1h 30m,non-stop,No info,3175
Jet Airways,12/06/2019,Delhi,Cochin,DEL → JAI → BOM → COK,19:30,12:35 13 Jun,17h 5m,2 stops,No info,13014
Jet Airways,18/05/2019,Delhi,Cochin,DEL → JAI → BOM → COK,09:40,19:00,9h 20m,2 stops,In-flight meal not included,13029
Air India,24/03/2019,Kolkata,Banglore,CCU → DEL → BLR,20:30,12:30 25 Mar,16h,1 stop,No info,12173
Jet Airways,9/05/2019,Delhi,Cochin,DEL → AMD → BOM → COK,13:25,12:35 10 May,23h 10m,2 stops,No info,15129
Jet Airways,21/04/2019,Banglore,Delhi,BLR → DEL,08:20,11:20,3h,non-stop,No info,7229
Air India,3/03/2019,Delhi,Cochin,DEL → AMD → BOM → COK,19:45,19:15 04 Mar,23h 30m,2 stops,No info,12856
Air India,18/03/2019,Banglore,New Delhi,BLR → BOM → NAG → DEL,08:50,10:35 16 Mar,25h 45m,2 stops,No info,11885
IndiGo,15/05/2019,Delhi,Cochin,DEL → BOM → COK,09:15,01:30 16 May,16h 15m,1 stop,No info,7503
Air India,01/03/2019,Banglore,New Delhi,BLR → BOM → DEL,06:45,12:15,5h 30m,1 stop,No info,23677
SpiceJet,21/05/2019,Kolkata,Banglore,CCU → BLR,22:20,00:40 22 May,2h 20m,non-stop,No check-in baggage included,3841
Multiple carriers,27/06/2019,Delhi,Cochin,DEL → BOM → COK,12:50,21:00,8h 10m,1 stop,In-flight meal not included,6007
IndiGo,9/03/2019,Delhi,Cochin,DEL → HYD → COK,06:40,16:10,9h 30m,1 stop,No info,6442
Multiple carriers,27/05/2019,Delhi,Cochin,DEL → BOM → COK,18:15,01:30 28 May,7h 15m,1 stop,No info,13377
IndiGo,24/05/2019,Kolkata,Banglore,CCU → BLR,17:15,19:50,2h 35m,non-stop,No info,4804
IndiGo,27/03/2019,Delhi,Cochin,DEL → BOM → COK,08:25,21:00,12h 35m,1 stop,No info,8285
Jet Airways,12/06/2019,Kolkata,Banglore,CCU → BOM → BLR,06:30,12:00,5h 30m,1 stop,In-flight meal not included,9899
SpiceJet,21/03/2019,Chennai,Kolkata,MAA → CCU,17:45,20:05,2h 20m,non-stop,No info,3384
SpiceJet,1/05/2019,Mumbai,Hyderabad,BOM → HYD,13:15,14:45,1h 30m,non-stop,No check-in baggage included,2385
Jet Airways,12/06/2019,Kolkata,Banglore,CCU → BOM → BLR,08:25,19:50,11h 25m,1 stop,No info,13626
IndiGo,27/04/2019,Kolkata,Banglore,CCU → BLR,20:20,22:55,2h 35m,non-stop,No info,4804
Multiple carriers,21/05/2019,Delhi,Cochin,DEL → BOM → COK,08:45,19:15,10h 30m,1 stop,No info,8266
Multiple carriers,1/05/2019,Delhi,Cochin,DEL → BOM → COK,10:20,19:00,8h 40m,1 stop,No info,9794
IndiGo,21/05/2019,Delhi,Cochin,DEL → BOM → COK,10:35,01:30 22 May,14h 55m,1 stop,No info,6794
Jet Airways,6/06/2019,Delhi,Cochin,DEL → BOM → COK,08:00,04:25 07 Jun,20h 25m,1 stop,In-flight meal not included,10262
IndiGo,1/04/2019,Delhi,Cochin,DEL → MAA → COK,02:00,07:25,5h 25m,1 stop,No info,5164
Jet Airways,6/06/2019,Banglore,Delhi,BLR → DEL,11:10,14:05,2h 55m,non-stop,No info,8016
Jet Airways,21/05/2019,Mumbai,Hyderabad,BOM → HYD,19:35,21:05,1h 30m,non-stop,In-flight meal not included,3210
SpiceJet,21/03/2019,Delhi,Cochin,DEL → PNQ → COK,08:45,13:15,4h 30m,1 stop,No check-in baggage included,6356
Jet Airways,27/06/2019,Delhi,Cochin,DEL → ATQ → BOM → COK,12:15,12:35 28 Jun,24h 20m,2 stops,No info,14300
IndiGo,18/03/2019,Chennai,Kolkata,MAA → CCU,13:20,15:35,2h 15m,non-stop,No info,3858
Multiple carriers,12/06/2019,Delhi,Cochin,DEL → BOM → COK,11:40,21:00,9h 20m,1 stop,No info,7005
Jet Airways,24/03/2019,Kolkata,Banglore,CCU → BOM → BLR,13:55,10:05 25 Mar,20h 10m,1 stop,In-flight meal not included,11134
SpiceJet,24/03/2019,Banglore,New Delhi,BLR → DEL,09:35,12:30,2h 55m,non-stop,No check-in baggage included,6205
Multiple carriers,1/03/2019,Delhi,Cochin,DEL → BOM → COK,19:00,01:35 02 Mar,6h 35m,1 stop,No info,23533
Air India,9/03/2019,Chennai,Kolkata,MAA → CCU,11:40,13:55,2h 15m,non-stop,No info,7817
Jet Airways,24/03/2019,Kolkata,Banglore,CCU → BOM → BLR,18:55,16:20 25 Mar,21h 25m,1 stop,No info,14231
IndiGo,09/03/2019,Banglore,New Delhi,BLR → DEL,04:00,06:50,2h 50m,non-stop,No info,4777
Jet Airways,18/05/2019,Delhi,Cochin,DEL → BOM → COK,17:30,19:00 19 May,25h 30m,1 stop,In-flight meal not included,12373
Jet Airways,27/06/2019,Delhi,Cochin,DEL → BOM → COK,02:15,12:35,10h 20m,1 stop,No info,18371
Jet Airways,6/06/2019,Kolkata,Banglore,CCU → BOM → BLR,08:25,19:50,11h 25m,1 stop,In-flight meal not included,10844
Air India,9/05/2019,Kolkata,Banglore,CCU → BOM → COK → BLR,16:50,13:45 10 May,20h 55m,2 stops,No info,12592
IndiGo,27/03/2019,Delhi,Cochin,DEL → COK,05:35,08:50,3h 15m,non-stop,No info,4729
Air India,1/06/2019,Delhi,Cochin,DEL → GOI → BOM → COK,22:00,19:15 02 Jun,21h 15m,2 stops,No info,10441
IndiGo,15/05/2019,Kolkata,Banglore,CCU → BLR,22:15,00:50 16 May,2h 35m,non-stop,No info,4804
Jet Airways,15/03/2019,Mumbai,Hyderabad,BOM → HYD,19:35,21:05,1h 30m,non-stop,In-flight meal not included,2759
Multiple carriers,9/05/2019,Delhi,Cochin,DEL → BOM → COK,08:30,19:00,10h 30m,1 stop,No info,9627
IndiGo,18/05/2019,Kolkata,Banglore,CCU → BLR,11:30,14:05,2h 35m,non-stop,No info,4804
Jet Airways,27/03/2019,Delhi,Cochin,DEL → BOM → COK,08:00,04:25 28 Mar,20h 25m,1 stop,No info,12452
IndiGo,12/03/2019,Chennai,Kolkata,MAA → CCU,22:05,00:30 13 Mar,2h 25m,non-stop,No info,6297
Jet Airways,24/03/2019,Mumbai,Hyderabad,BOM → HYD,15:50,17:20,1h 30m,non-stop,No info,5678
Air India,15/05/2019,Kolkata,Banglore,CCU → BOM → BLR,16:50,07:55 16 May,15h 5m,1 stop,No info,8891
IndiGo,27/04/2019,Banglore,Delhi,BLR → DEL,00:30,03:25,2h 55m,non-stop,No info,4591
IndiGo,09/03/2019,Banglore,New Delhi,BLR → DEL,18:25,21:20,2h 55m,non-stop,No info,6860
Jet Airways,21/05/2019,Kolkata,Banglore,CCU → BOM → BLR,08:25,20:45,12h 20m,1 stop,No info,14781
Air India,6/03/2019,Delhi,Cochin,DEL → CCU → BOM → COK,06:50,07:40 07 Mar,24h 50m,2 stops,No info,20416
Air India,1/06/2019,Delhi,Cochin,DEL → HYD → BOM → COK,17:15,07:40 02 Jun,14h 25m,2 stops,No info,14667
SpiceJet,15/03/2019,Banglore,New Delhi,BLR → DEL,09:35,12:30,2h 55m,non-stop,No info,6309
Jet Airways,6/05/2019,Kolkata,Banglore,CCU → BOM → BLR,16:30,16:20 07 May,23h 50m,1 stop,No info,13941
Multiple carriers,9/05/2019,Delhi,Cochin,DEL → BOM → COK,11:25,19:15,7h 50m,1 stop,No info,7575
SpiceJet,3/06/2019,Kolkata,Banglore,CCU → BLR,06:55,09:30,2h 35m,non-stop,No info,3873
Vistara,24/03/2019,Kolkata,Banglore,CCU → DEL → BLR,20:20,09:10 25 Mar,12h 50m,1 stop,No info,12312
Air Asia,1/05/2019,Kolkata,Banglore,CCU → DEL → BLR,22:40,10:40 02 May,12h,1 stop,No info,5192
Jet Airways,27/06/2019,Delhi,Cochin,DEL → IDR → BOM → COK,21:25,19:00 28 Jun,21h 35m,2 stops,No info,13292
Jet Airways,21/05/2019,Mumbai,Hyderabad,BOM → HYD,07:05,08:30,1h 25m,non-stop,No info,8040
Jet Airways,6/06/2019,Delhi,Cochin,DEL → BOM → COK,11:30,04:25 07 Jun,16h 55m,1 stop,In-flight meal not included,10262
Air India,21/03/2019,Delhi,Cochin,DEL → MAA → COK,09:45,09:25 22 Mar,23h 40m,1 stop,No info,7532
Multiple carriers,9/05/2019,Delhi,Cochin,DEL → BOM → COK,09:00,21:00,12h,1 stop,No info,8073
IndiGo,27/04/2019,Banglore,Delhi,BLR → DEL,22:10,01:00 28 Apr,2h 50m,non-stop,No info,3943
IndiGo,6/06/2019,Kolkata,Banglore,CCU → BLR,20:25,23:10,2h 45m,non-stop,No info,4804
Jet Airways,1/06/2019,Delhi,Cochin,DEL → BOM → COK,07:05,12:35,5h 30m,1 stop,No info,16079
Air India,12/06/2019,Delhi,Cochin,DEL → MAA → COK,12:30,09:25 13 Jun,20h 55m,1 stop,No info,7480
IndiGo,03/03/2019,Banglore,New Delhi,BLR → HYD → DEL,07:30,12:20,4h 50m,1 stop,No info,6220
Jet Airways,6/05/2019,Kolkata,Banglore,CCU → BOM → BLR,06:30,09:20 07 May,26h 50m,1 stop,In-flight meal not included,9663
Jet Airways,3/06/2019,Delhi,Cochin,DEL → BOM → COK,02:15,19:00,16h 45m,1 stop,In-flight meal not included,10262
Jet Airways,3/05/2019,Banglore,Delhi,BLR → DEL,17:45,20:45,3h,non-stop,No info,7229
Multiple carriers,3/06/2019,Delhi,Cochin,DEL → BOM → COK,04:55,12:35,7h 40m,1 stop,No info,11622
IndiGo,27/06/2019,Chennai,Kolkata,MAA → CCU,19:35,21:55,2h 20m,non-stop,No info,3597
Jet Airways,1/06/2019,Delhi,Cochin,DEL → BOM → COK,22:50,19:00 02 Jun,20h 10m,1 stop,No info,14714
IndiGo,6/06/2019,Kolkata,Banglore,CCU → VTZ → BLR,10:30,16:05,5h 35m,1 stop,No info,6301
Jet Airways,3/06/2019,Delhi,Cochin,DEL → BOM → COK,14:00,04:25 04 Jun,14h 25m,1 stop,No info,14714
IndiGo,24/04/2019,Delhi,Cochin,DEL → HYD → COK,05:05,12:10,7h 5m,1 stop,No info,6171
IndiGo,6/04/2019,Delhi,Cochin,DEL → MAA → COK,02:00,07:25,5h 25m,1 stop,No info,5046
IndiGo,12/06/2019,Delhi,Cochin,DEL → BOM → COK,18:35,01:30 13 Jun,6h 55m,1 stop,No info,5883
SpiceJet,27/05/2019,Kolkata,Banglore,CCU → BLR,06:55,09:30,2h 35m,non-stop,No info,3873
Multiple carriers,24/06/2019,Delhi,Cochin,DEL → BOM → COK,10:00,21:00,11h,1 stop,No info,13587
Multiple carriers,6/03/2019,Delhi,Cochin,DEL → BOM → COK,08:00,15:30,7h 30m,1 stop,No info,17267
Jet Airways,6/06/2019,Mumbai,Hyderabad,BOM → HYD,19:35,21:05,1h 30m,non-stop,In-flight meal not included,3210
Vistara,12/05/2019,Kolkata,Banglore,CCU → DEL → BLR,20:20,09:05 13 May,12h 45m,1 stop,No info,9397
Air India,9/06/2019,Delhi,Cochin,DEL → BOM → COK,20:00,19:15 10 Jun,23h 15m,1 stop,No info,8372
Air India,9/04/2019,Delhi,Cochin,DEL → MAA → COK,20:40,09:25 10 Apr,12h 45m,1 stop,No info,4487
Jet Airways,12/03/2019,Banglore,New Delhi,BLR → BOM → DEL,05:45,11:25,5h 40m,1 stop,No info,13817
GoAir,21/06/2019,Banglore,Delhi,BLR → DEL,11:40,14:30,2h 50m,non-stop,No info,3398
Jet Airways,12/06/2019,Delhi,Cochin,DEL → IDR → BOM → COK,09:35,12:35 13 Jun,27h,2 stops,No info,13292
Air India,27/05/2019,Delhi,Cochin,DEL → LKO → BOM → COK,07:10,07:40 28 May,24h 30m,2 stops,No info,14588
Multiple carriers,9/06/2019,Delhi,Cochin,DEL → BOM → COK,09:00,19:00,10h,1 stop,No info,12192
Jet Airways,27/05/2019,Delhi,Cochin,DEL → BOM → COK,11:30,12:35 28 May,25h 5m,1 stop,In-flight meal not included,12898
Vistara,12/05/2019,Kolkata,Banglore,CCU → DEL → BLR,07:10,18:50,11h 40m,1 stop,No info,8820
IndiGo,1/06/2019,Delhi,Cochin,DEL → BLR → COK,17:05,22:25,5h 20m,1 stop,No info,7060
Air India,3/06/2019,Delhi,Cochin,DEL → BOM → COK,10:00,19:15,9h 15m,1 stop,No info,10979
Vistara,6/03/2019,Mumbai,Hyderabad,BOM → DEL → HYD,08:45,19:55,11h 10m,1 stop,No info,12395
SpiceJet,15/03/2019,Banglore,New Delhi,BLR → DEL,09:35,12:30,2h 55m,non-stop,No check-in baggage included,6205
SpiceJet,1/06/2019,Banglore,Delhi,BLR → DEL,21:10,00:05 02 Jun,2h 55m,non-stop,No check-in baggage included,3573
Air India,15/04/2019,Delhi,Cochin,DEL → COK,05:10,08:00,2h 50m,non-stop,No info,6094
Jet Airways,15/06/2019,Delhi,Cochin,DEL → BOM → COK,18:15,12:35 16 Jun,18h 20m,1 stop,In-flight meal not included,10262
Multiple carriers,9/05/2019,Delhi,Cochin,DEL → BOM → COK,08:00,19:15,11h 15m,1 stop,In-flight meal not included,9871
IndiGo,9/04/2019,Kolkata,Banglore,CCU → MAA → BLR,19:35,00:10 10 Apr,4h 35m,1 stop,No info,4860
Vistara,09/03/2019,Banglore,New Delhi,BLR → DEL,09:50,12:35,2h 45m,non-stop,No info,7240
Multiple carriers,3/03/2019,Delhi,Cochin,DEL → BOM → COK,19:00,01:35 04 Mar,6h 35m,1 stop,No info,16775
IndiGo,15/06/2019,Delhi,Cochin,DEL → BOM → COK,16:00,21:00,5h,1 stop,No info,6069
Multiple carriers,27/03/2019,Delhi,Cochin,DEL → BOM → COK,13:00,21:00,8h,1 stop,No info,12537
Jet Airways,12/05/2019,Kolkata,Banglore,CCU → BOM → BLR,20:00,18:15 13 May,22h 15m,1 stop,In-flight meal not included,10844
Multiple carriers,21/03/2019,Delhi,Cochin,DEL → BOM → COK,10:20,01:35 22 Mar,15h 15m,1 stop,No info,7695
Air India,6/06/2019,Delhi,Cochin,DEL → JAI → BOM → COK,12:00,19:15,7h 15m,2 stops,No info,8603
Jet Airways,6/03/2019,Delhi,Cochin,DEL → AMD → BOM → COK,19:10,04:25 08 Mar,33h 15m,2 stops,In-flight meal not included,16022
Jet Airways,6/03/2019,Delhi,Cochin,DEL → AMD → BOM → COK,19:10,18:50 08 Mar,47h 40m,2 stops,No info,20694
Air India,27/03/2019,Delhi,Cochin,DEL → BOM → COK,13:00,19:15,6h 15m,1 stop,No info,6902
Air India,24/04/2019,Delhi,Cochin,DEL → COK,18:05,21:10,3h 5m,non-stop,No info,5201
Air India,03/03/2019,Banglore,New Delhi,BLR → BOM → AMD → DEL,06:45,23:55,17h 10m,2 stops,No info,10573
SpiceJet,12/05/2019,Kolkata,Banglore,CCU → MAA → BLR,15:05,20:20,5h 15m,1 stop,No info,4649
Air India,1/04/2019,Kolkata,Banglore,CCU → BOM → HBX → BLR,16:50,18:20 02 Apr,25h 30m,2 stops,No info,7893
GoAir,9/05/2019,Kolkata,Banglore,CCU → AMD → BLR,16:40,00:15 10 May,7h 35m,1 stop,No info,8777
Vistara,21/05/2019,Chennai,Kolkata,MAA → CCU,07:05,09:20,2h 15m,non-stop,No info,3687
IndiGo,24/03/2019,Banglore,New Delhi,BLR → DEL,21:20,00:15 25 Mar,2h 55m,non-stop,No info,6144
Air India,6/03/2019,Delhi,Cochin,DEL → HYD → MAA → COK,13:05,09:25 07 Mar,20h 20m,2 stops,No info,12865
Jet Airways,18/03/2019,Banglore,New Delhi,BLR → BOM → DEL,05:45,12:25,6h 40m,1 stop,No info,12284
Air India,9/06/2019,Kolkata,Banglore,CCU → IXR → DEL → BLR,05:50,20:25,14h 35m,2 stops,No info,11201
Vistara,24/03/2019,Kolkata,Banglore,CCU → DEL → BLR,20:20,18:45 25 Mar,22h 25m,1 stop,No info,12102
SpiceJet,15/06/2019,Mumbai,Hyderabad,BOM → HYD,05:45,07:15,1h 30m,non-stop,No info,2753
Air India,12/06/2019,Kolkata,Banglore,CCU → BBI → HYD → BLR,09:10,11:05 13 Jun,25h 55m,2 stops,No info,6117
Jet Airways,6/03/2019,Delhi,Cochin,DEL → BOM → COK,09:00,04:25 07 Mar,19h 25m,1 stop,No info,15764
IndiGo,15/06/2019,Delhi,Cochin,DEL → BLR → COK,02:00,07:45,5h 45m,1 stop,No info,6386
IndiGo,18/06/2019,Kolkata,Banglore,CCU → BLR,04:40,07:15,2h 35m,non-stop,No info,4804
Jet Airways,6/06/2019,Kolkata,Banglore,CCU → BOM → BLR,18:55,10:05 07 Jun,15h 10m,1 stop,No info,14571
Air India,21/05/2019,Kolkata,Banglore,CCU → DEL → BLR,10:00,23:15,13h 15m,1 stop,No info,11936
SpiceJet,6/06/2019,Kolkata,Banglore,CCU → IXB → BLR,11:15,18:30,7h 15m,1 stop,No info,10156
Jet Airways,15/05/2019,Kolkata,Banglore,CCU → BOM → BLR,18:55,22:35 16 May,27h 40m,1 stop,In-flight meal not included,10844
Jet Airways,24/05/2019,Kolkata,Banglore,CCU → BOM → BLR,14:05,09:20 25 May,19h 15m,1 stop,In-flight meal not included,9663
Air India,1/05/2019,Delhi,Cochin,DEL → HYD → MAA → COK,17:15,09:25 02 May,16h 10m,2 stops,No info,8839
Jet Airways,6/03/2019,Delhi,Cochin,DEL → BOM → COK,16:00,19:45 07 Mar,27h 45m,1 stop,No info,17024
Vistara,9/06/2019,Kolkata,Banglore,CCU → DEL → BLR,07:10,18:50,11h 40m,1 stop,No info,9555
IndiGo,18/05/2019,Kolkata,Banglore,CCU → HYD → BLR,19:20,23:45,4h 25m,1 stop,No info,3717
Air India,24/06/2019,Delhi,Cochin,DEL → HYD → MAA → COK,07:05,09:25 25 Jun,26h 20m,2 stops,No info,11185
Air Asia,18/05/2019,Delhi,Cochin,DEL → BLR → COK,20:45,07:10 19 May,10h 25m,1 stop,No info,7452
SpiceJet,18/03/2019,Kolkata,Banglore,CCU → BLR,22:20,00:40 19 Mar,2h 20m,non-stop,No info,3847
Jet Airways,9/03/2019,Delhi,Cochin,DEL → BOM → COK,06:50,19:45,12h 55m,1 stop,No info,16289
Air India,01/03/2019,Banglore,New Delhi,BLR → CCU → BBI → DEL,05:50,16:20,10h 30m,2 stops,Change airports,15119
IndiGo,21/04/2019,Banglore,Delhi,BLR → DEL,06:05,08:50,2h 45m,non-stop,No info,4423
IndiGo,6/03/2019,Delhi,Cochin,DEL → BOM → COK,04:45,13:20,8h 35m,1 stop,No info,13611
Multiple carriers,3/03/2019,Delhi,Cochin,DEL → BOM → COK,13:55,01:35 04 Mar,11h 40m,1 stop,No info,17057
Vistara,3/06/2019,Banglore,Delhi,BLR → DEL,17:00,19:35,2h 35m,non-stop,No info,4878
Air India,12/03/2019,Mumbai,Hyderabad,BOM → MAA → HYD,05:55,20:35,14h 40m,1 stop,No info,6901
Air India,3/06/2019,Delhi,Cochin,DEL → CCU → BOM → COK,06:50,07:40 04 Jun,24h 50m,2 stops,No info,13381
Jet Airways,15/05/2019,Kolkata,Banglore,CCU → BOM → BLR,06:30,20:45,14h 15m,1 stop,No info,14781
IndiGo,3/03/2019,Delhi,Cochin,DEL → BOM → COK,04:45,11:30,6h 45m,1 stop,No info,14871
Jet Airways,12/06/2019,Delhi,Cochin,DEL → BOM → COK,09:00,19:00,10h,1 stop,In-flight meal not included,10262
Multiple carriers,18/05/2019,Delhi,Cochin,DEL → BOM → COK,17:00,01:30 19 May,8h 30m,1 stop,No info,8283
Jet Airways,9/06/2019,Kolkata,Banglore,CCU → BOM → BLR,21:10,08:15 10 Jun,11h 5m,1 stop,In-flight meal not included,11841
IndiGo,3/05/2019,Chennai,Kolkata,MAA → CCU,11:35,14:00,2h 25m,non-stop,No info,4332
Jet Airways,6/03/2019,Delhi,Cochin,DEL → BOM → COK,11:30,18:50,7h 20m,1 stop,No info,17024
Vistara,24/03/2019,Kolkata,Banglore,CCU → DEL → BLR,07:10,20:25,13h 15m,1 stop,No info,13152
GoAir,18/05/2019,Banglore,Delhi,BLR → DEL,20:55,23:40,2h 45m,non-stop,No info,4632
Air India,12/05/2019,Kolkata,Banglore,CCU → BOM → GOI → BLR,09:25,05:35 13 May,20h 10m,2 stops,No info,11432
Jet Airways,6/03/2019,Mumbai,Hyderabad,BOM → UDR → DEL → HYD,17:15,16:50 07 Mar,23h 35m,2 stops,No info,22950
Jet Airways,21/05/2019,Delhi,Cochin,DEL → BOM → COK,19:15,12:35 22 May,17h 20m,1 stop,In-flight meal not included,12898
Jet Airways,6/05/2019,Kolkata,Banglore,CCU → DEL → BLR,17:00,18:00 07 May,25h,1 stop,No info,11467
Jet Airways,18/05/2019,Kolkata,Banglore,CCU → BOM → BLR,21:10,04:40 19 May,7h 30m,1 stop,In-flight meal not included,8586
Multiple carriers,18/05/2019,Delhi,Cochin,DEL → BOM → COK,03:50,19:00,15h 10m,1 stop,No info,10197
Air Asia,12/06/2019,Kolkata,Banglore,CCU → BLR,19:55,22:25,2h 30m,non-stop,No info,3807
Jet Airways,3/04/2019,Banglore,Delhi,BLR → DEL,18:55,22:00,3h 5m,non-stop,No info,7229
Air India,27/06/2019,Delhi,Cochin,DEL → RPR → NAG → BOM → COK,05:15,07:40 28 Jun,26h 25m,3 stops,No info,11543
Multiple carriers,1/03/2019,Delhi,Cochin,DEL → BOM → COK,00:20,15:30,15h 10m,1 stop,No info,23170
Jet Airways,27/03/2019,Delhi,Cochin,DEL → BOM → COK,19:15,04:25 28 Mar,9h 10m,1 stop,No info,12242
Multiple carriers,18/05/2019,Delhi,Cochin,DEL → BOM → COK,07:05,19:15,12h 10m,1 stop,No info,14533
Jet Airways,21/05/2019,Kolkata,Banglore,CCU → BOM → BLR,08:25,08:15 22 May,23h 50m,1 stop,No info,13941
Vistara,15/05/2019,Kolkata,Banglore,CCU → DEL → BLR,17:00,20:20 16 May,27h 20m,1 stop,No info,8610
Jet Airways,24/06/2019,Delhi,Cochin,DEL → BOM → COK,02:15,12:35,10h 20m,1 stop,No info,18371
Air India,21/03/2019,Delhi,Cochin,DEL → MAA → COK,12:30,09:25 22 Mar,20h 55m,1 stop,No info,6482
Multiple carriers,24/06/2019,Delhi,Cochin,DEL → BOM → COK,10:20,01:30 25 Jun,15h 10m,1 stop,In-flight meal not included,5797
Air Asia,9/06/2019,Kolkata,Banglore,CCU → DEL → BLR,07:35,19:25,11h 50m,1 stop,No info,7870
Air India,6/05/2019,Delhi,Cochin,DEL → LKO → BOM → COK,12:20,19:15 07 May,30h 55m,2 stops,No info,13538
Air Asia,6/06/2019,Delhi,Cochin,DEL → BLR → COK,16:45,07:10 07 Jun,14h 25m,1 stop,No info,11410
SpiceJet,6/03/2019,Delhi,Cochin,DEL → MAA → COK,06:10,11:20,5h 10m,1 stop,No info,9748
IndiGo,27/06/2019,Delhi,Cochin,DEL → BOM → COK,09:15,01:30 28 Jun,16h 15m,1 stop,No info,6628
IndiGo,27/05/2019,Delhi,Cochin,DEL → MAA → COK,02:00,07:25,5h 25m,1 stop,No info,7164
Jet Airways,9/05/2019,Delhi,Cochin,DEL → BOM → COK,21:50,19:00 10 May,21h 10m,1 stop,In-flight meal not included,12373
Jet Airways,12/06/2019,Banglore,Delhi,BLR → DEL,17:45,20:45,3h,non-stop,No info,8016
IndiGo,3/03/2019,Delhi,Cochin,DEL → HYD → COK,07:35,22:20,14h 45m,1 stop,No info,11600
Jet Airways,24/06/2019,Delhi,Cochin,DEL → BOM → COK,20:55,19:00 25 Jun,22h 5m,1 stop,In-flight meal not included,10262
Jet Airways,9/05/2019,Kolkata,Banglore,CCU → BOM → BLR,14:05,20:45,6h 40m,1 stop,In-flight meal not included,10844
Jet Airways,27/03/2019,Delhi,Cochin,DEL → BOM → COK,19:15,19:45 28 Mar,24h 30m,1 stop,No info,12032
Jet Airways,3/03/2019,Delhi,Cochin,DEL → IDR → BOM → COK,05:25,18:50 04 Mar,37h 25m,2 stops,No info,20064
SpiceJet,3/06/2019,Mumbai,Hyderabad,BOM → HYD,13:15,14:45,1h 30m,non-stop,No info,2017
IndiGo,1/03/2019,Chennai,Kolkata,MAA → CCU,13:20,15:35,2h 15m,non-stop,No info,7295
IndiGo,12/06/2019,Delhi,Cochin,DEL → HYD → COK,08:35,22:30,13h 55m,1 stop,No info,6442
Multiple carriers,27/03/2019,Delhi,Cochin,DEL → BOM → COK,06:00,13:20,7h 20m,1 stop,No info,7845
Jet Airways,3/06/2019,Delhi,Cochin,DEL → BOM → COK,10:00,12:35 04 Jun,26h 35m,1 stop,In-flight meal not included,10262
Multiple carriers,6/06/2019,Delhi,Cochin,DEL → BOM → COK,19:00,01:30 07 Jun,6h 30m,1 stop,No info,7530
Jet Airways,15/06/2019,Delhi,Cochin,DEL → IDR → BOM → COK,05:30,19:00,13h 30m,2 stops,In-flight meal not included,11507
Air India,3/03/2019,Kolkata,Banglore,CCU → BLR,14:15,16:45,2h 30m,non-stop,No info,13885
Air India,3/03/2019,Delhi,Cochin,DEL → HYD → BOM → COK,07:05,19:15 04 Mar,36h 10m,2 stops,No info,11552
Jet Airways,6/06/2019,Delhi,Cochin,DEL → IDR → BOM → COK,21:25,19:00 07 Jun,21h 35m,2 stops,No info,13292
Air India,6/03/2019,Delhi,Cochin,DEL → HYD → BOM → COK,21:30,19:15 07 Mar,21h 45m,2 stops,No info,11552
Jet Airways,9/06/2019,Kolkata,Banglore,CCU → DEL → BLR,17:00,23:35,6h 35m,1 stop,No info,14676
IndiGo,09/03/2019,Banglore,New Delhi,BLR → HYD → DEL,15:40,20:35,4h 55m,1 stop,No info,5226
IndiGo,15/04/2019,Delhi,Cochin,DEL → HYD → COK,05:05,12:10,7h 5m,1 stop,No info,6287
Multiple carriers Premium economy,21/03/2019,Delhi,Cochin,DEL → BOM → COK,08:55,19:15,10h 20m,1 stop,No info,10161
Jet Airways,15/05/2019,Kolkata,Banglore,CCU → BOM → BLR,08:25,18:15,9h 50m,1 stop,No info,14781
SpiceJet,24/04/2019,Kolkata,Banglore,CCU → BLR,22:20,00:40 25 Apr,2h 20m,non-stop,No check-in baggage included,3841
Multiple carriers,21/03/2019,Delhi,Cochin,DEL → BOM → COK,08:25,18:50,10h 25m,1 stop,No info,13069
SpiceJet,1/05/2019,Mumbai,Hyderabad,BOM → HYD,05:45,07:15,1h 30m,non-stop,No info,2017
Jet Airways,18/05/2019,Delhi,Cochin,DEL → BOM → COK,02:15,04:25 19 May,26h 10m,1 stop,In-flight meal not included,12373
IndiGo,3/04/2019,Delhi,Cochin,DEL → COK,21:05,00:20 04 Apr,3h 15m,non-stop,No info,5021
Jet Airways,24/03/2019,Kolkata,Banglore,CCU → BOM → BLR,16:55,18:10 25 Mar,25h 15m,1 stop,No info,14231
SpiceJet,24/03/2019,Banglore,New Delhi,BLR → DEL,20:30,23:20,2h 50m,non-stop,No info,3925
Air India,12/05/2019,Delhi,Cochin,DEL → COK,18:05,21:10,3h 5m,non-stop,No info,6304
Jet Airways,27/05/2019,Delhi,Cochin,DEL → BOM → COK,22:50,12:35 28 May,13h 45m,1 stop,In-flight meal not included,12898
Jet Airways,9/05/2019,Kolkata,Banglore,CCU → BOM → BLR,14:05,10:05 10 May,20h,1 stop,In-flight meal not included,7757
Vistara,21/04/2019,Banglore,Delhi,BLR → DEL,17:00,19:35,2h 35m,non-stop,No info,5613
Air India,15/03/2019,Banglore,New Delhi,BLR → GAU → DEL,13:50,22:10,8h 20m,1 stop,No info,9166
Jet Airways,9/06/2019,Delhi,Cochin,DEL → LKO → BOM → COK,09:25,04:25 10 Jun,19h,2 stops,No info,13882
Vistara,24/04/2019,Banglore,Delhi,BLR → DEL,07:00,09:40,2h 40m,non-stop,No info,5403
Jet Airways,15/06/2019,Delhi,Cochin,DEL → BOM → COK,09:00,19:00,10h,1 stop,No info,14714
Jet Airways,1/06/2019,Banglore,Delhi,BLR → DEL,07:10,10:10,3h,non-stop,No info,8016
Multiple carriers,12/06/2019,Delhi,Cochin,DEL → BOM → COK,12:50,21:00,8h 10m,1 stop,No info,7005
Air Asia,24/05/2019,Banglore,Delhi,BLR → DEL,11:10,13:55,2h 45m,non-stop,No info,3383
Air India,6/05/2019,Mumbai,Hyderabad,BOM → HYD,13:55,15:25,1h 30m,non-stop,No info,3625
Air India,24/05/2019,Kolkata,Banglore,CCU → BLR,20:45,23:20,2h 35m,non-stop,No info,4145
Air India,6/03/2019,Mumbai,Hyderabad,BOM → DEL → HYD,19:00,09:10 07 Mar,14h 10m,1 stop,No info,12308
IndiGo,18/05/2019,Delhi,Cochin,DEL → PNQ → COK,23:30,04:35 19 May,5h 5m,1 stop,No info,10958
IndiGo,6/05/2019,Mumbai,Hyderabad,BOM → HYD,12:00,13:30,1h 30m,non-stop,No info,2754
Jet Airways,24/03/2019,Kolkata,Banglore,CCU → BOM → BLR,19:45,22:35 25 Mar,26h 50m,1 stop,In-flight meal not included,10031
IndiGo,18/05/2019,Banglore,Delhi,BLR → DEL,22:10,01:00 19 May,2h 50m,non-stop,No info,3943
IndiGo,18/05/2019,Kolkata,Banglore,CCU → BLR,14:25,16:55,2h 30m,non-stop,No info,5224
IndiGo,21/03/2019,Banglore,New Delhi,BLR → DEL,00:40,03:25,2h 45m,non-stop,No info,4944
Jet Airways,9/03/2019,Delhi,Cochin,DEL → BOM → COK,06:50,19:45,12h 55m,1 stop,In-flight meal not included,14053
Jet Airways,9/05/2019,Delhi,Cochin,DEL → BOM → COK,14:00,12:35 10 May,22h 35m,1 stop,In-flight meal not included,12373
Jet Airways,24/06/2019,Delhi,Cochin,DEL → BOM → COK,19:45,04:25 25 Jun,8h 40m,1 stop,In-flight meal not included,10262
Air India,9/06/2019,Delhi,Cochin,DEL → CCU → BOM → COK,20:15,19:15 10 Jun,23h,2 stops,No info,13381
Air Asia,9/04/2019,Kolkata,Banglore,CCU → BBI → BLR,06:50,10:30,3h 40m,1 stop,No info,5162
IndiGo,9/06/2019,Banglore,Delhi,BLR → DEL,00:25,03:15,2h 50m,non-stop,No info,3943
IndiGo,27/05/2019,Kolkata,Banglore,CCU → BLR,22:15,00:50 28 May,2h 35m,non-stop,No info,4804
Multiple carriers,9/03/2019,Delhi,Cochin,DEL → BOM → COK,06:40,19:15,12h 35m,1 stop,No info,13082
Air India,15/03/2019,Banglore,New Delhi,BLR → CCU → DEL,05:50,12:55,7h 5m,1 stop,No info,9029
Air India,3/04/2019,Banglore,Delhi,BLR → DEL,17:00,19:45,2h 45m,non-stop,No info,5176
Jet Airways,9/05/2019,Mumbai,Hyderabad,BOM → HYD,10:20,11:50,1h 30m,non-stop,No info,8040
IndiGo,3/04/2019,Banglore,Delhi,BLR → DEL,10:10,13:00,2h 50m,non-stop,No info,3943
IndiGo,1/04/2019,Banglore,Delhi,BLR → DEL,07:10,10:05,2h 55m,non-stop,No info,4823
Jet Airways,27/06/2019,Banglore,Delhi,BLR → DEL,08:20,11:20,3h,non-stop,No info,8016
Jet Airways,24/06/2019,Delhi,Cochin,DEL → IDR → BOM → COK,21:25,19:00 25 Jun,21h 35m,2 stops,No info,13292
Jet Airways,15/03/2019,Mumbai,Hyderabad,BOM → HYD,07:10,08:35,1h 25m,non-stop,No info,8040
Multiple carriers,24/06/2019,Delhi,Cochin,DEL → BOM → COK,10:00,19:00,9h,1 stop,No info,12717
IndiGo,15/06/2019,Delhi,Cochin,DEL → BOM → COK,07:30,21:00,13h 30m,1 stop,No info,6093
Air India,12/06/2019,Kolkata,Banglore,CCU → DEL → COK → BLR,10:00,13:45 13 Jun,27h 45m,2 stops,No info,12224
Jet Airways,15/06/2019,Delhi,Cochin,DEL → NAG → BOM → COK,06:45,04:25 16 Jun,21h 40m,2 stops,No info,13376
Jet Airways,06/03/2019,Banglore,New Delhi,BLR → BOM → DEL,07:00,12:25,5h 25m,1 stop,No info,22270
Jet Airways,6/05/2019,Kolkata,Banglore,CCU → BOM → BLR,21:10,12:00 07 May,14h 50m,1 stop,In-flight meal not included,9663
Air India,1/06/2019,Delhi,Cochin,DEL → BLR → COK,17:40,23:00,5h 20m,1 stop,No info,7384
Air Asia,24/03/2019,Banglore,New Delhi,BLR → DEL,23:25,02:10 25 Mar,2h 45m,non-stop,No info,4482
SpiceJet,1/05/2019,Banglore,Delhi,BLR → DEL,09:30,12:20,2h 50m,non-stop,No info,4423
Air India,15/03/2019,Banglore,New Delhi,BLR → MAA → DEL,11:50,13:00 16 Mar,25h 10m,1 stop,No info,8032
Jet Airways,24/05/2019,Kolkata,Banglore,CCU → BOM → BLR,14:05,18:15 25 May,28h 10m,1 stop,In-flight meal not included,10844
IndiGo,9/06/2019,Chennai,Kolkata,MAA → CCU,05:15,07:40,2h 25m,non-stop,No info,3540
IndiGo,9/05/2019,Delhi,Cochin,DEL → MAA → COK,07:15,12:30,5h 15m,1 stop,No info,5636
Multiple carriers,9/06/2019,Delhi,Cochin,DEL → BOM → COK,10:20,21:00,10h 40m,1 stop,No info,7005
Air India,1/04/2019,Kolkata,Banglore,CCU → GAU → DEL → BLR,09:50,23:15,13h 25m,2 stops,No info,12125
SpiceJet,6/05/2019,Banglore,Delhi,BLR → DEL,05:55,08:35,2h 40m,non-stop,No info,3311
Vistara,12/06/2019,Kolkata,Banglore,CCU → DEL → BLR,20:20,23:25 13 Jun,27h 5m,1 stop,No info,8610
IndiGo,3/04/2019,Banglore,Delhi,BLR → DEL,22:10,01:00 04 Apr,2h 50m,non-stop,No info,3943
Jet Airways,21/05/2019,Delhi,Cochin,DEL → AMD → BOM → COK,23:05,04:25 23 May,29h 20m,2 stops,No info,15129
Jet Airways,1/06/2019,Delhi,Cochin,DEL → BOM → COK,10:00,04:25 02 Jun,18h 25m,1 stop,In-flight meal not included,10262
Jet Airways,1/05/2019,Kolkata,Banglore,CCU → BOM → BLR,21:10,04:40 02 May,7h 30m,1 stop,No info,14781
SpiceJet,3/05/2019,Kolkata,Banglore,CCU → BLR,06:55,09:30,2h 35m,non-stop,No check-in baggage included,3841
Air India,9/05/2019,Kolkata,Banglore,CCU → BOM → COK → BLR,09:25,13:45 10 May,28h 20m,2 stops,No info,12592
Jet Airways,24/03/2019,Kolkata,Banglore,CCU → BOM → BLR,21:10,09:15 25 Mar,12h 5m,1 stop,No info,14231
Air India,18/05/2019,Delhi,Cochin,DEL → MAA → COK,20:40,09:25 19 May,12h 45m,1 stop,No info,7480
Jet Airways,9/06/2019,Mumbai,Hyderabad,BOM → HYD,07:05,08:30,1h 25m,non-stop,In-flight meal not included,4050
Jet Airways,12/06/2019,Kolkata,Banglore,CCU → BOM → BLR,14:05,18:15 13 Jun,28h 10m,1 stop,In-flight meal not included,8529
Jet Airways,1/05/2019,Kolkata,Banglore,CCU → BOM → BLR,18:55,10:05 02 May,15h 10m,1 stop,In-flight meal not included,8586
Jet Airways,15/05/2019,Kolkata,Banglore,CCU → DEL → BLR,09:35,21:05,11h 30m,1 stop,No info,12121
IndiGo,1/06/2019,Delhi,Cochin,DEL → BOM → COK,15:00,01:30 02 Jun,10h 30m,1 stop,No info,6628
Multiple carriers,24/06/2019,Delhi,Cochin,DEL → BOM → COK,06:00,21:00,15h,1 stop,No info,7740
Multiple carriers,6/03/2019,Delhi,Cochin,DEL → GWL → IDR → BOM → COK,11:35,21:00,9h 25m,3 stops,No info,21829
Multiple carriers,12/06/2019,Delhi,Cochin,DEL → BOM → COK,06:00,21:00,15h,1 stop,No info,7005
Multiple carriers,21/03/2019,Delhi,Cochin,DEL → BOM → COK,04:45,18:50,14h 5m,1 stop,No info,11098
Air India,18/05/2019,Delhi,Cochin,DEL → BOM → COK,13:00,19:15,6h 15m,1 stop,No info,10191
IndiGo,6/03/2019,Chennai,Kolkata,MAA → CCU,07:55,10:15,2h 20m,non-stop,No info,7295
Jet Airways,6/03/2019,Delhi,Cochin,DEL → BOM → COK,09:55,18:50,8h 55m,1 stop,No info,17024
Air India,21/05/2019,Delhi,Cochin,DEL → AMD → BOM → COK,05:00,19:15 22 May,38h 15m,2 stops,No info,9968
SpiceJet,15/06/2019,Chennai,Kolkata,MAA → CCU,08:20,10:35,2h 15m,non-stop,No info,3597
Jet Airways,21/03/2019,Banglore,New Delhi,BLR → BOM → DEL,08:00,21:20,13h 20m,1 stop,In-flight meal not included,7832
SpiceJet,9/04/2019,Delhi,Cochin,DEL → MAA → COK,06:05,11:20,5h 15m,1 stop,No info,5351
Air India,6/03/2019,Mumbai,Hyderabad,BOM → HYD,21:05,22:25,1h 20m,non-stop,No info,5462
Jet Airways,15/06/2019,Banglore,Delhi,BLR → DEL,15:15,18:10,2h 55m,non-stop,In-flight meal not included,7229
Air India,9/05/2019,Kolkata,Banglore,CCU → VNS → DEL → BLR,14:30,08:55 10 May,18h 25m,2 stops,No info,14214
Vistara,12/06/2019,Banglore,Delhi,BLR → DEL,11:30,14:20,2h 50m,non-stop,No info,4668
Air India,12/06/2019,Delhi,Cochin,DEL → JAI → BOM → COK,12:00,07:40 13 Jun,19h 40m,2 stops,No info,8603
Multiple carriers,12/06/2019,Delhi,Cochin,DEL → IXU → BOM → COK,17:50,01:30 13 Jun,7h 40m,2 stops,No info,18275
Multiple carriers,18/05/2019,Delhi,Cochin,DEL → BOM → COK,12:50,01:30 19 May,12h 40m,1 stop,No info,7670
Air Asia,15/06/2019,Banglore,Delhi,BLR → DEL,11:10,13:55,2h 45m,non-stop,No info,3383
IndiGo,15/05/2019,Delhi,Cochin,DEL → BOM → COK,16:00,21:00,5h,1 stop,No info,6069
IndiGo,9/05/2019,Delhi,Cochin,DEL → HYD → COK,05:05,12:10,7h 5m,1 stop,No info,6818
Air India,03/03/2019,Banglore,New Delhi,BLR → BOM → IDR → DEL,06:45,11:10 07 Mar,28h 25m,2 stops,No info,12599
Vistara,1/04/2019,Kolkata,Banglore,CCU → DEL → BLR,07:10,20:20,13h 10m,1 stop,No info,8452
Jet Airways,24/06/2019,Delhi,Cochin,DEL → BOM → COK,16:00,12:35 25 Jun,20h 35m,1 stop,In-flight meal not included,10262
IndiGo,15/03/2019,Mumbai,Hyderabad,BOM → HYD,12:00,13:25,1h 25m,non-stop,No info,3175
Jet Airways,1/05/2019,Mumbai,Hyderabad,BOM → HYD,19:35,21:05,1h 30m,non-stop,No info,5678
Jet Airways,12/06/2019,Kolkata,Banglore,CCU → BOM → BLR,06:30,16:20,9h 50m,1 stop,No info,13626
Air India,24/06/2019,Delhi,Cochin,DEL → JDH → BOM → COK,12:55,19:15 25 Jun,30h 20m,2 stops,No info,12436
IndiGo,21/05/2019,Delhi,Cochin,DEL → BLR → COK,17:05,22:15,5h 10m,1 stop,No info,6147
GoAir,9/06/2019,Kolkata,Banglore,CCU → BOM → BLR,23:30,07:45 10 Jun,8h 15m,1 stop,No info,6354
Multiple carriers,21/03/2019,Delhi,Cochin,DEL → BOM → COK,14:00,01:35 22 Mar,11h 35m,1 stop,No info,13542
GoAir,24/03/2019,Banglore,New Delhi,BLR → DEL,11:40,14:35,2h 55m,non-stop,No info,4340
Multiple carriers Premium economy,21/03/2019,Delhi,Cochin,DEL → BOM → COK,07:30,18:50,11h 20m,1 stop,No info,14629
Jet Airways,9/05/2019,Delhi,Cochin,DEL → IDR → BOM → COK,09:35,12:35 10 May,27h,2 stops,No info,14657
Jet Airways,6/05/2019,Kolkata,Banglore,CCU → BOM → BLR,21:10,10:05 07 May,12h 55m,1 stop,In-flight meal not included,7757
Jet Airways,24/06/2019,Mumbai,Hyderabad,BOM → HYD,19:35,21:05,1h 30m,non-stop,In-flight meal not included,3210
SpiceJet,9/03/2019,Mumbai,Hyderabad,BOM → HYD,22:45,00:10 10 Mar,1h 25m,non-stop,No info,3603
Jet Airways,15/06/2019,Delhi,Cochin,DEL → BOM → COK,13:00,12:35 16 Jun,23h 35m,1 stop,In-flight meal not included,10262
Multiple carriers,6/06/2019,Delhi,Cochin,DEL → HYD → COK,07:10,22:30,15h 20m,1 stop,No info,7038
Jet Airways,18/05/2019,Delhi,Cochin,DEL → BOM → COK,22:50,04:25 19 May,5h 35m,1 stop,In-flight meal not included,12373
Multiple carriers,21/05/2019,Delhi,Cochin,DEL → BOM → COK,11:40,01:30 22 May,13h 50m,1 stop,No info,7485
SpiceJet,27/04/2019,Banglore,Delhi,BLR → DEL,09:30,12:20,2h 50m,non-stop,No check-in baggage included,4885
Jet Airways,06/03/2019,Banglore,New Delhi,BLR → BOM → DEL,14:05,11:25 07 Mar,21h 20m,1 stop,In-flight meal not included,13712
SpiceJet,6/06/2019,Mumbai,Hyderabad,BOM → HYD,22:45,00:15 07 Jun,1h 30m,non-stop,No info,2017
Air India,24/05/2019,Kolkata,Banglore,CCU → IXR → DEL → BLR,05:50,20:25,14h 35m,2 stops,No info,11201
SpiceJet,18/03/2019,Chennai,Kolkata,MAA → CCU,17:45,20:05,2h 20m,non-stop,No info,3384
Multiple carriers,6/03/2019,Delhi,Cochin,DEL → HYD → MAA → COK,09:45,21:20,11h 35m,2 stops,No info,10444
Air India,18/06/2019,Banglore,Delhi,BLR → DEL,17:00,19:50,2h 50m,non-stop,No info,6961
Jet Airways,18/05/2019,Kolkata,Banglore,CCU → BOM → BLR,14:05,12:00 19 May,21h 55m,1 stop,In-flight meal not included,9663
Jet Airways,15/05/2019,Kolkata,Banglore,CCU → BOM → BLR,20:00,09:20 16 May,13h 20m,1 stop,In-flight meal not included,9663
IndiGo,12/05/2019,Chennai,Kolkata,MAA → CCU,11:35,14:00,2h 25m,non-stop,No info,4332
Jet Airways,9/06/2019,Kolkata,Banglore,CCU → BOM → BLR,18:55,04:40 10 Jun,9h 45m,1 stop,In-flight meal not included,9663
Jet Airways,15/05/2019,Kolkata,Banglore,CCU → BOM → BLR,16:30,23:35,7h 5m,1 stop,In-flight meal not included,8586
Air India,6/03/2019,Delhi,Cochin,DEL → TRV → COK,05:15,06:50 07 Mar,25h 35m,1 stop,No info,11522
Jet Airways,06/03/2019,Banglore,New Delhi,BLR → BOM → DEL,14:05,07:40 07 Mar,17h 35m,1 stop,In-flight meal not included,13502
GoAir,12/06/2019,Delhi,Cochin,DEL → BOM → COK,14:25,19:35,5h 10m,1 stop,No info,7870
Multiple carriers,24/06/2019,Delhi,Cochin,DEL → BOM → COK,17:30,01:30 25 Jun,8h,1 stop,No info,13377
IndiGo,9/05/2019,Kolkata,Banglore,CCU → PNQ → BLR,21:00,02:15 10 May,5h 15m,1 stop,No info,7605
Jet Airways,15/06/2019,Mumbai,Hyderabad,BOM → HYD,10:20,11:50,1h 30m,non-stop,In-flight meal not included,4050
Jet Airways,21/05/2019,Delhi,Cochin,DEL → BOM → COK,07:05,04:25 22 May,21h 20m,1 stop,In-flight meal not included,12898
Air India,18/05/2019,Delhi,Cochin,DEL → HYD → BOM → COK,17:15,19:15 19 May,26h,2 stops,No info,12392
Jet Airways,27/05/2019,Delhi,Cochin,DEL → BOM → COK,10:00,12:35 28 May,26h 35m,1 stop,In-flight meal not included,12898
IndiGo,18/04/2019,Kolkata,Banglore,CCU → BLR,21:25,00:05 19 Apr,2h 40m,non-stop,No info,4174
Jet Airways,12/06/2019,Kolkata,Banglore,CCU → BOM → BLR,18:55,18:15 13 Jun,23h 20m,1 stop,In-flight meal not included,8529
Jet Airways,1/03/2019,Mumbai,Hyderabad,BOM → HYD,10:20,11:50,1h 30m,non-stop,No info,10875
IndiGo,27/05/2019,Delhi,Cochin,DEL → BOM → COK,17:30,01:30 28 May,8h,1 stop,No info,6206
Air India,6/05/2019,Kolkata,Banglore,CCU → DEL → BLR,20:30,08:55 07 May,12h 25m,1 stop,No info,10203
Air India,1/06/2019,Delhi,Cochin,DEL → AMD → BOM → COK,19:45,19:15 02 Jun,23h 30m,2 stops,No info,10651
Vistara,6/06/2019,Chennai,Kolkata,MAA → CCU,07:05,09:20,2h 15m,non-stop,No info,3687
Air India,18/06/2019,Delhi,Cochin,DEL → COK,18:05,21:10,3h 5m,non-stop,No info,5201
Air Asia,24/05/2019,Kolkata,Banglore,CCU → BLR,10:20,12:55,2h 35m,non-stop,No info,4409
IndiGo,15/05/2019,Banglore,Delhi,BLR → DEL,01:30,04:15,2h 45m,non-stop,No info,3419
Jet Airways,06/03/2019,Banglore,New Delhi,BLR → BOM → DEL,11:40,09:00 07 Mar,21h 20m,1 stop,No info,17261
Air India,1/06/2019,Delhi,Cochin,DEL → TRV → COK,05:15,06:50 02 Jun,25h 35m,1 stop,No info,7480
Jet Airways,15/06/2019,Banglore,Delhi,BLR → DEL,18:55,22:00,3h 5m,non-stop,No info,8016
Jet Airways,03/03/2019,Banglore,New Delhi,BLR → BOM → DEL,11:40,00:45 07 Mar,13h 5m,1 stop,In-flight meal not included,13502
IndiGo,24/04/2019,Delhi,Cochin,DEL → BLR → COK,17:05,22:15,5h 10m,1 stop,No info,5912
SpiceJet,21/04/2019,Kolkata,Banglore,CCU → BLR,22:20,00:40 22 Apr,2h 20m,non-stop,No info,4911
Multiple carriers,12/06/2019,Delhi,Cochin,DEL → BOM → COK,08:45,19:00,10h 15m,1 stop,No info,11789
Jet Airways,18/05/2019,Delhi,Cochin,DEL → BOM → COK,08:00,19:00,11h,1 stop,In-flight meal not included,12373
Multiple carriers,27/06/2019,Delhi,Cochin,DEL → BOM → COK,04:55,19:15,14h 20m,1 stop,No info,7155
Jet Airways,9/06/2019,Delhi,Cochin,DEL → BOM → COK,21:50,19:00 10 Jun,21h 10m,1 stop,In-flight meal not included,10262
Multiple carriers,6/03/2019,Delhi,Cochin,DEL → BOM → COK,13:55,01:35 07 Mar,11h 40m,1 stop,In-flight meal not included,15136
Jet Airways,9/05/2019,Delhi,Cochin,DEL → BOM → COK,02:15,04:25 10 May,26h 10m,1 stop,In-flight meal not included,12373
Jet Airways,27/06/2019,Delhi,Cochin,DEL → JAI → BOM → COK,09:40,19:00,9h 20m,2 stops,In-flight meal not included,10368
IndiGo,27/06/2019,Banglore,Delhi,BLR → DEL,04:00,06:50,2h 50m,non-stop,No info,3943
IndiGo,01/03/2019,Banglore,New Delhi,BLR → BOM → DEL,19:35,00:35 02 Mar,5h,1 stop,No info,22153
Jet Airways,9/06/2019,Kolkata,Banglore,CCU → BOM → BLR,06:30,12:00,5h 30m,1 stop,In-flight meal not included,10844
Jet Airways,18/05/2019,Kolkata,Banglore,CCU → BOM → BLR,16:30,16:20 19 May,23h 50m,1 stop,In-flight meal not included,10844
Jet Airways,27/05/2019,Delhi,Cochin,DEL → BOM → COK,13:00,19:00,6h,1 stop,In-flight meal not included,12898
IndiGo,01/03/2019,Banglore,New Delhi,BLR → HYD → DEL,07:30,12:20,4h 50m,1 stop,No info,8110
IndiGo,27/05/2019,Delhi,Cochin,DEL → BOM → COK,11:25,01:30 28 May,14h 5m,1 stop,No info,6104
SpiceJet,27/05/2019,Banglore,Delhi,BLR → DEL,05:55,08:35,2h 40m,non-stop,No info,3311
Jet Airways,12/05/2019,Kolkata,Banglore,CCU → BOM → BLR,06:30,19:50,13h 20m,1 stop,In-flight meal not included,8586
Air India,9/06/2019,Kolkata,Banglore,CCU → BOM → GOI → BLR,16:50,05:35 10 Jun,12h 45m,2 stops,No info,11642
Jet Airways,18/05/2019,Delhi,Cochin,DEL → BOM → COK,22:50,19:00 19 May,20h 10m,1 stop,No info,15554
IndiGo,18/03/2019,Banglore,New Delhi,BLR → HYD → DEL,12:10,17:05,4h 55m,1 stop,No info,4410
IndiGo,24/03/2019,Banglore,New Delhi,BLR → DEL,22:20,01:10 25 Mar,2h 50m,non-stop,No info,7303
SpiceJet,6/06/2019,Delhi,Cochin,DEL → PNQ → COK,08:45,13:15,4h 30m,1 stop,No info,5264
Multiple carriers,12/06/2019,Delhi,Cochin,DEL → BOM → COK,10:00,19:15,9h 15m,1 stop,No info,14848
Air India,1/06/2019,Banglore,Delhi,BLR → DEL,13:20,16:10,2h 50m,non-stop,No info,6961
Jet Airways,6/06/2019,Kolkata,Banglore,CCU → DEL → BLR,09:35,21:05,11h 30m,1 stop,In-flight meal not included,13469
Vistara,24/03/2019,Kolkata,Banglore,CCU → DEL → BLR,07:10,09:10 25 Mar,26h,1 stop,No info,11682
SpiceJet,12/05/2019,Kolkata,Banglore,CCU → IXB → BLR,15:55,21:25,5h 30m,1 stop,No info,8844
Jet Airways,18/05/2019,Delhi,Cochin,DEL → AMD → BOM → COK,23:05,04:25 20 May,29h 20m,2 stops,No info,15129
Vistara,24/03/2019,Chennai,Kolkata,MAA → CCU,07:05,09:20,2h 15m,non-stop,No info,4842
Multiple carriers,9/06/2019,Delhi,Cochin,DEL → GWL → IDR → BOM → COK,11:35,21:00,9h 25m,3 stops,No info,15629
Jet Airways,9/06/2019,Kolkata,Banglore,CCU → DEL → BLR,09:35,14:25 10 Jun,28h 50m,1 stop,No info,14151
IndiGo,9/04/2019,Banglore,Delhi,BLR → DEL,01:30,04:15,2h 45m,non-stop,No info,3419
Jet Airways,6/05/2019,Mumbai,Hyderabad,BOM → HYD,19:35,21:05,1h 30m,non-stop,In-flight meal not included,2228
Vistara,24/06/2019,Banglore,Delhi,BLR → DEL,09:45,12:35,2h 50m,non-stop,No info,4668
IndiGo,12/06/2019,Banglore,Delhi,BLR → DEL,20:00,22:50,2h 50m,non-stop,No info,4823
Jet Airways,24/05/2019,Banglore,Delhi,BLR → DEL,19:50,22:50,3h,non-stop,In-flight meal not included,6144
Air India,21/03/2019,Delhi,Cochin,DEL → CCU → BOM → COK,06:50,19:15 22 Mar,36h 25m,2 stops,No info,10756
SpiceJet,18/04/2019,Kolkata,Banglore,CCU → BLR,09:00,11:25,2h 25m,non-stop,No info,4174
SpiceJet,12/04/2019,Banglore,Delhi,BLR → DEL,09:30,12:20,2h 50m,non-stop,No info,4991
Jet Airways,1/05/2019,Kolkata,Banglore,CCU → DEL → BLR,09:35,09:45 02 May,24h 10m,1 stop,In-flight meal not included,9314
IndiGo,27/06/2019,Delhi,Cochin,DEL → BOM → COK,10:35,01:30 28 Jun,14h 55m,1 stop,No info,5684
Jet Airways,01/03/2019,Banglore,New Delhi,BLR → BOM → DEL,14:05,11:25 02 Mar,21h 20m,1 stop,No info,20800
Jet Airways,9/05/2019,Kolkata,Banglore,CCU → BOM → BLR,06:30,12:00,5h 30m,1 stop,In-flight meal not included,9663
Jet Airways,12/05/2019,Kolkata,Banglore,CCU → DEL → BLR,09:35,19:10,9h 35m,1 stop,No info,14151
IndiGo,6/03/2019,Kolkata,Banglore,CCU → BLR,20:25,23:05,2h 40m,non-stop,No info,4778
GoAir,9/06/2019,Banglore,Delhi,BLR → DEL,07:45,10:40,2h 55m,non-stop,No info,3898
Jet Airways,24/05/2019,Kolkata,Banglore,CCU → DEL → BLR,17:00,23:35,6h 35m,1 stop,No info,14151
IndiGo,1/06/2019,Mumbai,Hyderabad,BOM → HYD,20:05,21:40,1h 35m,non-stop,No info,2227
Air India,21/03/2019,Kolkata,Banglore,CCU → BLR,20:45,23:20,2h 35m,non-stop,No info,4435
IndiGo,27/05/2019,Kolkata,Banglore,CCU → BLR,21:25,00:05 28 May,2h 40m,non-stop,No info,4804
IndiGo,6/03/2019,Delhi,Cochin,DEL → BLR → COK,05:05,10:05,5h,1 stop,No info,7894
IndiGo,21/03/2019,Mumbai,Hyderabad,BOM → HYD,06:20,07:45,1h 25m,non-stop,No info,4049
Jet Airways,1/04/2019,Kolkata,Banglore,CCU → BOM → BLR,18:55,04:40 02 Apr,9h 45m,1 stop,In-flight meal not included,7064
Vistara,24/03/2019,Banglore,New Delhi,BLR → DEL,07:00,09:40,2h 40m,non-stop,No info,4878
Vistara,24/03/2019,Kolkata,Banglore,CCU → DEL → BLR,09:55,09:10 25 Mar,23h 15m,1 stop,No info,10842
Air India,9/03/2019,Delhi,Cochin,DEL → BLR → COK,17:45,23:00,5h 15m,1 stop,No info,9064
Air India,21/05/2019,Delhi,Cochin,DEL → MAA → COK,12:30,09:25 22 May,20h 55m,1 stop,No info,7480
IndiGo,15/05/2019,Delhi,Cochin,DEL → BOM → COK,09:15,21:00,11h 45m,1 stop,No info,7503
IndiGo,15/05/2019,Delhi,Cochin,DEL → BOM → COK,10:35,01:30 16 May,14h 55m,1 stop,No info,6979
Air India,12/06/2019,Delhi,Cochin,DEL → HYD → MAA → COK,09:45,09:25 13 Jun,23h 40m,2 stops,No info,10975
Air India,12/03/2019,Mumbai,Hyderabad,BOM → BLR → CCU → BBI → HYD,16:50,12:25 13 Mar,19h 35m,3 stops,No info,14260
IndiGo,3/03/2019,Delhi,Cochin,DEL → HYD → COK,08:35,16:10,7h 35m,1 stop,No info,7663
Air India,9/06/2019,Banglore,Delhi,BLR → DEL,13:20,16:10,2h 50m,non-stop,No info,6961
Air India,27/03/2019,Delhi,Cochin,DEL → BLR → COK,20:30,23:00 28 Mar,26h 30m,1 stop,No info,5022
Jet Airways,06/03/2019,Banglore,New Delhi,BLR → DEL,19:55,22:35,2h 40m,non-stop,No info,18308
Jet Airways,1/04/2019,Kolkata,Banglore,CCU → BOM → BLR,06:30,16:20,9h 50m,1 stop,In-flight meal not included,7851
Jet Airways,9/05/2019,Delhi,Cochin,DEL → JAI → BOM → COK,09:40,19:00,9h 20m,2 stops,No info,15129
Air India,15/06/2019,Delhi,Cochin,DEL → RPR → NAG → BOM → COK,05:15,07:40 16 Jun,26h 25m,3 stops,No info,10493
IndiGo,6/06/2019,Delhi,Cochin,DEL → HYD → COK,06:50,16:10,9h 20m,1 stop,No info,6674
Multiple carriers,15/06/2019,Delhi,Cochin,DEL → BOM → COK,11:40,19:15,7h 35m,1 stop,No info,9526
IndiGo,3/06/2019,Banglore,Delhi,BLR → DEL,21:15,00:15 04 Jun,3h,non-stop,No info,3943
Jet Airways,1/04/2019,Banglore,Delhi,BLR → DEL,06:00,08:45,2h 45m,non-stop,No info,7229
Jet Airways,15/05/2019,Kolkata,Banglore,CCU → DEL → BLR,09:35,18:00,8h 25m,1 stop,No info,13067
Jet Airways,1/05/2019,Kolkata,Banglore,CCU → DEL → BLR,09:35,18:00,8h 25m,1 stop,In-flight meal not included,10703
Jet Airways,12/06/2019,Kolkata,Banglore,CCU → BOM → BLR,20:00,04:40 13 Jun,8h 40m,1 stop,No info,12576
Jet Airways,9/06/2019,Kolkata,Banglore,CCU → BOM → BLR,14:05,23:35,9h 30m,1 stop,In-flight meal not included,10844
Vistara,01/03/2019,Banglore,New Delhi,BLR → DEL,07:00,09:40,2h 40m,non-stop,No info,21520
GoAir,6/06/2019,Delhi,Cochin,DEL → BOM → COK,10:35,19:35,9h,1 stop,No info,4959
Vistara,3/06/2019,Chennai,Kolkata,MAA → CCU,07:05,09:20,2h 15m,non-stop,No info,3687
Multiple carriers,3/06/2019,Delhi,Cochin,DEL → BOM → COK,08:00,21:00,13h,1 stop,No info,13797
IndiGo,9/06/2019,Delhi,Cochin,DEL → LKO → COK,21:50,03:35 10 Jun,5h 45m,1 stop,No info,6195
Air India,6/06/2019,Kolkata,Banglore,CCU → JAI → BOM → BLR,08:20,18:30,10h 10m,2 stops,No info,10697
Jet Airways,1/06/2019,Delhi,Cochin,DEL → JAI → BOM → COK,05:30,04:25 02 Jun,22h 55m,2 stops,No info,13014
IndiGo,27/04/2019,Banglore,Delhi,BLR → DEL,16:55,19:55,3h,non-stop,No info,4823
Multiple carriers,21/05/2019,Delhi,Cochin,DEL → BOM → COK,09:00,19:00,10h,1 stop,No info,10197
Air India,9/05/2019,Delhi,Cochin,DEL → JAI → BOM → COK,18:45,19:15 10 May,24h 30m,2 stops,No info,11942
Air Asia,27/06/2019,Delhi,Cochin,DEL → BLR → COK,16:45,07:10 28 Jun,14h 25m,1 stop,No info,6451
SpiceJet,3/05/2019,Kolkata,Banglore,CCU → BLR,06:55,09:30,2h 35m,non-stop,No info,3873
IndiGo,21/03/2019,Delhi,Cochin,DEL → BOM → COK,17:10,01:35 22 Mar,8h 25m,1 stop,No info,7318
Air India,6/06/2019,Delhi,Cochin,DEL → JAI → BOM → COK,12:00,07:40 07 Jun,19h 40m,2 stops,No info,8603
Jet Airways,18/05/2019,Delhi,Cochin,DEL → BOM → COK,21:50,12:35 19 May,14h 45m,1 stop,In-flight meal not included,12373
Jet Airways,15/05/2019,Kolkata,Banglore,CCU → DEL → BLR,17:00,14:25 16 May,21h 25m,1 stop,No info,11467
IndiGo,24/06/2019,Mumbai,Hyderabad,BOM → HYD,12:00,13:30,1h 30m,non-stop,No info,2754
Jet Airways,01/03/2019,Banglore,New Delhi,BLR → BOM → DEL,16:55,10:25 02 Mar,17h 30m,1 stop,1 Long layover,25735
Jet Airways,9/03/2019,Mumbai,Hyderabad,BOM → HYD,19:40,21:10,1h 30m,non-stop,No info,5678
Multiple carriers,18/05/2019,Delhi,Cochin,DEL → BOM → COK,12:50,21:00,8h 10m,1 stop,No info,7670
Jet Airways,9/06/2019,Delhi,Cochin,DEL → NAG → BOM → COK,14:35,04:25 10 Jun,13h 50m,2 stops,No info,13376
Jet Airways,24/06/2019,Delhi,Cochin,DEL → BOM → COK,21:50,04:25 25 Jun,6h 35m,1 stop,No info,14714
IndiGo,18/04/2019,Kolkata,Banglore,CCU → BLR,11:30,14:05,2h 35m,non-stop,No info,5224
IndiGo,24/06/2019,Delhi,Cochin,DEL → HYD → COK,07:35,16:10,8h 35m,1 stop,No info,6442
Air India,1/06/2019,Banglore,Delhi,BLR → DEL,17:00,19:45,2h 45m,non-stop,No info,7171
Air Asia,15/06/2019,Kolkata,Banglore,CCU → BLR,10:20,12:55,2h 35m,non-stop,No info,4409
Multiple carriers,21/03/2019,Delhi,Cochin,DEL → HYD → COK,09:45,16:10,6h 25m,1 stop,No info,7242
Vistara,21/04/2019,Delhi,Cochin,DEL → COK,14:40,17:50,3h 10m,non-stop,No info,6741
Jet Airways,15/05/2019,Kolkata,Banglore,CCU → DEL → BLR,20:25,10:55 16 May,14h 30m,1 stop,No info,14151
Jet Airways,15/06/2019,Delhi,Cochin,DEL → BOM → COK,20:55,19:00 16 Jun,22h 5m,1 stop,In-flight meal not included,10262
Vistara,6/03/2019,Mumbai,Hyderabad,BOM → DEL → HYD,15:40,22:55,7h 15m,1 stop,No info,12395
Jet Airways,21/05/2019,Kolkata,Banglore,CCU → DEL → BLR,09:35,14:25 22 May,28h 50m,1 stop,In-flight meal not included,9314
Jet Airways,3/05/2019,Banglore,Delhi,BLR → DEL,18:55,22:00,3h 5m,non-stop,In-flight meal not included,6144
Vistara,6/06/2019,Banglore,Delhi,BLR → DEL,11:30,14:20,2h 50m,non-stop,No info,4668
Jet Airways,1/06/2019,Delhi,Cochin,DEL → JAI → BOM → COK,09:40,12:35 02 Jun,26h 55m,2 stops,No info,13014
Air India,9/04/2019,Delhi,Cochin,DEL → CCU → BOM → COK,20:15,19:15 10 Apr,23h,2 stops,No info,9916
IndiGo,6/03/2019,Delhi,Cochin,DEL → HYD → COK,04:55,16:10,11h 15m,1 stop,No info,6171
Multiple carriers,27/06/2019,Delhi,Cochin,DEL → BOM → COK,10:00,01:30 28 Jun,15h 30m,1 stop,No info,7198
Jet Airways,21/05/2019,Kolkata,Banglore,CCU → BOM → BLR,20:00,12:00 22 May,16h,1 stop,In-flight meal not included,10844
Air Asia,6/06/2019,Delhi,Cochin,DEL → BLR → COK,16:45,22:25,5h 40m,1 stop,No info,11410
SpiceJet,3/05/2019,Chennai,Kolkata,MAA → CCU,09:45,12:00,2h 15m,non-stop,No check-in baggage included,3859
Air India,12/06/2019,Delhi,Cochin,DEL → BLR → COK,13:30,08:15 13 Jun,18h 45m,1 stop,No info,8991
IndiGo,27/03/2019,Delhi,Cochin,DEL → BOM → COK,10:45,01:35 28 Mar,14h 50m,1 stop,No info,6628
SpiceJet,3/04/2019,Mumbai,Hyderabad,BOM → HYD,22:45,00:15 02 Apr,1h 30m,non-stop,No info,1759
SpiceJet,6/04/2019,Banglore,Delhi,BLR → DEL,21:10,00:05 07 Apr,2h 55m,non-stop,No check-in baggage included,3919
Vistara,1/05/2019,Chennai,Kolkata,MAA → CCU,07:05,09:20,2h 15m,non-stop,No info,3687
Jet Airways,9/05/2019,Mumbai,Hyderabad,BOM → HYD,02:55,04:20,1h 25m,non-stop,No info,5678
Jet Airways,21/04/2019,Banglore,Delhi,BLR → DEL,18:55,22:00,3h 5m,non-stop,In-flight meal not included,4544
Air Asia,1/06/2019,Kolkata,Banglore,CCU → BLR,10:20,12:55,2h 35m,non-stop,No info,4409
Air India,15/03/2019,Banglore,New Delhi,BLR → MAA → DEL,11:50,11:35 16 Mar,23h 45m,1 stop,No info,6982
Jet Airways,9/06/2019,Mumbai,Hyderabad,BOM → HYD,02:55,04:20,1h 25m,non-stop,No info,5678
Jet Airways,24/05/2019,Kolkata,Banglore,CCU → BOM → BLR,18:55,08:15 25 May,13h 20m,1 stop,No info,13731
Jet Airways,6/03/2019,Delhi,Cochin,DEL → BOM → COK,13:55,04:25 07 Mar,14h 30m,1 stop,In-flight meal not included,13843
Air India,3/03/2019,Delhi,Cochin,DEL → JDH → BOM → COK,12:55,19:15 04 Mar,30h 20m,2 stops,No info,21571
Jet Airways,24/03/2019,Kolkata,Banglore,CCU → BOM → BLR,21:10,20:40 25 Mar,23h 30m,1 stop,No info,13759
Jet Airways,1/04/2019,Kolkata,Banglore,CCU → BOM → BLR,16:30,23:35,7h 5m,1 stop,No info,12681
Multiple carriers,15/05/2019,Delhi,Cochin,DEL → BOM → COK,10:00,19:00,9h,1 stop,No info,10197
SpiceJet,27/05/2019,Delhi,Cochin,DEL → PNQ → COK,08:45,13:15,4h 30m,1 stop,No check-in baggage included,5158
SpiceJet,24/06/2019,Mumbai,Hyderabad,BOM → HYD,22:45,00:15 25 Jun,1h 30m,non-stop,No check-in baggage included,1965
Air India,6/06/2019,Kolkata,Banglore,CCU → DEL → BLR,17:30,20:25 07 Jun,26h 55m,1 stop,No info,10413
Air India,9/06/2019,Delhi,Cochin,DEL → BOM → COK,20:00,07:40 10 Jun,11h 40m,1 stop,No info,8372
Jet Airways,12/05/2019,Kolkata,Banglore,CCU → BOM → BLR,14:05,20:45,6h 40m,1 stop,No info,14781
Air India,12/06/2019,Delhi,Cochin,DEL → BLR → COK,09:45,08:15 13 Jun,22h 30m,1 stop,No info,8991
Jet Airways,18/05/2019,Delhi,Cochin,DEL → BOM → COK,10:00,12:35 19 May,26h 35m,1 stop,In-flight meal not included,12373
Jet Airways,3/06/2019,Delhi,Cochin,DEL → BDQ → BOM → COK,18:25,12:35 04 Jun,18h 10m,2 stops,No info,14237
IndiGo,9/06/2019,Chennai,Kolkata,MAA → CCU,13:15,15:35,2h 20m,non-stop,No info,3597
Jet Airways,18/05/2019,Kolkata,Banglore,CCU → BOM → BLR,08:25,12:00 19 May,27h 35m,1 stop,In-flight meal not included,10844
Jet Airways,12/06/2019,Delhi,Cochin,DEL → BOM → COK,17:30,19:00 13 Jun,25h 30m,1 stop,In-flight meal not included,10262
Jet Airways,24/05/2019,Kolkata,Banglore,CCU → BOM → BLR,20:00,10:05 25 May,14h 5m,1 stop,In-flight meal not included,8586
SpiceJet,12/05/2019,Chennai,Kolkata,MAA → CCU,17:45,20:05,2h 20m,non-stop,No info,3597
Air India,15/03/2019,Banglore,New Delhi,BLR → COK → DEL,06:55,23:20,16h 25m,1 stop,No info,6987
Air India,27/03/2019,Delhi,Cochin,DEL → HYD → BOM → COK,21:30,19:15 28 Mar,21h 45m,2 stops,No info,8665
IndiGo,6/03/2019,Mumbai,Hyderabad,BOM → HYD,21:20,22:45,1h 25m,non-stop,No info,4784
Multiple carriers,3/06/2019,Delhi,Cochin,DEL → BOM → COK,08:45,19:15,10h 30m,1 stop,No info,9001
Air India,15/05/2019,Kolkata,Banglore,CCU → DEL → BLR,17:30,20:25 16 May,26h 55m,1 stop,No info,10203
Jet Airways,6/05/2019,Banglore,Delhi,BLR → DEL,08:20,11:20,3h,non-stop,In-flight meal not included,4544
Jet Airways,6/03/2019,Delhi,Cochin,DEL → BOM → COK,15:05,04:25 07 Mar,13h 20m,1 stop,No info,15764
Multiple carriers,21/03/2019,Delhi,Cochin,DEL → BOM → COK,10:00,19:15,9h 15m,1 stop,In-flight meal not included,8401
Jet Airways,3/03/2019,Delhi,Cochin,DEL → BOM → COK,11:30,18:50,7h 20m,1 stop,No info,18550
Jet Airways,12/06/2019,Delhi,Cochin,DEL → LKO → BOM → COK,11:45,04:25 13 Jun,16h 40m,2 stops,No info,13882
IndiGo,24/05/2019,Banglore,Delhi,BLR → DEL,04:00,06:50,2h 50m,non-stop,No info,3943
Air India,1/03/2019,Chennai,Kolkata,MAA → CCU,11:40,13:55,2h 15m,non-stop,No info,19630
IndiGo,6/06/2019,Chennai,Kolkata,MAA → CCU,14:45,17:05,2h 20m,non-stop,No info,3597
Jet Airways,9/06/2019,Delhi,Cochin,DEL → BOM → COK,11:30,19:00,7h 30m,1 stop,No info,14714
Multiple carriers,9/06/2019,Delhi,Cochin,DEL → BOM → COK,08:00,19:00,11h,1 stop,No info,12192
Multiple carriers,27/03/2019,Delhi,Cochin,DEL → BOM → COK,09:00,21:00,12h,1 stop,No info,6883
Multiple carriers,1/06/2019,Delhi,Cochin,DEL → BOM → COK,17:30,01:30 02 Jun,8h,1 stop,No info,13377
Multiple carriers,15/06/2019,Delhi,Cochin,DEL → BOM → COK,11:30,21:00,9h 30m,1 stop,No info,13587
IndiGo,15/06/2019,Banglore,Delhi,BLR → DEL,10:30,13:20,2h 50m,non-stop,No info,3943
Jet Airways,12/06/2019,Kolkata,Banglore,CCU → BOM → BLR,14:05,10:05 13 Jun,20h,1 stop,No info,13044
Multiple carriers,21/05/2019,Delhi,Cochin,DEL → BOM → COK,09:15,19:15,10h,1 stop,No info,8099
Air India,15/06/2019,Delhi,Cochin,DEL → BOM → COK,21:00,07:40 16 Jun,10h 40m,1 stop,No info,8372
Jet Airways,1/06/2019,Delhi,Cochin,DEL → BOM → COK,21:50,12:35 02 Jun,14h 45m,1 stop,In-flight meal not included,10262
IndiGo,9/05/2019,Kolkata,Banglore,CCU → BLR,15:30,18:05,2h 35m,non-stop,No info,4804
IndiGo,12/06/2019,Banglore,Delhi,BLR → DEL,16:55,19:55,3h,non-stop,No info,4823
Air India,15/03/2019,Mumbai,Hyderabad,BOM → HYD,19:30,20:45,1h 15m,non-stop,No info,3100
Multiple carriers,24/06/2019,Delhi,Cochin,DEL → BOM → COK,10:35,19:00,8h 25m,1 stop,No info,10678
Jet Airways,27/03/2019,Delhi,Cochin,DEL → BOM → COK,13:00,04:25 28 Mar,15h 25m,1 stop,In-flight meal not included,6960
IndiGo,15/06/2019,Delhi,Cochin,DEL → BOM → COK,10:35,01:30 16 Jun,14h 55m,1 stop,No info,5883
SpiceJet,15/06/2019,Kolkata,Banglore,CCU → BLR,17:10,19:40,2h 30m,non-stop,No info,3873
Jet Airways,6/06/2019,Delhi,Cochin,DEL → BHO → BOM → COK,05:30,12:35,7h 5m,2 stops,No info,14441
Multiple carriers,18/05/2019,Delhi,Cochin,DEL → HYD → COK,07:10,22:30,15h 20m,1 stop,No info,7740
Multiple carriers,9/06/2019,Delhi,Cochin,DEL → BOM → COK,13:00,01:30 10 Jun,12h 30m,1 stop,No info,7198
IndiGo,27/04/2019,Banglore,Delhi,BLR → DEL,01:30,04:15,2h 45m,non-stop,No info,4591
Jet Airways,9/05/2019,Kolkata,Banglore,CCU → BOM → BLR,14:05,04:40 10 May,14h 35m,1 stop,No info,13941
Jet Airways,18/05/2019,Delhi,Cochin,DEL → JAI → BOM → COK,05:30,04:25 19 May,22h 55m,2 stops,No info,15129
IndiGo,15/04/2019,Delhi,Cochin,DEL → COK,14:25,17:40,3h 15m,non-stop,No info,6015
Air India,6/03/2019,Mumbai,Hyderabad,BOM → GOI → PNQ → HYD,05:05,16:55,11h 50m,2 stops,No info,16697
Jet Airways,9/06/2019,Kolkata,Banglore,CCU → DEL → BLR,17:00,22:05 10 Jun,29h 5m,1 stop,No info,12692
IndiGo,1/03/2019,Mumbai,Hyderabad,BOM → HYD,16:55,18:25,1h 30m,non-stop,No info,8853
Vistara,21/05/2019,Kolkata,Banglore,CCU → DEL → BLR,17:00,10:45 22 May,17h 45m,1 stop,No info,9187
Air India,24/04/2019,Kolkata,Banglore,CCU → BLR,14:15,16:45,2h 30m,non-stop,No info,4880
IndiGo,24/06/2019,Delhi,Cochin,DEL → BOM → COK,09:15,21:00,11h 45m,1 stop,No info,6838
Multiple carriers,15/05/2019,Delhi,Cochin,DEL → BOM → COK,12:50,19:15,6h 25m,1 stop,No info,8266
Jet Airways,21/05/2019,Delhi,Cochin,DEL → BOM → COK,02:15,19:00,16h 45m,1 stop,In-flight meal not included,12898
Air India,12/05/2019,Kolkata,Banglore,CCU → GAU → BLR,09:50,21:05,11h 15m,1 stop,No info,8450
GoAir,3/06/2019,Delhi,Cochin,DEL → BOM → COK,10:35,19:35,9h,1 stop,No info,4959
Air Asia,3/05/2019,Banglore,Delhi,BLR → DEL,04:55,07:45,2h 50m,non-stop,No info,6181
Jet Airways,27/04/2019,Banglore,Delhi,BLR → DEL,18:55,22:00,3h 5m,non-stop,In-flight meal not included,4544
Jet Airways,18/03/2019,Banglore,New Delhi,BLR → BOM → DEL,16:55,05:05 16 Mar,12h 10m,1 stop,In-flight meal not included,11087
Multiple carriers,12/06/2019,Delhi,Cochin,DEL → HYD → COK,07:10,22:30,15h 20m,1 stop,No info,6513
Jet Airways,9/05/2019,Kolkata,Banglore,CCU → BOM → BLR,21:10,04:40 10 May,7h 30m,1 stop,In-flight meal not included,9663
Jet Airways,3/03/2019,Delhi,Cochin,DEL → BOM → COK,16:00,04:25 04 Mar,12h 25m,1 stop,No info,17234
Jet Airways,27/05/2019,Banglore,Delhi,BLR → DEL,11:10,14:05,2h 55m,non-stop,In-flight meal not included,4030
Jet Airways,12/04/2019,Banglore,Delhi,BLR → DEL,07:10,10:10,3h,non-stop,No info,7229
Jet Airways,27/03/2019,Delhi,Cochin,DEL → MAA → BOM → COK,05:10,04:25 28 Mar,23h 15m,2 stops,In-flight meal not included,9412
Jet Airways,21/05/2019,Kolkata,Banglore,CCU → DEL → BLR,17:00,14:25 22 May,21h 25m,1 stop,No info,11467
Air India,03/03/2019,Banglore,New Delhi,BLR → DEL,17:00,19:45,2h 45m,non-stop,No info,19508
Jet Airways,15/05/2019,Kolkata,Banglore,CCU → BOM → BLR,21:10,20:45 16 May,23h 35m,1 stop,In-flight meal not included,10844
Jet Airways,27/05/2019,Delhi,Cochin,DEL → JAI → BOM → COK,05:30,04:25 28 May,22h 55m,2 stops,No info,15129
IndiGo,12/03/2019,Mumbai,Hyderabad,BOM → HYD,06:20,07:45,1h 25m,non-stop,No info,4049
Jet Airways,9/06/2019,Banglore,Delhi,BLR → DEL,19:50,22:50,3h,non-stop,In-flight meal not included,7229
IndiGo,18/04/2019,Banglore,Delhi,BLR → DEL,08:30,11:20,2h 50m,non-stop,No info,5740
Jet Airways,15/06/2019,Delhi,Cochin,DEL → COK,11:00,14:15,3h 15m,non-stop,No info,9564
IndiGo,6/04/2019,Kolkata,Banglore,CCU → BLR,21:25,00:05 07 Apr,2h 40m,non-stop,No info,4174
IndiGo,24/03/2019,Mumbai,Hyderabad,BOM → HYD,02:30,04:00,1h 30m,non-stop,No info,2754
Jet Airways,3/06/2019,Delhi,Cochin,DEL → JAI → BOM → COK,05:30,19:00,13h 30m,2 stops,In-flight meal not included,10368
Air Asia,6/04/2019,Banglore,Delhi,BLR → DEL,23:55,02:45 07 Apr,2h 50m,non-stop,No info,3383
Multiple carriers,27/05/2019,Delhi,Cochin,DEL → BOM → COK,10:20,21:00,10h 40m,1 stop,No info,7005
Jet Airways,9/06/2019,Kolkata,Banglore,CCU → BOM → BLR,18:55,19:50 10 Jun,24h 55m,1 stop,In-flight meal not included,10844
Multiple carriers,9/05/2019,Delhi,Cochin,DEL → HYD → COK,07:10,16:10,9h,1 stop,No info,6513
IndiGo,21/03/2019,Delhi,Cochin,DEL → HYD → MAA → COK,06:40,21:20,14h 40m,2 stops,No info,6494
Multiple carriers,6/03/2019,Delhi,Cochin,DEL → BOM → COK,09:00,21:00,12h,1 stop,No info,15078
Multiple carriers,15/06/2019,Delhi,Cochin,DEL → BOM → COK,06:00,19:15,13h 15m,1 stop,No info,9526
SpiceJet,1/03/2019,Kolkata,Banglore,CCU → BLR,22:20,00:40 02 Mar,2h 20m,non-stop,No info,5515
IndiGo,9/05/2019,Banglore,Delhi,BLR → DEL,08:30,11:20,2h 50m,non-stop,No info,4823
Air Asia,27/05/2019,Kolkata,Banglore,CCU → BLR,10:20,12:55,2h 35m,non-stop,No info,4409
SpiceJet,15/06/2019,Kolkata,Banglore,CCU → BLR,06:55,09:30,2h 35m,non-stop,No info,3873
Jet Airways,6/05/2019,Kolkata,Banglore,CCU → BOM → BLR,18:55,10:05 07 May,15h 10m,1 stop,No info,13584
Air India,09/03/2019,Banglore,New Delhi,BLR → GOI → DEL,17:00,16:40 13 Mar,23h 40m,1 stop,No info,9292
Jet Airways,1/06/2019,Delhi,Cochin,DEL → BDQ → BOM → COK,18:25,04:25 02 Jun,10h,2 stops,No info,14237
Jet Airways,3/04/2019,Delhi,Cochin,DEL → BOM → COK,02:15,12:35,10h 20m,1 stop,In-flight meal not included,5177
IndiGo,1/04/2019,Banglore,Delhi,BLR → DEL,01:30,04:15,2h 45m,non-stop,No info,4423
Jet Airways,6/05/2019,Kolkata,Banglore,CCU → DEL → BLR,17:00,23:35,6h 35m,1 stop,In-flight meal not included,10703
Air India,6/06/2019,Delhi,Cochin,DEL → BOM → COK,13:00,19:15,6h 15m,1 stop,No info,8372
IndiGo,9/04/2019,Kolkata,Banglore,CCU → BLR,21:25,00:05 10 Apr,2h 40m,non-stop,No info,4174
Air India,15/03/2019,Banglore,New Delhi,BLR → BOM → DEL,06:45,15:15,8h 30m,1 stop,No info,8714
Multiple carriers,6/03/2019,Delhi,Cochin,DEL → BOM → COK,09:10,18:50,9h 40m,1 stop,No info,15135
Jet Airways,21/05/2019,Kolkata,Banglore,CCU → BOM → PNQ → BLR,06:30,20:50,14h 20m,2 stops,In-flight meal not included,10118
Jet Airways,6/06/2019,Kolkata,Banglore,CCU → BOM → BLR,08:25,19:50,11h 25m,1 stop,No info,14571
Multiple carriers,3/06/2019,Delhi,Cochin,DEL → BOM → COK,12:50,01:30 04 Jun,12h 40m,1 stop,No info,7530
Jet Airways,24/06/2019,Delhi,Cochin,DEL → BHO → BOM → COK,05:30,12:35,7h 5m,2 stops,No info,14441
Jet Airways,27/05/2019,Banglore,Delhi,BLR → DEL,19:50,22:50,3h,non-stop,No info,7229
Jet Airways,12/05/2019,Kolkata,Banglore,CCU → BOM → BLR,18:55,18:15 13 May,23h 20m,1 stop,In-flight meal not included,10844
SpiceJet,3/06/2019,Delhi,Cochin,DEL → PNQ → COK,08:45,13:15,4h 30m,1 stop,No check-in baggage included,5726
IndiGo,9/05/2019,Chennai,Kolkata,MAA → CCU,19:35,21:55,2h 20m,non-stop,No info,3597
Jet Airways,27/05/2019,Delhi,Cochin,DEL → BOM → COK,22:50,19:00 28 May,20h 10m,1 stop,In-flight meal not included,12898
Multiple carriers,18/05/2019,Delhi,Cochin,DEL → BOM → COK,10:20,19:15,8h 55m,1 stop,No info,8476
Jet Airways,9/06/2019,Delhi,Cochin,DEL → BOM → COK,15:00,19:00 10 Jun,28h,1 stop,In-flight meal not included,10262
Multiple carriers,21/03/2019,Delhi,Cochin,DEL → HYD → MAA → COK,07:10,21:20,14h 10m,2 stops,In-flight meal not included,5935
Air India,1/06/2019,Delhi,Cochin,DEL → BOM → COK,09:00,19:15,10h 15m,1 stop,No info,10454
Jet Airways,6/06/2019,Delhi,Cochin,DEL → BOM → COK,09:00,19:00,10h,1 stop,In-flight meal not included,10262
Multiple carriers,27/03/2019,Delhi,Cochin,DEL → HYD → COK,07:10,22:20,15h 10m,1 stop,No info,6145
Multiple carriers,9/05/2019,Delhi,Cochin,DEL → BOM → COK,11:40,19:15,7h 35m,1 stop,No info,8266
SpiceJet,21/06/2019,Kolkata,Banglore,CCU → BLR,22:20,00:40 22 Jun,2h 20m,non-stop,No check-in baggage included,3841
Jet Airways,9/05/2019,Delhi,Cochin,DEL → JAI → BOM → COK,19:30,12:35 10 May,17h 5m,2 stops,In-flight meal not included,13029
Jet Airways,24/03/2019,Kolkata,Banglore,CCU → BOM → BLR,08:25,04:45 25 Mar,20h 20m,1 stop,In-flight meal not included,10031
Jet Airways,9/06/2019,Delhi,Cochin,DEL → BOM → COK,21:50,04:25 10 Jun,6h 35m,1 stop,No info,14714
IndiGo,27/04/2019,Delhi,Cochin,DEL → COK,05:35,08:50,3h 15m,non-stop,No info,6015
SpiceJet,9/05/2019,Banglore,Delhi,BLR → DEL,09:30,12:20,2h 50m,non-stop,No info,4991
Jet Airways,15/03/2019,Banglore,New Delhi,BLR → BOM → DEL,08:00,07:40 16 Mar,23h 40m,1 stop,In-flight meal not included,9134
IndiGo,9/04/2019,Banglore,Delhi,BLR → DEL,07:10,10:05,2h 55m,non-stop,No info,4823
Air Asia,03/03/2019,Banglore,New Delhi,BLR → DEL,05:50,08:40,2h 50m,non-stop,No info,7652
IndiGo,24/04/2019,Delhi,Cochin,DEL → HYD → COK,05:05,16:10,11h 5m,1 stop,No info,6171
Air India,03/03/2019,Banglore,New Delhi,BLR → DEL,21:10,23:55,2h 45m,non-stop,No info,7591
Vistara,03/03/2019,Banglore,New Delhi,BLR → DEL,11:30,14:10,2h 40m,non-stop,No info,8028
IndiGo,15/05/2019,Banglore,Delhi,BLR → DEL,22:10,01:00 16 May,2h 50m,non-stop,No info,3419
Jet Airways,3/06/2019,Delhi,Cochin,DEL → IDR → BOM → COK,09:35,12:35 04 Jun,27h,2 stops,No info,13292
Multiple carriers,6/06/2019,Delhi,Cochin,DEL → BOM → COK,17:30,01:30 07 Jun,8h,1 stop,No info,13377
Multiple carriers,9/06/2019,Delhi,Cochin,DEL → BOM → COK,09:15,19:00,9h 45m,1 stop,No info,11622
Multiple carriers,27/03/2019,Delhi,Cochin,DEL → BOM → COK,12:50,21:00,8h 10m,1 stop,No info,6637
Jet Airways,1/04/2019,Kolkata,Banglore,CCU → BOM → BLR,06:30,23:35,17h 5m,1 stop,In-flight meal not included,7064
Air India,27/05/2019,Delhi,Cochin,DEL → BLR → COK,13:30,23:00,9h 30m,1 stop,No info,8907
Air India,21/06/2019,Delhi,Cochin,DEL → COK,05:10,08:00,2h 50m,non-stop,No info,5201
Jet Airways,01/03/2019,Banglore,New Delhi,BLR → BOM → DEL,14:05,21:20,7h 15m,1 stop,No info,36235
Jet Airways,27/05/2019,Delhi,Cochin,DEL → BOM → COK,17:30,12:35 28 May,19h 5m,1 stop,In-flight meal not included,12898
Jet Airways,18/06/2019,Banglore,Delhi,BLR → DEL,17:45,20:45,3h,non-stop,No info,8016
Multiple carriers,24/05/2019,Delhi,Cochin,DEL → BOM → COK,07:30,19:00,11h 30m,1 stop,No info,10529
Multiple carriers,6/03/2019,Delhi,Cochin,DEL → HYD → COK,07:05,22:20,15h 15m,1 stop,No info,6916
Multiple carriers,9/03/2019,Delhi,Cochin,DEL → HYD → MAA → COK,13:15,21:20,8h 5m,2 stops,No info,11560
Jet Airways,18/05/2019,Kolkata,Banglore,CCU → BOM → BLR,16:30,19:50 19 May,27h 20m,1 stop,In-flight meal not included,10844
SpiceJet,1/06/2019,Mumbai,Hyderabad,BOM → HYD,05:45,07:15,1h 30m,non-stop,No info,2753
Air India,27/05/2019,Mumbai,Hyderabad,BOM → HYD,13:55,15:25,1h 30m,non-stop,No info,3625
Air Asia,21/05/2019,Banglore,Delhi,BLR → DEL,04:55,07:45,2h 50m,non-stop,No info,3383
Multiple carriers,12/06/2019,Delhi,Cochin,DEL → BOM → COK,08:00,19:15,11h 15m,1 stop,No info,15058
Jet Airways,27/05/2019,Delhi,Cochin,DEL → BOM → COK,10:00,19:00,9h,1 stop,No info,16079
IndiGo,3/05/2019,Chennai,Kolkata,MAA → CCU,19:35,21:55,2h 20m,non-stop,No info,3597
Air India,6/06/2019,Delhi,Cochin,DEL → HYD → BOM → COK,17:15,19:15 07 Jun,26h,2 stops,No info,12760
Jet Airways,6/05/2019,Kolkata,Banglore,CCU → DEL → BLR,20:25,21:05 07 May,24h 40m,1 stop,No info,13067
Air Asia,15/06/2019,Kolkata,Banglore,CCU → BLR,19:55,22:25,2h 30m,non-stop,No info,4107
GoAir,12/06/2019,Delhi,Cochin,DEL → BOM → COK,10:35,19:35,9h,1 stop,No info,4959
IndiGo,27/06/2019,Delhi,Cochin,DEL → HYD → COK,07:35,16:10,8h 35m,1 stop,No info,6442
Jet Airways,18/05/2019,Delhi,Cochin,DEL → AMD → BOM → COK,13:25,19:00 19 May,29h 35m,2 stops,No info,16704
Air Asia,18/03/2019,Kolkata,Banglore,CCU → BLR,19:35,22:05,2h 30m,non-stop,No info,4384
Vistara,1/06/2019,Banglore,Delhi,BLR → DEL,07:00,09:40,2h 40m,non-stop,No info,4878
Jet Airways,6/05/2019,Kolkata,Banglore,CCU → DEL → BLR,09:35,18:00,8h 25m,1 stop,In-flight meal not included,12384
Air India,6/04/2019,Banglore,Delhi,BLR → DEL,13:20,16:10,2h 50m,non-stop,No info,5176
GoAir,12/06/2019,Banglore,Delhi,BLR → DEL,07:45,10:40,2h 55m,non-stop,No info,3419
Jet Airways,9/05/2019,Kolkata,Banglore,CCU → DEL → BLR,17:00,14:25 10 May,21h 25m,1 stop,In-flight meal not included,9314
Multiple carriers,9/05/2019,Delhi,Cochin,DEL → BOM → COK,04:55,19:15,14h 20m,1 stop,No info,7575
Air Asia,12/05/2019,Kolkata,Banglore,CCU → BLR,19:55,22:25,2h 30m,non-stop,No info,5530
Jet Airways,21/03/2019,Delhi,Cochin,DEL → BOM → COK,22:00,18:50 22 Mar,20h 50m,1 stop,In-flight meal not included,6017
Jet Airways,24/05/2019,Banglore,Delhi,BLR → DEL,15:15,18:10,2h 55m,non-stop,In-flight meal not included,4544
Air India,12/06/2019,Delhi,Cochin,DEL → AMD → BOM → COK,05:00,19:15 13 Jun,38h 15m,2 stops,No info,9443
IndiGo,12/04/2019,Banglore,Delhi,BLR → DEL,18:25,21:20,2h 55m,non-stop,No info,4990
IndiGo,24/03/2019,Kolkata,Banglore,CCU → BLR,15:10,17:45,2h 35m,non-stop,No info,7615
Multiple carriers,18/05/2019,Delhi,Cochin,DEL → HYD → COK,07:05,16:10,9h 5m,1 stop,No info,9646
Jet Airways,1/04/2019,Delhi,Cochin,DEL → BOM → COK,16:00,12:35 02 Apr,20h 35m,1 stop,In-flight meal not included,5406
Jet Airways,21/05/2019,Kolkata,Banglore,CCU → BOM → BLR,21:10,09:20 22 May,12h 10m,1 stop,In-flight meal not included,10844
Air India,18/06/2019,Banglore,Delhi,BLR → DEL,21:05,23:55,2h 50m,non-stop,No info,5228
IndiGo,6/04/2019,Banglore,Delhi,BLR → DEL,18:25,21:20,2h 55m,non-stop,No info,4823
IndiGo,9/05/2019,Banglore,Delhi,BLR → DEL,06:05,08:50,2h 45m,non-stop,No info,4077
Jet Airways,27/05/2019,Delhi,Cochin,DEL → BOM → COK,15:00,04:25 28 May,13h 25m,1 stop,In-flight meal not included,12898
SpiceJet,24/03/2019,Kolkata,Banglore,CCU → BLR,22:20,00:40 25 Mar,2h 20m,non-stop,No check-in baggage included,5725
Jet Airways,6/05/2019,Kolkata,Banglore,CCU → BOM → BLR,08:25,16:20,7h 55m,1 stop,In-flight meal not included,10844
IndiGo,12/06/2019,Kolkata,Banglore,CCU → BLR,14:25,16:55,2h 30m,non-stop,No info,4804
SpiceJet,27/05/2019,Banglore,Delhi,BLR → DEL,21:10,00:05 28 May,2h 55m,non-stop,No check-in baggage included,3257
Jet Airways,21/05/2019,Mumbai,Hyderabad,BOM → HYD,07:05,08:30,1h 25m,non-stop,In-flight meal not included,4995
Jet Airways,27/06/2019,Banglore,Delhi,BLR → DEL,18:55,22:00,3h 5m,non-stop,No info,8016
Jet Airways,01/03/2019,Banglore,New Delhi,BLR → BOM → DEL,07:00,20:20,13h 20m,1 stop,No info,27992
Jet Airways,24/05/2019,Delhi,Cochin,DEL → BOM → COK,22:50,04:25 25 May,5h 35m,1 stop,No info,16079
Jet Airways,21/05/2019,Kolkata,Banglore,CCU → BOM → BLR,06:30,18:15,11h 45m,1 stop,No info,14781
Jet Airways,24/05/2019,Kolkata,Banglore,CCU → BOM → BLR,06:30,16:20,9h 50m,1 stop,No info,14571
Jet Airways,21/05/2019,Kolkata,Banglore,CCU → BOM → BLR,16:30,04:40 22 May,12h 10m,1 stop,In-flight meal not included,9663
Vistara,18/05/2019,Kolkata,Banglore,CCU → DEL → BLR,20:20,23:25 19 May,27h 5m,1 stop,No info,9345
Multiple carriers,3/03/2019,Delhi,Cochin,DEL → BOM → COK,18:00,01:35 04 Mar,7h 35m,1 stop,No info,17703
Jet Airways,24/04/2019,Banglore,Delhi,BLR → DEL,17:45,20:45,3h,non-stop,No info,7229
Multiple carriers,1/06/2019,Delhi,Cochin,DEL → BOM → COK,07:05,19:15,12h 10m,1 stop,In-flight meal not included,12927
IndiGo,1/03/2019,Kolkata,Banglore,CCU → BLR,20:25,23:05,2h 40m,non-stop,No info,4778
Multiple carriers,27/06/2019,Delhi,Cochin,DEL → BOM → COK,07:30,19:15,11h 45m,1 stop,No info,8266
Jet Airways,1/05/2019,Kolkata,Banglore,CCU → DEL → BLR,17:00,14:25 02 May,21h 25m,1 stop,No info,11467
Jet Airways,24/06/2019,Delhi,Cochin,DEL → BOM → COK,10:00,04:25 25 Jun,18h 25m,1 stop,In-flight meal not included,10262
SpiceJet,6/05/2019,Mumbai,Hyderabad,BOM → HYD,05:45,07:15,1h 30m,non-stop,No check-in baggage included,1965
Jet Airways,1/05/2019,Mumbai,Hyderabad,BOM → HYD,07:05,08:30,1h 25m,non-stop,No info,8040
Multiple carriers,27/03/2019,Delhi,Cochin,DEL → BOM → COK,11:40,19:15,7h 35m,1 stop,No info,6953
IndiGo,6/03/2019,Delhi,Cochin,DEL → BOM → COK,08:25,21:00,12h 35m,1 stop,No info,14871
IndiGo,15/05/2019,Delhi,Cochin,DEL → COK,05:35,08:50,3h 15m,non-stop,No info,6015
Jet Airways,1/04/2019,Banglore,Delhi,BLR → DEL,17:45,20:45,3h,non-stop,In-flight meal not included,4544
Air India,9/06/2019,Delhi,Cochin,DEL → AMD → BOM → COK,05:00,19:15 10 Jun,38h 15m,2 stops,No info,9968
IndiGo,21/05/2019,Delhi,Cochin,DEL → COK,14:25,17:40,3h 15m,non-stop,No info,5601
Jet Airways,12/05/2019,Kolkata,Banglore,CCU → BOM → BLR,20:00,04:40 13 May,8h 40m,1 stop,No info,13941
IndiGo,21/05/2019,Mumbai,Hyderabad,BOM → HYD,19:05,20:35,1h 30m,non-stop,No info,2754
Multiple carriers,15/05/2019,Delhi,Cochin,DEL → BOM → COK,08:45,19:15,10h 30m,1 stop,No info,8266
Jet Airways,3/06/2019,Delhi,Cochin,DEL → BOM → COK,16:00,19:00 04 Jun,27h,1 stop,No info,14714
Air Asia,6/06/2019,Kolkata,Banglore,CCU → BBI → BLR,19:55,23:30,3h 35m,1 stop,No info,6857
Jet Airways,9/06/2019,Mumbai,Hyderabad,BOM → HYD,19:35,21:05,1h 30m,non-stop,In-flight meal not included,3210
Jet Airways,12/06/2019,Kolkata,Banglore,CCU → BOM → BLR,06:30,04:40 13 Jun,22h 10m,1 stop,In-flight meal not included,7594
Vistara,3/06/2019,Delhi,Cochin,DEL → COK,14:40,17:50,3h 10m,non-stop,No info,6216
IndiGo,12/06/2019,Mumbai,Hyderabad,BOM → HYD,01:40,03:10,1h 30m,non-stop,No info,2754
Air India,12/06/2019,Kolkata,Banglore,CCU → IXR → DEL → BLR,05:50,20:25,14h 35m,2 stops,No info,12723
Multiple carriers,6/03/2019,Delhi,Cochin,DEL → BOM → COK,12:50,01:35 07 Mar,12h 45m,1 stop,No info,15147
Air India,3/03/2019,Delhi,Cochin,DEL → MAA → COK,12:30,09:25 04 Mar,20h 55m,1 stop,No info,16142
Air India,24/03/2019,Banglore,New Delhi,BLR → DEL,10:00,12:45,2h 45m,non-stop,No info,4441
IndiGo,6/04/2019,Delhi,Cochin,DEL → HYD → COK,06:50,12:10,5h 20m,1 stop,No info,5298
Multiple carriers,9/05/2019,Delhi,Cochin,DEL → BOM → COK,15:00,01:30 10 May,10h 30m,1 stop,No info,15078
Air India,27/06/2019,Delhi,Cochin,DEL → RPR → NAG → BOM → COK,05:15,19:15 28 Jun,38h,3 stops,No info,10703
Jet Airways,9/05/2019,Kolkata,Banglore,CCU → GAU → BLR,10:20,17:35,7h 15m,1 stop,No info,8355
Vistara,6/05/2019,Kolkata,Banglore,CCU → DEL → BLR,20:20,10:45 07 May,14h 25m,1 stop,No info,8662
Vistara,1/04/2019,Kolkata,Banglore,CCU → DEL → BLR,20:20,23:25 02 Apr,27h 5m,1 stop,No info,7927
Air Asia,27/05/2019,Delhi,Cochin,DEL → BLR → COK,07:55,22:25,14h 30m,1 stop,No info,6152
IndiGo,6/03/2019,Delhi,Cochin,DEL → BOM → COK,11:30,21:00,9h 30m,1 stop,No info,14871
Air India,6/05/2019,Delhi,Cochin,DEL → GOI → BOM → COK,22:00,19:15 07 May,21h 15m,2 stops,No info,11701
SpiceJet,12/04/2019,Kolkata,Banglore,CCU → BLR,06:55,09:30,2h 35m,non-stop,No check-in baggage included,3841
IndiGo,18/03/2019,Banglore,New Delhi,BLR → HYD → DEL,16:55,21:50,4h 55m,1 stop,No info,4049
Air India,9/05/2019,Kolkata,Banglore,CCU → BBI → BLR,12:00,13:15 10 May,25h 15m,1 stop,No info,6612
Jet Airways,27/03/2019,Mumbai,Hyderabad,BOM → HYD,07:10,08:35,1h 25m,non-stop,No info,8040
Air India,03/03/2019,Banglore,New Delhi,BLR → VGA → HYD → DEL,10:30,21:25,10h 55m,2 stops,No info,11003
SpiceJet,1/04/2019,Kolkata,Banglore,CCU → BLR,17:10,19:40,2h 30m,non-stop,No check-in baggage included,3841
Multiple carriers,9/03/2019,Delhi,Cochin,DEL → BOM → COK,06:00,21:00,15h,1 stop,No info,13677
IndiGo,24/04/2019,Banglore,Delhi,BLR → DEL,18:55,21:50,2h 55m,non-stop,No info,4823
Multiple carriers,9/04/2019,Delhi,Cochin,DEL → BOM → COK,17:00,01:30 10 Apr,8h 30m,1 stop,No info,6838
Jet Airways,27/04/2019,Banglore,Delhi,BLR → DEL,17:45,20:45,3h,non-stop,No info,7229
Air Asia,24/05/2019,Kolkata,Banglore,CCU → BBI → BLR,06:50,10:30,3h 40m,1 stop,No info,5162
Vistara,27/06/2019,Banglore,Delhi,BLR → DEL,07:00,09:40,2h 40m,non-stop,No info,4668
Vistara,9/05/2019,Kolkata,Banglore,CCU → DEL → BLR,07:10,22:40,15h 30m,1 stop,No info,7927
SpiceJet,6/05/2019,Kolkata,Banglore,CCU → BLR,06:55,09:30,2h 35m,non-stop,No check-in baggage included,3841
Multiple carriers,24/06/2019,Delhi,Cochin,DEL → BOM → COK,06:40,19:00,12h 20m,1 stop,No info,10877
Jet Airways,1/04/2019,Kolkata,Banglore,CCU → BOM → BLR,16:30,04:40 02 Apr,12h 10m,1 stop,No info,12681
Jet Airways,12/06/2019,Delhi,Cochin,DEL → IDR → BOM → COK,21:25,12:35 13 Jun,15h 10m,2 stops,In-flight meal not included,11507
Jet Airways,24/05/2019,Banglore,Delhi,BLR → DEL,07:10,10:10,3h,non-stop,In-flight meal not included,4030
Jet Airways,9/04/2019,Delhi,Cochin,DEL → BOM → COK,22:50,12:35 10 Apr,13h 45m,1 stop,No info,11822
Air India,21/05/2019,Kolkata,Banglore,CCU → BBI → BOM → BLR,12:00,11:10 22 May,23h 10m,2 stops,No info,10676
Vistara,27/05/2019,Delhi,Cochin,DEL → COK,06:00,09:10,3h 10m,non-stop,No info,6216
Jet Airways,21/03/2019,Delhi,Cochin,DEL → BDQ → BOM → COK,18:25,04:25 23 Mar,34h,2 stops,No info,12347
IndiGo,1/06/2019,Delhi,Cochin,DEL → HYD → COK,07:35,12:10,4h 35m,1 stop,No info,5054
IndiGo,3/03/2019,Delhi,Cochin,DEL → BOM → COK,10:45,15:30,4h 45m,1 stop,No info,7725
Air India,9/06/2019,Chennai,Kolkata,MAA → CCU,11:40,13:55,2h 15m,non-stop,No info,4667
IndiGo,3/03/2019,Chennai,Kolkata,MAA → CCU,14:40,17:05,2h 25m,non-stop,No info,7295
Jet Airways,1/06/2019,Mumbai,Hyderabad,BOM → HYD,19:35,21:05,1h 30m,non-stop,In-flight meal not included,3210
IndiGo,6/06/2019,Banglore,Delhi,BLR → DEL,20:00,22:50,2h 50m,non-stop,No info,4823
Jet Airways,06/03/2019,Banglore,New Delhi,BLR → BOM → DEL,21:25,11:25 07 Mar,14h,1 stop,No info,17261
Multiple carriers,3/03/2019,Delhi,Cochin,DEL → BOM → COK,07:05,15:30,8h 25m,1 stop,No info,17057
Air India,1/04/2019,Mumbai,Hyderabad,BOM → HYD,19:30,20:45,1h 15m,non-stop,No info,2050
Air India,21/05/2019,Banglore,Delhi,BLR → DEL,21:05,23:55,2h 50m,non-stop,No info,5228
Multiple carriers,3/06/2019,Delhi,Cochin,DEL → BOM → COK,11:40,19:15,7h 35m,1 stop,No info,9001
Vistara,1/05/2019,Kolkata,Banglore,CCU → DEL → BLR,17:00,10:45 02 May,17h 45m,1 stop,No info,9187
Jet Airways,12/03/2019,Banglore,New Delhi,BLR → BOM → DEL,20:35,10:45 13 Mar,14h 10m,1 stop,In-flight meal not included,11087
Jet Airways,15/04/2019,Delhi,Cochin,DEL → BOM → COK,14:00,19:00,5h,1 stop,In-flight meal not included,6542
IndiGo,03/03/2019,Banglore,New Delhi,BLR → BOM → DEL,19:35,00:35 07 Mar,5h,1 stop,No info,13292
Jet Airways,12/06/2019,Delhi,Cochin,DEL → BOM → COK,13:00,19:00,6h,1 stop,No info,14714
Jet Airways,24/05/2019,Kolkata,Banglore,CCU → BOM → BLR,20:00,04:40 25 May,8h 40m,1 stop,In-flight meal not included,8586
Jet Airways,9/05/2019,Delhi,Cochin,DEL → BOM → COK,19:45,04:25 10 May,8h 40m,1 stop,In-flight meal not included,12373
Jet Airways,15/05/2019,Kolkata,Banglore,CCU → BOM → BLR,18:55,18:15 16 May,23h 20m,1 stop,In-flight meal not included,10844
Air India,21/05/2019,Kolkata,Banglore,CCU → BOM → BLR,09:25,07:55 22 May,22h 30m,1 stop,No info,8891
Jet Airways,21/03/2019,Delhi,Cochin,DEL → MAA → BOM → COK,16:10,18:50 22 Mar,26h 40m,2 stops,In-flight meal not included,8728
Multiple carriers,6/03/2019,Delhi,Cochin,DEL → BOM → COK,07:30,19:15,11h 45m,1 stop,No info,15077
Vistara,21/06/2019,Chennai,Kolkata,MAA → CCU,07:05,09:20,2h 15m,non-stop,No info,3687
Air India,6/03/2019,Mumbai,Hyderabad,BOM → BBI → HYD,12:00,12:25 07 Mar,24h 25m,1 stop,No info,14408
Jet Airways,21/05/2019,Kolkata,Banglore,CCU → DEL → BLR,17:00,14:25 22 May,21h 25m,1 stop,In-flight meal not included,9314
Multiple carriers,27/03/2019,Delhi,Cochin,DEL → BOM → COK,09:00,21:00,12h,1 stop,No info,12537
Jet Airways,9/06/2019,Kolkata,Banglore,CCU → BOM → BLR,18:55,08:15 10 Jun,13h 20m,1 stop,No info,14939
Jet Airways,18/03/2019,Banglore,New Delhi,BLR → BOM → DEL,14:05,07:40 16 Mar,17h 35m,1 stop,In-flight meal not included,10972
Jet Airways,24/06/2019,Delhi,Cochin,DEL → NAG → BOM → COK,06:45,04:25 25 Jun,21h 40m,2 stops,No info,13376
SpiceJet,24/03/2019,Kolkata,Banglore,CCU → BLR,06:55,09:35,2h 40m,non-stop,No check-in baggage included,4781
Multiple carriers,1/06/2019,Delhi,Cochin,DEL → BOM → COK,11:30,21:00,9h 30m,1 stop,No info,13587
IndiGo,6/06/2019,Delhi,Cochin,DEL → HYD → COK,14:20,22:30,8h 10m,1 stop,No info,6938
SpiceJet,3/05/2019,Chennai,Kolkata,MAA → CCU,08:20,10:35,2h 15m,non-stop,No info,3597
Air Asia,27/04/2019,Delhi,Cochin,DEL → BLR → COK,16:45,22:25,5h 40m,1 stop,No info,6451
Vistara,03/03/2019,Banglore,New Delhi,BLR → DEL,19:40,22:20,2h 40m,non-stop,No info,11913
Jet Airways,1/06/2019,Delhi,Cochin,DEL → BOM → COK,07:05,19:00,11h 55m,1 stop,In-flight meal not included,15190
Jet Airways,3/06/2019,Banglore,Delhi,BLR → DEL,15:15,18:10,2h 55m,non-stop,In-flight meal not included,5769
SpiceJet,1/04/2019,Kolkata,Banglore,CCU → MAA → BLR,15:05,20:20,5h 15m,1 stop,No info,4649
Multiple carriers,9/06/2019,Delhi,Cochin,DEL → BOM → COK,03:50,11:30,7h 40m,1 stop,No info,7408
IndiGo,15/06/2019,Delhi,Cochin,DEL → BOM → COK,11:25,01:30 16 Jun,14h 5m,1 stop,No info,5883
IndiGo,21/04/2019,Delhi,Cochin,DEL → COK,05:35,08:50,3h 15m,non-stop,No info,6015
Jet Airways,27/06/2019,Delhi,Cochin,DEL → AMD → BOM → COK,23:05,04:25 29 Jun,29h 20m,2 stops,No info,15339
IndiGo,6/04/2019,Kolkata,Banglore,CCU → BLR,14:25,16:55,2h 30m,non-stop,No info,4174
Air Asia,27/06/2019,Delhi,Cochin,DEL → BLR → COK,07:55,22:25,14h 30m,1 stop,No info,6152
IndiGo,9/06/2019,Chennai,Kolkata,MAA → CCU,22:05,00:25 10 Jun,2h 20m,non-stop,No info,5277
Jet Airways,24/03/2019,Banglore,New Delhi,BLR → BOM → DEL,05:45,10:45,5h,1 stop,In-flight meal not included,8147
IndiGo,6/04/2019,Kolkata,Banglore,CCU → BLR,09:35,12:20,2h 45m,non-stop,No info,4174
Jet Airways,6/05/2019,Kolkata,Banglore,CCU → BOM → BLR,06:30,04:40 07 May,22h 10m,1 stop,No info,13941
Air India,21/05/2019,Delhi,Cochin,DEL → BOM → COK,13:00,19:15,6h 15m,1 stop,No info,8372
SpiceJet,1/06/2019,Delhi,Cochin,DEL → MAA → COK,15:45,22:05,6h 20m,1 stop,No info,7317
Air Asia,9/06/2019,Delhi,Cochin,DEL → BLR → COK,20:45,07:10 10 Jun,10h 25m,1 stop,No info,10794
Air India,15/05/2019,Delhi,Cochin,DEL → AMD → BOM → COK,05:00,07:40 16 May,26h 40m,2 stops,No info,11281
Vistara,12/05/2019,Chennai,Kolkata,MAA → CCU,17:45,20:05,2h 20m,non-stop,No info,11982
Air India,24/04/2019,Banglore,Delhi,BLR → DEL,17:00,19:45,2h 45m,non-stop,No info,6121
Jet Airways,6/05/2019,Kolkata,Banglore,CCU → BOM → BLR,18:55,08:15 07 May,13h 20m,1 stop,No info,13584
SpiceJet,3/06/2019,Kolkata,Banglore,CCU → BLR,17:10,19:40,2h 30m,non-stop,No info,3873
IndiGo,24/03/2019,Banglore,New Delhi,BLR → DEL,16:55,19:45,2h 50m,non-stop,No info,7303
IndiGo,21/06/2019,Banglore,Delhi,BLR → DEL,21:15,00:15 22 Jun,3h,non-stop,No info,3943
Air India,27/03/2019,Mumbai,Hyderabad,BOM → HYD,21:05,22:25,1h 20m,non-stop,No info,2575
Jet Airways,9/06/2019,Delhi,Cochin,DEL → BOM → COK,19:45,04:25 10 Jun,8h 40m,1 stop,In-flight meal not included,10577
Air India,12/05/2019,Kolkata,Banglore,CCU → BBI → BOM → BLR,12:00,07:55 13 May,19h 55m,2 stops,No info,10676
Jet Airways,9/06/2019,Kolkata,Banglore,CCU → DEL → BLR,17:00,14:25 10 Jun,21h 25m,1 stop,No info,14151
IndiGo,3/03/2019,Delhi,Cochin,DEL → COK,14:30,17:35,3h 5m,non-stop,No info,7673
SpiceJet,27/05/2019,Banglore,Delhi,BLR → DEL,21:10,00:05 28 May,2h 55m,non-stop,No info,3311
Vistara,6/05/2019,Banglore,Delhi,BLR → DEL,21:00,23:50,2h 50m,non-stop,No info,4668
IndiGo,9/05/2019,Kolkata,Banglore,CCU → BLR,17:15,19:50,2h 35m,non-stop,No info,4804
Jet Airways,1/06/2019,Delhi,Cochin,DEL → BHO → BOM → COK,05:30,12:35,7h 5m,2 stops,In-flight meal not included,13344
Multiple carriers,9/03/2019,Delhi,Cochin,DEL → HYD → MAA → COK,07:05,21:20,14h 15m,2 stops,No info,8620
Jet Airways,21/03/2019,Banglore,New Delhi,BLR → BOM → DEL,22:50,07:40 19 Mar,8h 50m,1 stop,In-flight meal not included,7045
Jet Airways,9/05/2019,Kolkata,Banglore,CCU → DEL → BLR,20:25,14:25 10 May,18h,1 stop,No info,11467
Multiple carriers,15/06/2019,Delhi,Cochin,DEL → BOM → COK,13:00,01:30 16 Jun,12h 30m,1 stop,No info,13377
Jet Airways,6/06/2019,Delhi,Cochin,DEL → JAI → BOM → COK,05:30,19:00,13h 30m,2 stops,In-flight meal not included,10368
Multiple carriers,3/06/2019,Delhi,Cochin,DEL → BOM → COK,08:45,19:00,10h 15m,1 stop,No info,12524
IndiGo,18/06/2019,Mumbai,Hyderabad,BOM → HYD,19:05,20:35,1h 30m,non-stop,No info,2754
Multiple carriers,3/03/2019,Delhi,Cochin,DEL → BOM → COK,07:00,13:20,6h 20m,1 stop,No info,15603
Jet Airways,9/06/2019,Kolkata,Banglore,CCU → BOM → BLR,20:00,08:15 10 Jun,12h 15m,1 stop,No info,14939
IndiGo,9/03/2019,Kolkata,Banglore,CCU → BLR,21:25,00:05 10 Mar,2h 40m,non-stop,No info,4148
Vistara,27/05/2019,Banglore,Delhi,BLR → DEL,19:30,22:15,2h 45m,non-stop,No info,4878
Jet Airways,27/06/2019,Delhi,Cochin,DEL → BOM → COK,07:05,19:00,11h 55m,1 stop,In-flight meal not included,10262
Air India,1/05/2019,Kolkata,Banglore,CCU → DEL → COK → BLR,10:00,13:45 02 May,27h 45m,2 stops,No info,15164
Jet Airways,9/06/2019,Delhi,Cochin,DEL → JAI → BOM → COK,09:40,04:25 10 Jun,18h 45m,2 stops,No info,13014
IndiGo,24/05/2019,Kolkata,Banglore,CCU → BLR,04:40,07:15,2h 35m,non-stop,No info,4804
Jet Airways,01/03/2019,Banglore,New Delhi,BLR → BOM → DEL,11:40,05:05 02 Mar,17h 25m,1 stop,No info,22270
Jet Airways,15/06/2019,Delhi,Cochin,DEL → IDR → BOM → COK,21:25,12:35 16 Jun,15h 10m,2 stops,In-flight meal not included,9905
Multiple carriers,9/03/2019,Delhi,Cochin,DEL → HYD → COK,09:45,16:10,6h 25m,1 stop,No info,8386
IndiGo,18/05/2019,Chennai,Kolkata,MAA → CCU,14:45,17:05,2h 20m,non-stop,No info,3858
Air India,09/03/2019,Banglore,New Delhi,BLR → MAA → DEL,11:50,23:55,12h 5m,1 stop,No info,10972
IndiGo,3/06/2019,Banglore,Delhi,BLR → DEL,18:55,21:50,2h 55m,non-stop,No info,4823
GoAir,15/06/2019,Delhi,Cochin,DEL → BOM → COK,07:00,12:55,5h 55m,1 stop,No info,5281
Jet Airways,27/05/2019,Delhi,Cochin,DEL → BOM → COK,19:15,04:25 28 May,9h 10m,1 stop,In-flight meal not included,12898
IndiGo,12/05/2019,Mumbai,Hyderabad,BOM → HYD,02:35,04:05,1h 30m,non-stop,No info,3175
Jet Airways,15/05/2019,Kolkata,Banglore,CCU → BOM → BLR,14:05,23:35,9h 30m,1 stop,No info,13941
IndiGo,24/04/2019,Delhi,Cochin,DEL → MAA → COK,02:00,07:25,5h 25m,1 stop,No info,5636
Jet Airways,6/06/2019,Delhi,Cochin,DEL → COK,11:00,14:15,3h 15m,non-stop,No info,9564
IndiGo,09/03/2019,Banglore,New Delhi,BLR → DEL,22:20,01:10 10 Mar,2h 50m,non-stop,No info,6144
Multiple carriers,3/03/2019,Delhi,Cochin,DEL → BOM → COK,04:00,13:20,9h 20m,1 stop,No info,14973
Air India,9/06/2019,Kolkata,Banglore,CCU → GAU → IMF → DEL → BLR,09:50,23:15,13h 25m,3 stops,No info,14960
IndiGo,24/03/2019,Banglore,New Delhi,BLR → DEL,10:10,13:00,2h 50m,non-stop,No info,5734
Air India,9/05/2019,Delhi,Cochin,DEL → AMD → BOM → COK,05:00,07:40 10 May,26h 40m,2 stops,No info,11281
Air India,9/06/2019,Delhi,Cochin,DEL → BLR → COK,17:40,08:15 10 Jun,14h 35m,1 stop,No info,7468
IndiGo,1/04/2019,Kolkata,Banglore,CCU → BLR,15:30,18:05,2h 35m,non-stop,No info,4174
Multiple carriers,27/05/2019,Delhi,Cochin,DEL → HYD → COK,07:05,22:30,15h 25m,1 stop,No info,9856
IndiGo,6/05/2019,Kolkata,Banglore,CCU → BLR,21:25,00:05 07 May,2h 40m,non-stop,No info,4804
IndiGo,18/05/2019,Banglore,Delhi,BLR → DEL,18:55,21:50,2h 55m,non-stop,No info,4823
IndiGo,9/06/2019,Delhi,Cochin,DEL → BOM → COK,17:10,01:30 10 Jun,8h 20m,1 stop,No info,6206
Jet Airways,9/06/2019,Delhi,Cochin,DEL → BOM → COK,22:50,19:00 10 Jun,20h 10m,1 stop,In-flight meal not included,10262
Jet Airways,09/03/2019,Banglore,New Delhi,BLR → BOM → DEL,07:00,09:30 13 Mar,26h 30m,1 stop,In-flight meal not included,11087
SpiceJet,24/06/2019,Kolkata,Banglore,CCU → BLR,17:10,19:40,2h 30m,non-stop,No check-in baggage included,3841
Jet Airways,9/05/2019,Kolkata,Banglore,CCU → BOM → BLR,16:30,09:20 10 May,16h 50m,1 stop,In-flight meal not included,9663
SpiceJet,24/06/2019,Delhi,Cochin,DEL → PNQ → COK,08:45,13:15,4h 30m,1 stop,No info,4812
Air India,27/04/2019,Banglore,Delhi,BLR → DEL,10:00,12:45,2h 45m,non-stop,No info,5228
Jet Airways,21/05/2019,Delhi,Cochin,DEL → BOM → COK,07:05,19:00,11h 55m,1 stop,No info,16289
IndiGo,18/05/2019,Delhi,Cochin,DEL → BOM → COK,15:00,01:30 19 May,10h 30m,1 stop,No info,7503
IndiGo,27/05/2019,Banglore,Delhi,BLR → DEL,21:15,00:15 28 May,3h,non-stop,No info,3943
Jet Airways,06/03/2019,Banglore,New Delhi,BLR → BOM → DEL,08:00,07:40 07 Mar,23h 40m,1 stop,No info,14815
Jet Airways,24/05/2019,Kolkata,Banglore,CCU → BOM → BLR,18:55,08:15 25 May,13h 20m,1 stop,In-flight meal not included,8586
SpiceJet,1/04/2019,Banglore,Delhi,BLR → DEL,21:10,00:05 02 Apr,2h 55m,non-stop,No check-in baggage included,3573
Jet Airways,18/03/2019,Banglore,New Delhi,BLR → BOM → DEL,22:50,05:05 16 Mar,6h 15m,1 stop,No info,54826
Air Asia,01/03/2019,Banglore,New Delhi,BLR → DEL,05:50,08:40,2h 50m,non-stop,No info,10715
Air India,1/05/2019,Banglore,Delhi,BLR → DEL,21:05,23:55,2h 50m,non-stop,No info,6121
Jet Airways,3/04/2019,Delhi,Cochin,DEL → BOM → COK,14:00,12:35 04 Apr,22h 35m,1 stop,In-flight meal not included,5177
Multiple carriers,12/06/2019,Delhi,Cochin,DEL → BOM → COK,10:00,01:30 13 Jun,15h 30m,1 stop,No info,7198
Air India,27/03/2019,Delhi,Cochin,DEL → JAI → BOM → COK,12:00,19:15,7h 15m,2 stops,No info,10493
Jet Airways,21/05/2019,Kolkata,Banglore,CCU → DEL → BLR,09:35,21:05,11h 30m,1 stop,No info,14151
Jet Airways,06/03/2019,Banglore,New Delhi,BLR → BOM → DEL,14:05,19:10,5h 5m,1 stop,No info,19225
Jet Airways,6/05/2019,Kolkata,Banglore,CCU → BOM → BLR,16:30,22:35,6h 5m,1 stop,No info,14781
Multiple carriers,9/06/2019,Delhi,Cochin,DEL → BOM → COK,10:00,01:30 10 Jun,15h 30m,1 stop,No info,13377
IndiGo,12/05/2019,Banglore,Delhi,BLR → DEL,13:00,15:50,2h 50m,non-stop,No info,4591
Jet Airways,9/06/2019,Kolkata,Banglore,CCU → BOM → BLR,14:05,04:40 10 Jun,14h 35m,1 stop,No info,14178
GoAir,9/04/2019,Banglore,Delhi,BLR → DEL,20:55,23:40,2h 45m,non-stop,No info,4239
Air India,12/03/2019,Mumbai,Hyderabad,BOM → GOI → PNQ → HYD,05:05,16:55,11h 50m,2 stops,No info,16172
Air India,9/06/2019,Kolkata,Banglore,CCU → BOM → BLR,09:25,21:50,12h 25m,1 stop,No info,8366
SpiceJet,18/05/2019,Banglore,Delhi,BLR → DEL,09:30,12:20,2h 50m,non-stop,No info,4423
Jet Airways,21/03/2019,Delhi,Cochin,DEL → BDQ → BOM → COK,18:25,18:50 22 Mar,24h 25m,2 stops,No info,11869
Jet Airways,3/05/2019,Banglore,Delhi,BLR → DEL,11:10,14:05,2h 55m,non-stop,No info,7229
IndiGo,18/06/2019,Chennai,Kolkata,MAA → CCU,19:35,21:55,2h 20m,non-stop,No info,3597
SpiceJet,24/03/2019,Banglore,New Delhi,BLR → DEL,05:45,08:35,2h 50m,non-stop,No check-in baggage included,4273
Vistara,9/06/2019,Kolkata,Banglore,CCU → DEL → BLR,20:20,20:20 10 Jun,24h,1 stop,No info,8085
IndiGo,01/03/2019,Banglore,New Delhi,BLR → DEL,23:30,02:20 02 Mar,2h 50m,non-stop,No info,10067
IndiGo,01/03/2019,Banglore,New Delhi,BLR → HYD → DEL,12:10,17:05,4h 55m,1 stop,No info,9694
Multiple carriers,18/05/2019,Delhi,Cochin,DEL → HYD → COK,13:15,22:30,9h 15m,1 stop,No info,11188
Jet Airways,12/06/2019,Delhi,Cochin,DEL → COK,11:00,14:15,3h 15m,non-stop,No info,9564
Jet Airways,21/05/2019,Kolkata,Banglore,CCU → BOM → BLR,14:05,20:45,6h 40m,1 stop,In-flight meal not included,10844
Jet Airways,24/06/2019,Delhi,Cochin,DEL → BOM → COK,18:15,19:00 25 Jun,24h 45m,1 stop,In-flight meal not included,10262
SpiceJet,18/03/2019,Mumbai,Hyderabad,BOM → HYD,22:45,00:10 19 Mar,1h 25m,non-stop,No info,2017
Air India,15/03/2019,Banglore,New Delhi,BLR → DEL,06:10,08:55,2h 45m,non-stop,No info,7276
Jet Airways,24/06/2019,Banglore,Delhi,BLR → DEL,19:50,22:50,3h,non-stop,In-flight meal not included,6478
Multiple carriers,27/05/2019,Delhi,Cochin,DEL → BOM → COK,19:00,01:30 28 May,6h 30m,1 stop,No info,7198
IndiGo,21/03/2019,Delhi,Cochin,DEL → BOM → COK,09:10,01:35 22 Mar,16h 25m,1 stop,No info,8765
Multiple carriers,24/06/2019,Delhi,Cochin,DEL → HYD → COK,09:45,22:30,12h 45m,1 stop,No info,9646
Air India,15/05/2019,Kolkata,Banglore,CCU → BLR,14:15,16:45,2h 30m,non-stop,No info,5510
IndiGo,9/05/2019,Kolkata,Banglore,CCU → BLR,20:20,22:55,2h 35m,non-stop,No info,4804
IndiGo,24/04/2019,Banglore,Delhi,BLR → DEL,00:30,03:25,2h 55m,non-stop,No info,3419
IndiGo,15/06/2019,Chennai,Kolkata,MAA → CCU,22:05,00:25 16 Jun,2h 20m,non-stop,No info,5277
SpiceJet,6/06/2019,Banglore,Delhi,BLR → DEL,05:55,08:35,2h 40m,non-stop,No info,3625
IndiGo,12/03/2019,Kolkata,Banglore,CCU → BLR,21:25,00:05 13 Mar,2h 40m,non-stop,No info,4148
SpiceJet,9/05/2019,Chennai,Kolkata,MAA → CCU,08:20,10:35,2h 15m,non-stop,No check-in baggage included,3859
Jet Airways,12/06/2019,Banglore,Delhi,BLR → DEL,15:15,18:10,2h 55m,non-stop,No info,8016
IndiGo,24/05/2019,Mumbai,Hyderabad,BOM → HYD,06:25,07:55,1h 30m,non-stop,No info,4049
Vistara,1/04/2019,Kolkata,Banglore,CCU → DEL → BLR,17:00,20:20 02 Apr,27h 20m,1 stop,No info,9135
Multiple carriers,9/05/2019,Delhi,Cochin,DEL → HYD → COK,14:55,22:30,7h 35m,1 stop,No info,6805
IndiGo,15/04/2019,Delhi,Cochin,DEL → HYD → COK,06:50,12:10,5h 20m,1 stop,No info,5761
IndiGo,9/03/2019,Kolkata,Banglore,CCU → BLR,15:10,17:45,2h 35m,non-stop,No info,4462
Air India,18/05/2019,Delhi,Cochin,DEL → HYD → BOM → COK,17:15,19:15 19 May,26h,2 stops,No info,12392
Jet Airways,21/05/2019,Kolkata,Banglore,CCU → BOM → BLR,06:30,18:15,11h 45m,1 stop,In-flight meal not included,10844
Air India,21/05/2019,Delhi,Cochin,DEL → COK,14:05,17:55,3h 50m,non-stop,No info,6094
Jet Airways,21/05/2019,Delhi,Cochin,DEL → BOM → COK,08:00,04:25 22 May,20h 25m,1 stop,In-flight meal not included,12898
IndiGo,27/03/2019,Delhi,Cochin,DEL → BOM → COK,07:30,15:30,8h,1 stop,No info,8574
IndiGo,24/04/2019,Kolkata,Banglore,CCU → HYD → BLR,15:15,20:05,4h 50m,1 stop,No info,4565
IndiGo,15/06/2019,Chennai,Kolkata,MAA → CCU,11:35,14:00,2h 25m,non-stop,No info,3858
IndiGo,27/05/2019,Kolkata,Banglore,CCU → BLR,17:15,19:50,2h 35m,non-stop,No info,4804
Jet Airways,12/06/2019,Delhi,Cochin,DEL → JAI → BOM → COK,19:30,04:25 13 Jun,8h 55m,2 stops,No info,13014
Jet Airways,9/06/2019,Mumbai,Hyderabad,BOM → HYD,02:55,04:20,1h 25m,non-stop,In-flight meal not included,4050
IndiGo,18/06/2019,Mumbai,Hyderabad,BOM → HYD,02:35,04:05,1h 30m,non-stop,No info,2754
Jet Airways,12/06/2019,Delhi,Cochin,DEL → JAI → BOM → COK,09:40,12:35 13 Jun,26h 55m,2 stops,No info,13014
Jet Airways,12/06/2019,Kolkata,Banglore,CCU → BOM → BLR,20:00,08:15 13 Jun,12h 15m,1 stop,No info,13044
Jet Airways,15/05/2019,Kolkata,Banglore,CCU → DEL → BLR,09:35,21:05,11h 30m,1 stop,In-flight meal not included,10703
IndiGo,21/05/2019,Banglore,Delhi,BLR → DEL,18:25,21:20,2h 55m,non-stop,No info,4823
Air India,15/05/2019,Kolkata,Banglore,CCU → DEL → COK → BLR,10:00,13:45 16 May,27h 45m,2 stops,No info,16057
Vistara,12/04/2019,Banglore,Delhi,BLR → DEL,17:00,19:35,2h 35m,non-stop,No info,5613
Multiple carriers,21/05/2019,Delhi,Cochin,DEL → HYD → COK,09:45,18:10,8h 25m,1 stop,No info,9646
Air Asia,09/03/2019,Banglore,New Delhi,BLR → DEL,05:50,08:40,2h 50m,non-stop,No info,4284
Multiple carriers,21/03/2019,Delhi,Cochin,DEL → BOM → COK,08:00,19:15,11h 15m,1 stop,No info,13378
Air India,21/05/2019,Delhi,Cochin,DEL → GOI → BOM → COK,10:55,19:15,8h 20m,2 stops,No info,13276
Air Asia,15/06/2019,Kolkata,Banglore,CCU → BLR,22:50,01:20 16 Jun,2h 30m,non-stop,No info,3807
Multiple carriers,21/05/2019,Delhi,Cochin,DEL → BOM → COK,10:00,01:30 22 May,15h 30m,1 stop,No info,7888
Vistara,21/05/2019,Kolkata,Banglore,CCU → DEL → BLR,07:10,22:40,15h 30m,1 stop,No info,8452
Multiple carriers,15/06/2019,Delhi,Cochin,DEL → BOM → COK,11:40,01:30 16 Jun,13h 50m,1 stop,No info,6795
Multiple carriers,27/05/2019,Delhi,Cochin,DEL → BOM → COK,13:00,01:30 28 May,12h 30m,1 stop,No info,13377
SpiceJet,24/04/2019,Banglore,Delhi,BLR → DEL,05:55,08:35,2h 40m,non-stop,No check-in baggage included,3919
Jet Airways,24/03/2019,Kolkata,Banglore,CCU → BOM → BLR,19:45,16:20 25 Mar,20h 35m,1 stop,No info,13759
Multiple carriers,15/05/2019,Delhi,Cochin,DEL → BOM → COK,06:00,21:00,15h,1 stop,No info,7670
SpiceJet,27/03/2019,Kolkata,Banglore,CCU → BLR,06:55,09:35,2h 40m,non-stop,No info,3847
Air India,15/03/2019,Banglore,New Delhi,BLR → MAA → DEL,11:50,19:50,8h,1 stop,No info,7192
Jet Airways,9/03/2019,Delhi,Cochin,DEL → BOM → COK,19:45,04:25 10 Mar,8h 40m,1 stop,In-flight meal not included,11848
Multiple carriers,6/03/2019,Delhi,Cochin,DEL → BOM → COK,07:30,19:15,11h 45m,1 stop,No info,15353
SpiceJet,24/03/2019,Banglore,New Delhi,BLR → DEL,20:30,23:20,2h 50m,non-stop,No check-in baggage included,3873
Jet Airways,6/06/2019,Delhi,Cochin,DEL → BOM → COK,21:50,04:25 07 Jun,6h 35m,1 stop,In-flight meal not included,10262
Jet Airways,6/05/2019,Kolkata,Banglore,CCU → BOM → BLR,06:30,19:50,13h 20m,1 stop,No info,14781
Air Asia,27/04/2019,Banglore,Delhi,BLR → DEL,23:55,02:45 28 Apr,2h 50m,non-stop,No info,3383
SpiceJet,1/06/2019,Kolkata,Banglore,CCU → BLR,06:55,09:30,2h 35m,non-stop,No info,3873
Jet Airways,21/04/2019,Banglore,Delhi,BLR → DEL,07:10,10:10,3h,non-stop,No info,7229
IndiGo,21/06/2019,Banglore,Delhi,BLR → DEL,00:25,03:15,2h 50m,non-stop,No info,3419
Air India,21/04/2019,Banglore,Delhi,BLR → DEL,10:00,12:45,2h 45m,non-stop,No info,5228
IndiGo,21/03/2019,Delhi,Cochin,DEL → BLR → COK,05:05,10:05,5h,1 stop,No info,6893
IndiGo,15/04/2019,Banglore,Delhi,BLR → DEL,08:30,11:20,2h 50m,non-stop,No info,4823
Jet Airways,18/06/2019,Banglore,Delhi,BLR → DEL,06:00,08:45,2h 45m,non-stop,In-flight meal not included,6478
Jet Airways,27/03/2019,Delhi,Cochin,DEL → AMD → BOM → COK,19:10,19:45 28 Mar,24h 35m,2 stops,In-flight meal not included,8882
Multiple carriers,9/03/2019,Delhi,Cochin,DEL → BOM → COK,04:45,19:45,15h,1 stop,No info,10782
Jet Airways,6/06/2019,Delhi,Cochin,DEL → BOM → COK,22:50,04:25 07 Jun,5h 35m,1 stop,No info,14714
Jet Airways,21/03/2019,Delhi,Cochin,DEL → BOM → COK,22:50,04:25 22 Mar,5h 35m,1 stop,No info,12242
SpiceJet,27/06/2019,Mumbai,Hyderabad,BOM → HYD,05:45,07:15,1h 30m,non-stop,No info,2017
Multiple carriers,9/06/2019,Delhi,Cochin,DEL → BOM → COK,02:15,11:30,9h 15m,1 stop,No info,13587
IndiGo,3/06/2019,Delhi,Cochin,DEL → BOM → COK,08:30,21:00,12h 30m,1 stop,No info,6416
IndiGo,1/04/2019,Kolkata,Banglore,CCU → BLR,14:25,16:55,2h 30m,non-stop,No info,4174
IndiGo,15/03/2019,Banglore,New Delhi,BLR → DEL,10:10,13:00,2h 50m,non-stop,No info,6144
Jet Airways,9/03/2019,Delhi,Cochin,DEL → BOM → COK,19:45,04:25 10 Mar,8h 40m,1 stop,No info,15554
Jet Airways,6/03/2019,Delhi,Cochin,DEL → BOM → COK,23:05,04:25 07 Mar,5h 20m,1 stop,No info,15764
IndiGo,1/05/2019,Mumbai,Hyderabad,BOM → HYD,20:05,21:40,1h 35m,non-stop,No info,2227
Jet Airways,3/03/2019,Delhi,Cochin,DEL → BOM → COK,02:15,04:25 04 Mar,26h 10m,1 stop,No info,17024
Multiple carriers,21/03/2019,Delhi,Cochin,DEL → BOM → COK,11:30,18:50,7h 20m,1 stop,No info,11622
Jet Airways,6/06/2019,Kolkata,Banglore,CCU → BOM → BLR,08:25,20:45,12h 20m,1 stop,No info,14571
Air India,21/03/2019,Delhi,Cochin,DEL → JAI → BOM → COK,12:00,07:40 22 Mar,19h 40m,2 stops,No info,9706
Jet Airways,15/03/2019,Banglore,New Delhi,BLR → BOM → DEL,08:55,08:15 16 Mar,23h 20m,1 stop,In-flight meal not included,10405
Air India,9/06/2019,Delhi,Cochin,DEL → HYD → BOM → COK,17:15,19:15 10 Jun,26h,2 stops,No info,12392
IndiGo,12/06/2019,Delhi,Cochin,DEL → BOM → COK,16:00,01:30 13 Jun,9h 30m,1 stop,No info,6316
Jet Airways,9/03/2019,Delhi,Cochin,DEL → BOM → COK,17:25,18:50 10 Mar,25h 25m,1 stop,In-flight meal not included,14053
IndiGo,1/05/2019,Banglore,Delhi,BLR → DEL,00:30,03:25,2h 55m,non-stop,No info,4284
Jet Airways,12/06/2019,Delhi,Cochin,DEL → BOM → COK,20:55,04:25 13 Jun,7h 30m,1 stop,No info,14714
Jet Airways,21/05/2019,Delhi,Cochin,DEL → JAI → BOM → COK,09:40,04:25 22 May,18h 45m,2 stops,No info,15129
Multiple carriers,21/05/2019,Delhi,Cochin,DEL → BOM → COK,19:00,01:30 22 May,6h 30m,1 stop,No info,7485
IndiGo,1/05/2019,Banglore,Delhi,BLR → DEL,18:55,21:50,2h 55m,non-stop,No info,4823
Jet Airways,27/05/2019,Mumbai,Hyderabad,BOM → HYD,07:05,08:30,1h 25m,non-stop,In-flight meal not included,4995
SpiceJet,9/04/2019,Banglore,Delhi,BLR → DEL,21:10,00:05 10 Apr,2h 55m,non-stop,No check-in baggage included,3919
GoAir,24/06/2019,Banglore,Delhi,BLR → DEL,11:40,14:30,2h 50m,non-stop,No info,3898
Jet Airways,27/03/2019,Delhi,Cochin,DEL → BOM → COK,21:50,19:45 28 Mar,21h 55m,1 stop,In-flight meal not included,7438
IndiGo,27/05/2019,Delhi,Cochin,DEL → BOM → COK,09:15,01:30 28 May,16h 15m,1 stop,No info,6628
Jet Airways,15/06/2019,Delhi,Cochin,DEL → JAI → BOM → COK,05:30,04:25 16 Jun,22h 55m,2 stops,No info,13014
Jet Airways,9/06/2019,Banglore,Delhi,BLR → DEL,06:00,08:45,2h 45m,non-stop,No info,8016
Multiple carriers,9/06/2019,Delhi,Cochin,DEL → BOM → COK,13:00,21:00,8h,1 stop,No info,7408
Jet Airways,15/05/2019,Kolkata,Banglore,CCU → BOM → BLR,16:30,18:15 16 May,25h 45m,1 stop,In-flight meal not included,10844
Jet Airways,21/03/2019,Delhi,Cochin,DEL → JAI → BOM → COK,09:40,04:25 23 Mar,42h 45m,2 stops,No info,12819
Jet Airways,1/04/2019,Kolkata,Banglore,CCU → BOM → BLR,06:30,09:20 02 Apr,26h 50m,1 stop,In-flight meal not included,7064
Jet Airways,9/05/2019,Delhi,Cochin,DEL → BOM → COK,19:15,04:25 10 May,9h 10m,1 stop,In-flight meal not included,12373
SpiceJet,27/06/2019,Kolkata,Banglore,CCU → BLR,17:10,19:40,2h 30m,non-stop,No check-in baggage included,3841
Jet Airways,15/05/2019,Kolkata,Banglore,CCU → BOM → BLR,21:10,16:20 16 May,19h 10m,1 stop,In-flight meal not included,10844
Jet Airways,6/03/2019,Delhi,Cochin,DEL → JAI → BOM → COK,05:30,19:45 07 Mar,38h 15m,2 stops,In-flight meal not included,15864
Air India,12/06/2019,Kolkata,Banglore,CCU → BOM → BLR,09:25,18:30,9h 5m,1 stop,No info,8366
Jet Airways,27/05/2019,Delhi,Cochin,DEL → BOM → COK,14:00,04:25 28 May,14h 25m,1 stop,In-flight meal not included,12898
GoAir,21/04/2019,Delhi,Cochin,DEL → BOM → COK,10:35,19:35,9h,1 stop,No info,7031
Air India,12/06/2019,Delhi,Cochin,DEL → CCU → BOM → COK,06:50,07:40 13 Jun,24h 50m,2 stops,No info,13381
SpiceJet,12/04/2019,Banglore,Delhi,BLR → DEL,09:30,12:20,2h 50m,non-stop,No check-in baggage included,4885
Vistara,6/05/2019,Kolkata,Banglore,CCU → DEL → BLR,07:10,23:25,16h 15m,1 stop,No info,8085
Jet Airways,1/06/2019,Delhi,Cochin,DEL → BOM → COK,14:00,12:35 02 Jun,22h 35m,1 stop,In-flight meal not included,10262
Multiple carriers,9/04/2019,Delhi,Cochin,DEL → BOM → COK,13:00,21:00,8h,1 stop,No info,12537
Jet Airways,18/05/2019,Kolkata,Banglore,CCU → DEL → BLR,09:35,21:05,11h 30m,1 stop,No info,14151
IndiGo,9/06/2019,Delhi,Cochin,DEL → HYD → COK,06:50,16:10,9h 20m,1 stop,No info,6442
Air India,27/05/2019,Delhi,Cochin,DEL → BOM → COK,21:00,19:15 28 May,22h 15m,1 stop,No info,8372
Jet Airways,27/06/2019,Delhi,Cochin,DEL → NAG → BOM → COK,14:35,12:35 28 Jun,22h,2 stops,In-flight meal not included,10919
Multiple carriers,6/03/2019,Delhi,Cochin,DEL → HYD → COK,14:35,22:20,7h 45m,1 stop,In-flight meal not included,7563
Jet Airways,21/05/2019,Delhi,Cochin,DEL → COK,09:50,13:05,3h 15m,non-stop,In-flight meal not included,7202
Air India,9/03/2019,Delhi,Cochin,DEL → HYD → MAA → COK,13:15,09:25 10 Mar,20h 10m,2 stops,No info,11622
Vistara,12/05/2019,Kolkata,Banglore,CCU → DEL → BLR,17:00,18:50 13 May,25h 50m,1 stop,No info,9135
Jet Airways,1/04/2019,Mumbai,Hyderabad,BOM → HYD,07:05,08:30,1h 25m,non-stop,No info,8040
Vistara,18/05/2019,Kolkata,Banglore,CCU → DEL → BLR,07:10,22:40,15h 30m,1 stop,No info,9187
IndiGo,6/06/2019,Delhi,Cochin,DEL → HYD → COK,06:50,22:30,15h 40m,1 stop,No info,6674
Air Asia,18/06/2019,Kolkata,Banglore,CCU → BLR,19:55,22:25,2h 30m,non-stop,No info,3807
Multiple carriers,24/06/2019,Delhi,Cochin,DEL → BOM → COK,09:00,21:00,12h,1 stop,No info,8143
IndiGo,3/03/2019,Delhi,Cochin,DEL → HYD → COK,07:35,12:00,4h 25m,1 stop,No info,8258
Jet Airways,6/06/2019,Kolkata,Banglore,CCU → BOM → BLR,14:05,23:35,9h 30m,1 stop,No info,14571
Jet Airways,18/05/2019,Kolkata,Banglore,CCU → BOM → BLR,05:45,19:50,14h 5m,1 stop,No info,14781
Jet Airways,9/06/2019,Kolkata,Banglore,CCU → BOM → BLR,20:00,18:15 10 Jun,22h 15m,1 stop,No info,14571
IndiGo,9/04/2019,Delhi,Cochin,DEL → BOM → COK,16:00,01:30 10 Apr,9h 30m,1 stop,No info,6573
Multiple carriers,3/03/2019,Delhi,Cochin,DEL → BOM → COK,08:25,18:50,10h 25m,1 stop,No info,15135
SpiceJet,6/05/2019,Chennai,Kolkata,MAA → CCU,08:20,10:35,2h 15m,non-stop,No check-in baggage included,3859
IndiGo,3/04/2019,Kolkata,Banglore,CCU → BLR,15:15,17:45,2h 30m,non-stop,No info,4174
Air India,6/06/2019,Kolkata,Banglore,CCU → BOM → BLR,09:25,21:50,12h 25m,1 stop,No info,8366
Air India,24/05/2019,Kolkata,Banglore,CCU → DEL → BLR,20:30,20:25 25 May,23h 55m,1 stop,No info,10413
Air India,9/03/2019,Delhi,Cochin,DEL → HYD → MAA → COK,09:45,09:25 10 Mar,23h 40m,2 stops,No info,10660
Multiple carriers,15/05/2019,Delhi,Cochin,DEL → BOM → COK,08:00,19:00,11h,1 stop,No info,10197
IndiGo,6/05/2019,Kolkata,Banglore,CCU → BLR,11:30,14:05,2h 35m,non-stop,No info,5224
IndiGo,18/05/2019,Delhi,Cochin,DEL → BOM → COK,16:00,01:30 19 May,9h 30m,1 stop,No info,7191
Vistara,24/05/2019,Kolkata,Banglore,CCU → DEL → BLR,20:20,23:25 25 May,27h 5m,1 stop,No info,9345
Air India,15/06/2019,Delhi,Cochin,DEL → BOM → COK,09:00,19:15,10h 15m,1 stop,No info,10454
Jet Airways,21/05/2019,Kolkata,Banglore,CCU → BOM → BLR,14:05,19:50,5h 45m,1 stop,No info,14781
SpiceJet,27/05/2019,Chennai,Kolkata,MAA → CCU,09:45,12:00,2h 15m,non-stop,No info,3597
Air Asia,24/05/2019,Banglore,Delhi,BLR → DEL,23:55,02:45 25 May,2h 50m,non-stop,No info,4483
Multiple carriers,15/06/2019,Delhi,Cochin,DEL → BOM → COK,03:50,19:00,15h 10m,1 stop,No info,12192
Air India,9/03/2019,Delhi,Cochin,DEL → GOI → BOM → COK,22:00,19:15 10 Mar,21h 15m,2 stops,No info,14851
Jet Airways,18/05/2019,Delhi,Cochin,DEL → BOM → COK,17:30,12:35 19 May,19h 5m,1 stop,In-flight meal not included,12373
SpiceJet,3/06/2019,Delhi,Cochin,DEL → PNQ → COK,08:45,13:15,4h 30m,1 stop,No info,5830
IndiGo,24/05/2019,Chennai,Kolkata,MAA → CCU,22:05,00:25 25 May,2h 20m,non-stop,No info,5277
Jet Airways,18/05/2019,Delhi,Cochin,DEL → BOM → COK,14:00,12:35 19 May,22h 35m,1 stop,In-flight meal not included,12373
Multiple carriers,21/03/2019,Delhi,Cochin,DEL → BOM → COK,07:00,21:00,14h,1 stop,No info,7618
IndiGo,27/05/2019,Mumbai,Hyderabad,BOM → HYD,12:00,13:30,1h 30m,non-stop,No info,2754
Jet Airways,9/06/2019,Kolkata,Banglore,CCU → BOM → BLR,21:10,04:40 10 Jun,7h 30m,1 stop,No info,13731
Jet Airways,06/03/2019,Banglore,New Delhi,BLR → BOM → DEL,22:50,10:25 07 Mar,11h 35m,1 stop,No info,17261
Air India,09/03/2019,Banglore,New Delhi,BLR → CCU → DEL,05:50,22:45,16h 55m,1 stop,No info,10657
Jet Airways,1/06/2019,Delhi,Cochin,DEL → NAG → BOM → COK,06:45,04:25 02 Jun,21h 40m,2 stops,No info,13376
IndiGo,12/06/2019,Kolkata,Banglore,CCU → BLR,04:40,07:15,2h 35m,non-stop,No info,4804
Jet Airways,12/03/2019,Banglore,New Delhi,BLR → BOM → DEL,18:55,20:20 13 Mar,25h 25m,1 stop,In-flight meal not included,11087
Air India,9/05/2019,Chennai,Kolkata,MAA → CCU,11:40,13:55,2h 15m,non-stop,No info,4667
Air India,15/05/2019,Delhi,Cochin,DEL → AMD → BOM → COK,05:00,19:15 16 May,38h 15m,2 stops,No info,10493
Jet Airways,1/06/2019,Delhi,Cochin,DEL → BOM → COK,19:15,19:00 02 Jun,23h 45m,1 stop,No info,14714
Jet Airways,21/05/2019,Delhi,Cochin,DEL → BOM → COK,20:55,19:00 22 May,22h 5m,1 stop,In-flight meal not included,12898
Jet Airways,3/06/2019,Delhi,Cochin,DEL → BOM → COK,08:00,19:00,11h,1 stop,No info,14924
Jet Airways,24/06/2019,Delhi,Cochin,DEL → BOM → COK,17:30,12:35 25 Jun,19h 5m,1 stop,In-flight meal not included,10262
IndiGo,27/03/2019,Mumbai,Hyderabad,BOM → HYD,09:10,10:40,1h 30m,non-stop,No info,4392
Jet Airways,1/06/2019,Delhi,Cochin,DEL → BOM → COK,02:15,12:35,10h 20m,1 stop,No info,14714
SpiceJet,1/04/2019,Kolkata,Banglore,CCU → BLR,09:00,11:25,2h 25m,non-stop,No info,3873
IndiGo,9/06/2019,Delhi,Cochin,DEL → BLR → COK,17:05,22:15,5h 10m,1 stop,No info,6493
Vistara,6/03/2019,Mumbai,Hyderabad,BOM → DEL → HYD,21:55,22:55 07 Mar,25h,1 stop,No info,12395
Air India,1/04/2019,Kolkata,Banglore,CCU → DEL → COK → TRV → BLR,10:00,10:30 02 Apr,24h 30m,3 stops,No info,12954
IndiGo,15/03/2019,Banglore,New Delhi,BLR → DEL,04:00,06:50,2h 50m,non-stop,No info,5694
Jet Airways,3/06/2019,Banglore,Delhi,BLR → DEL,19:50,22:50,3h,non-stop,In-flight meal not included,6478
Jet Airways,18/03/2019,Banglore,New Delhi,BLR → BOM → DEL,11:40,09:00 16 Mar,21h 20m,1 stop,In-flight meal not included,11087
SpiceJet,1/06/2019,Banglore,Delhi,BLR → DEL,05:55,08:35,2h 40m,non-stop,No info,3625
Air India,1/06/2019,Delhi,Cochin,DEL → BOM → COK,08:00,19:15,11h 15m,1 stop,No info,9929
Jet Airways,27/05/2019,Delhi,Cochin,DEL → JAI → BOM → COK,19:30,12:35 28 May,17h 5m,2 stops,No info,15129
Jet Airways,6/04/2019,Banglore,Delhi,BLR → DEL,19:50,22:50,3h,non-stop,In-flight meal not included,4544
Jet Airways,27/06/2019,Delhi,Cochin,DEL → BOM → COK,10:00,19:00,9h,1 stop,No info,14714
Jet Airways,24/06/2019,Delhi,Cochin,DEL → BOM → COK,18:15,04:25 25 Jun,10h 10m,1 stop,In-flight meal not included,10262
Air India,15/05/2019,Kolkata,Banglore,CCU → IXR → DEL → BLR,05:50,16:15 16 May,34h 25m,2 stops,No info,12723
IndiGo,15/05/2019,Chennai,Kolkata,MAA → CCU,05:15,07:40,2h 25m,non-stop,No info,3540
IndiGo,3/03/2019,Delhi,Cochin,DEL → HYD → COK,08:35,22:20,13h 45m,1 stop,No info,10236
Jet Airways,9/05/2019,Delhi,Cochin,DEL → JAI → BOM → COK,05:30,19:00,13h 30m,2 stops,No info,15129
Jet Airways,12/06/2019,Delhi,Cochin,DEL → ATQ → BOM → COK,20:00,12:35 13 Jun,16h 35m,2 stops,No info,14300
Air India,6/06/2019,Kolkata,Banglore,CCU → BOM → AMD → BLR,09:25,05:25 07 Jun,20h,2 stops,No info,13217
Air India,6/05/2019,Kolkata,Banglore,CCU → IXR → DEL → BLR,05:50,12:00 07 May,30h 10m,2 stops,No info,11883
Jet Airways,24/05/2019,Kolkata,Banglore,CCU → DEL → BLR,09:35,22:05,12h 30m,1 stop,No info,14151
Air India,21/05/2019,Kolkata,Banglore,CCU → IXR → DEL → BLR,05:50,20:25,14h 35m,2 stops,No info,12303
Air India,3/04/2019,Banglore,Delhi,BLR → DEL,21:05,23:55,2h 50m,non-stop,No info,4441
Jet Airways,27/06/2019,Banglore,Delhi,BLR → DEL,18:55,22:00,3h 5m,non-stop,In-flight meal not included,7229
Jet Airways,9/05/2019,Delhi,Cochin,DEL → JAI → BOM → COK,09:40,12:35 10 May,26h 55m,2 stops,In-flight meal not included,13029
Vistara,21/03/2019,Delhi,Cochin,DEL → COK,14:55,17:50,2h 55m,non-stop,No info,5586
Jet Airways,27/03/2019,Delhi,Cochin,DEL → IDR → BOM → COK,05:25,04:25 28 Mar,23h,2 stops,No info,11664
Jet Airways,3/03/2019,Delhi,Cochin,DEL → UDR → BOM → COK,18:20,18:50 04 Mar,24h 30m,2 stops,No info,20747
Multiple carriers,21/05/2019,Delhi,Cochin,DEL → BOM → COK,10:00,19:15,9h 15m,1 stop,No info,14848
Jet Airways,1/04/2019,Kolkata,Banglore,CCU → BOM → BLR,08:25,23:35,15h 10m,1 stop,In-flight meal not included,7064
IndiGo,18/05/2019,Banglore,Delhi,BLR → DEL,18:25,21:20,2h 55m,non-stop,No info,4823
Jet Airways,12/03/2019,Banglore,New Delhi,BLR → BOM → DEL,21:25,07:40 13 Mar,10h 15m,1 stop,No info,11717
Jet Airways,3/06/2019,Mumbai,Hyderabad,BOM → HYD,10:20,11:50,1h 30m,non-stop,No info,8040
Multiple carriers,3/06/2019,Delhi,Cochin,DEL → BOM → COK,07:00,19:00,12h,1 stop,No info,12402
Vistara,9/05/2019,Kolkata,Banglore,CCU → DEL → BLR,17:00,23:25,6h 25m,1 stop,No info,8085
IndiGo,15/04/2019,Kolkata,Banglore,CCU → HYD → BLR,15:15,20:30,5h 15m,1 stop,No info,4775
SpiceJet,24/03/2019,Kolkata,Banglore,CCU → IXB → BLR,11:15,18:15,7h,1 stop,No info,12287
Vistara,6/03/2019,Mumbai,Hyderabad,BOM → DEL → HYD,10:25,22:55,12h 30m,1 stop,No info,12395
Jet Airways,27/03/2019,Delhi,Cochin,DEL → AMD → BOM → COK,19:10,19:45 28 Mar,24h 35m,2 stops,In-flight meal not included,6643
IndiGo,21/03/2019,Banglore,New Delhi,BLR → DEL,13:00,15:50,2h 50m,non-stop,No info,5694
Jet Airways,12/06/2019,Delhi,Cochin,DEL → NAG → BOM → COK,14:35,12:35 13 Jun,22h,2 stops,No info,13376
Vistara,12/04/2019,Banglore,Delhi,BLR → DEL,09:45,12:35,2h 50m,non-stop,No info,5403
Jet Airways,9/05/2019,Banglore,Delhi,BLR → DEL,19:50,22:50,3h,non-stop,In-flight meal not included,3502
GoAir,24/06/2019,Delhi,Cochin,DEL → BOM → COK,07:00,12:55,5h 55m,1 stop,No info,5281
Jet Airways,18/05/2019,Kolkata,Banglore,CCU → BOM → BLR,21:10,08:15 19 May,11h 5m,1 stop,In-flight meal not included,8586
Air India,15/03/2019,Banglore,New Delhi,BLR → BBI → DEL,09:30,16:20,6h 50m,1 stop,No info,8714
SpiceJet,15/06/2019,Mumbai,Hyderabad,BOM → HYD,13:15,14:45,1h 30m,non-stop,No check-in baggage included,1965
IndiGo,6/05/2019,Delhi,Cochin,DEL → BOM → COK,11:25,01:30 07 May,14h 5m,1 stop,No info,6979
Air India,9/03/2019,Delhi,Cochin,DEL → COK,05:10,08:00,2h 50m,non-stop,No info,5831
Jet Airways,24/05/2019,Mumbai,Hyderabad,BOM → HYD,07:05,08:30,1h 25m,non-stop,In-flight meal not included,4995
Vistara,18/03/2019,Chennai,Kolkata,MAA → CCU,07:05,09:20,2h 15m,non-stop,No info,4842
Multiple carriers,15/05/2019,Delhi,Cochin,DEL → BOM → COK,15:15,01:30 16 May,10h 15m,1 stop,No info,7670
Jet Airways,9/06/2019,Banglore,Delhi,BLR → DEL,15:15,18:10,2h 55m,non-stop,No info,8016
Vistara,27/06/2019,Banglore,Delhi,BLR → DEL,19:30,22:15,2h 45m,non-stop,No info,5088
SpiceJet,9/05/2019,Mumbai,Hyderabad,BOM → HYD,22:45,00:15 10 May,1h 30m,non-stop,No info,2017
Air India,12/05/2019,Chennai,Kolkata,MAA → CCU,11:40,13:55,2h 15m,non-stop,No info,4667
Vistara,9/05/2019,Kolkata,Banglore,CCU → DEL → BLR,17:00,10:45 10 May,17h 45m,1 stop,No info,8452
Multiple carriers,9/06/2019,Delhi,Cochin,DEL → HYD → COK,07:10,16:10,9h,1 stop,No info,6513
Jet Airways,27/03/2019,Delhi,Cochin,DEL → BHO → BOM → COK,05:40,04:25 28 Mar,22h 45m,2 stops,No info,12074
Air India,15/05/2019,Kolkata,Banglore,CCU → GAU → BLR,16:45,21:05 16 May,28h 20m,1 stop,No info,7452
Vistara,18/06/2019,Banglore,Delhi,BLR → DEL,17:00,19:35,2h 35m,non-stop,No info,4878
IndiGo,24/03/2019,Banglore,New Delhi,BLR → DEL,22:20,01:10 28 Mar,2h 50m,non-stop,No info,4377
IndiGo,6/05/2019,Delhi,Cochin,DEL → BOM → COK,07:30,21:00,13h 30m,1 stop,No info,7191
Jet Airways,15/06/2019,Delhi,Cochin,DEL → BOM → COK,11:30,04:25 16 Jun,16h 55m,1 stop,In-flight meal not included,10262
SpiceJet,24/05/2019,Kolkata,Banglore,CCU → MAA → BLR,15:05,20:20,5h 15m,1 stop,No info,4649
SpiceJet,3/06/2019,Kolkata,Banglore,CCU → BLR,22:20,00:40 04 Jun,2h 20m,non-stop,No info,3873
Air India,09/03/2019,Banglore,New Delhi,BLR → COK → DEL,22:00,11:05 13 Mar,13h 5m,1 stop,No info,8425
Vistara,24/05/2019,Kolkata,Banglore,CCU → DEL → BLR,20:20,22:40 25 May,26h 20m,1 stop,No info,8452
Jet Airways,24/06/2019,Delhi,Cochin,DEL → IDR → BOM → COK,05:30,04:25 25 Jun,22h 55m,2 stops,No info,13292
Jet Airways,15/05/2019,Kolkata,Banglore,CCU → DEL → BLR,17:00,22:05 16 May,29h 5m,1 stop,No info,14151
Jet Airways,15/05/2019,Kolkata,Banglore,CCU → BOM → BLR,18:55,16:20 16 May,21h 25m,1 stop,No info,14781
Jet Airways Business,3/03/2019,Delhi,Cochin,DEL → ATQ → BOM → COK,20:05,04:25 04 Mar,8h 20m,2 stops,No info,46490
Air India,27/06/2019,Kolkata,Banglore,CCU → BLR,14:15,16:45,2h 30m,non-stop,No info,5510
GoAir,6/03/2019,Delhi,Cochin,DEL → BOM → COK,14:10,19:20,5h 10m,1 stop,No info,19495
Jet Airways,9/05/2019,Kolkata,Banglore,CCU → BOM → BLR,16:30,10:05 10 May,17h 35m,1 stop,In-flight meal not included,8586
Jet Airways,6/03/2019,Delhi,Cochin,DEL → IDR → BOM → COK,05:25,19:45 07 Mar,38h 20m,2 stops,No info,16914
Jet Airways,1/06/2019,Delhi,Cochin,DEL → BOM → COK,09:00,19:00,10h,1 stop,No info,14714
Air India,12/06/2019,Delhi,Cochin,DEL → BOM → COK,07:00,19:15,12h 15m,1 stop,No info,8669
IndiGo,6/03/2019,Delhi,Cochin,DEL → BOM → COK,17:10,01:35 07 Mar,8h 25m,1 stop,No info,14871
SpiceJet,24/05/2019,Mumbai,Hyderabad,BOM → HYD,22:45,00:15 25 May,1h 30m,non-stop,No check-in baggage included,1965
Multiple carriers,9/03/2019,Delhi,Cochin,DEL → HYD → COK,07:05,16:10,9h 5m,1 stop,No info,6916
Air India,18/05/2019,Delhi,Cochin,DEL → GOI → BOM → COK,22:00,19:15 19 May,21h 15m,2 stops,No info,10441
Jet Airways,6/03/2019,Delhi,Cochin,DEL → BOM → COK,13:55,04:25 07 Mar,14h 30m,1 stop,No info,15764
Jet Airways,9/05/2019,Delhi,Cochin,DEL → BOM → COK,15:00,12:35 10 May,21h 35m,1 stop,In-flight meal not included,12373
Jet Airways,18/05/2019,Kolkata,Banglore,CCU → BOM → BLR,05:45,09:20 19 May,27h 35m,1 stop,No info,14388
Air India,1/06/2019,Delhi,Cochin,DEL → MAA → COK,12:30,09:25 02 Jun,20h 55m,1 stop,No info,7480
Air India,6/03/2019,Delhi,Cochin,DEL → BOM → COK,09:00,19:15,10h 15m,1 stop,No info,15284
Jet Airways,21/03/2019,Mumbai,Hyderabad,BOM → HYD,19:35,21:05,1h 30m,non-stop,No info,5678
IndiGo,15/04/2019,Kolkata,Banglore,CCU → HYD → BLR,15:15,20:05,4h 50m,1 stop,No info,4775
Jet Airways,21/03/2019,Banglore,New Delhi,BLR → BOM → DEL,08:00,23:00,15h,1 stop,In-flight meal not included,7832
IndiGo,1/05/2019,Kolkata,Banglore,CCU → BBI → BLR,19:35,23:15,3h 40m,1 stop,No info,4226
Multiple carriers,9/05/2019,Delhi,Cochin,DEL → BOM → COK,10:00,19:15,9h 15m,1 stop,No info,14323
Jet Airways,15/06/2019,Delhi,Cochin,DEL → NAG → BOM → COK,06:45,04:25 16 Jun,21h 40m,2 stops,In-flight meal not included,10919
IndiGo,6/06/2019,Kolkata,Banglore,CCU → PNQ → BLR,21:00,02:15 07 Jun,5h 15m,1 stop,No info,6711
Air India,1/06/2019,Delhi,Cochin,DEL → JAI → BOM → COK,18:45,19:15 02 Jun,24h 30m,2 stops,No info,12940
IndiGo,03/03/2019,Banglore,New Delhi,BLR → DEL,16:55,19:45,2h 50m,non-stop,No info,8855
Air India,12/03/2019,Banglore,New Delhi,BLR → BOM → DEL,08:50,23:15,14h 25m,1 stop,No info,12127
Jet Airways,1/05/2019,Kolkata,Banglore,CCU → BOM → BLR,16:30,23:35,7h 5m,1 stop,No info,14781
Multiple carriers,27/05/2019,Delhi,Cochin,DEL → BOM → COK,04:55,19:00,14h 5m,1 stop,No info,11573
Air India,1/04/2019,Kolkata,Banglore,CCU → BOM → BLR,16:50,07:55 02 Apr,15h 5m,1 stop,No info,7893
Multiple carriers,18/05/2019,Delhi,Cochin,DEL → BOM → COK,08:00,21:00,13h,1 stop,No info,8073
Air India,15/06/2019,Delhi,Cochin,DEL → BLR → COK,17:40,23:00,5h 20m,1 stop,No info,7384
IndiGo,15/03/2019,Banglore,New Delhi,BLR → DEL,23:30,02:20 16 Mar,2h 50m,non-stop,No info,8033
IndiGo,18/06/2019,Banglore,Delhi,BLR → DEL,05:30,08:20,2h 50m,non-stop,No info,3943
Air India,15/06/2019,Banglore,Delhi,BLR → DEL,21:05,23:55,2h 50m,non-stop,No info,5228
IndiGo,6/05/2019,Kolkata,Banglore,CCU → PAT → BLR,09:20,14:15,4h 55m,1 stop,No info,11319
Air India,18/03/2019,Banglore,New Delhi,BLR → BOM → UDR → DEL,06:45,16:30 16 Mar,33h 45m,2 stops,No info,10835
Multiple carriers,21/03/2019,Delhi,Cochin,DEL → BOM → COK,10:00,01:35 22 Mar,15h 35m,1 stop,No info,8098
Jet Airways,06/03/2019,Banglore,New Delhi,BLR → BOM → DEL,05:45,12:25,6h 40m,1 stop,No info,22270
Jet Airways,27/06/2019,Delhi,Cochin,DEL → BOM → COK,21:50,04:25 28 Jun,6h 35m,1 stop,In-flight meal not included,12898
Jet Airways,21/05/2019,Delhi,Cochin,DEL → JAI → BOM → COK,19:30,04:25 22 May,8h 55m,2 stops,No info,15129
Jet Airways,15/06/2019,Delhi,Cochin,DEL → BOM → COK,19:15,12:35 16 Jun,17h 20m,1 stop,In-flight meal not included,10262
Jet Airways,9/06/2019,Delhi,Cochin,DEL → BOM → COK,13:00,19:00,6h,1 stop,In-flight meal not included,10262
Jet Airways,3/06/2019,Delhi,Cochin,DEL → IDR → BOM → COK,21:25,12:35 04 Jun,15h 10m,2 stops,No info,13292
IndiGo,21/03/2019,Delhi,Cochin,DEL → HYD → COK,07:35,16:10,8h 35m,1 stop,No info,6558
Multiple carriers,27/05/2019,Delhi,Cochin,DEL → BOM → COK,09:00,21:00,12h,1 stop,No info,13587
Jet Airways,1/05/2019,Kolkata,Banglore,CCU → DEL → BLR,09:35,22:05,12h 30m,1 stop,No info,12121
Multiple carriers,1/06/2019,Delhi,Cochin,DEL → BOM → COK,16:00,01:30 02 Jun,9h 30m,1 stop,No info,13377
Air India,3/06/2019,Delhi,Cochin,DEL → MAA → COK,20:40,09:25 04 Jun,12h 45m,1 stop,No info,7480
Jet Airways,12/06/2019,Delhi,Cochin,DEL → JAI → BOM → COK,09:40,04:25 13 Jun,18h 45m,2 stops,In-flight meal not included,10368
GoAir,9/06/2019,Banglore,Delhi,BLR → DEL,20:55,23:40,2h 45m,non-stop,No info,3898
SpiceJet,24/03/2019,Chennai,Kolkata,MAA → CCU,08:20,10:35,2h 15m,non-stop,No check-in baggage included,3807
SpiceJet,9/06/2019,Kolkata,Banglore,CCU → BLR,17:10,19:40,2h 30m,non-stop,No info,4174
Jet Airways,18/03/2019,Banglore,New Delhi,BLR → BOM → DEL,22:50,08:15 16 Mar,9h 25m,1 stop,In-flight meal not included,11087
Multiple carriers,15/06/2019,Delhi,Cochin,DEL → HYD → COK,07:10,22:30,15h 20m,1 stop,In-flight meal not included,6093
Air India,18/05/2019,Delhi,Cochin,DEL → CCU → BOM → COK,06:50,07:40 19 May,24h 50m,2 stops,No info,13591
Air India,24/05/2019,Kolkata,Banglore,CCU → DEL → AMD → BLR,10:00,05:25 25 May,19h 25m,2 stops,No info,15107
Jet Airways,6/05/2019,Kolkata,Banglore,CCU → DEL → BLR,20:25,23:35 07 May,27h 10m,1 stop,In-flight meal not included,8066
Air India,9/06/2019,Delhi,Cochin,DEL → COK,14:10,17:10,3h,non-stop,No info,6094
IndiGo,03/03/2019,Banglore,New Delhi,BLR → DEL,04:00,06:50,2h 50m,non-stop,No info,6144
Jet Airways,12/06/2019,Delhi,Cochin,DEL → NAG → BOM → COK,06:45,04:25 13 Jun,21h 40m,2 stops,No info,13376
Vistara,18/05/2019,Chennai,Kolkata,MAA → CCU,07:05,09:20,2h 15m,non-stop,No info,3687
Jet Airways,18/03/2019,Banglore,New Delhi,BLR → BOM → DEL,11:40,05:05 16 Mar,17h 25m,1 stop,In-flight meal not included,11087
IndiGo,15/03/2019,Kolkata,Banglore,CCU → BLR,22:10,00:55 16 Mar,2h 45m,non-stop,No info,4148
Air India,6/05/2019,Kolkata,Banglore,CCU → BBI → BOM → BLR,12:00,18:30 07 May,30h 30m,2 stops,No info,10151
IndiGo,27/05/2019,Delhi,Cochin,DEL → BOM → COK,10:35,21:00,10h 25m,1 stop,No info,6314
Jet Airways,24/03/2019,Kolkata,Banglore,CCU → BOM → BLR,16:55,18:10 25 Mar,25h 15m,1 stop,In-flight meal not included,11134
Jet Airways,6/03/2019,Mumbai,Hyderabad,BOM → DED → DEL → HYD,14:20,16:50 07 Mar,26h 30m,2 stops,No info,24115
IndiGo,21/05/2019,Kolkata,Banglore,CCU → BBI → BLR,19:55,23:50,3h 55m,1 stop,No info,4226
Jet Airways,24/05/2019,Kolkata,Banglore,CCU → BOM → BLR,20:00,12:00 25 May,16h,1 stop,No info,14571
Jet Airways,12/03/2019,Banglore,New Delhi,BLR → BOM → DEL,05:45,12:15,6h 30m,1 stop,No info,17524
Jet Airways,27/06/2019,Delhi,Cochin,DEL → BOM → COK,22:50,19:00 28 Jun,20h 10m,1 stop,In-flight meal not included,10262
Jet Airways,9/05/2019,Delhi,Cochin,DEL → BOM → COK,10:00,19:00,9h,1 stop,No info,15554
Multiple carriers,21/03/2019,Delhi,Cochin,DEL → HYD → COK,07:05,22:20,15h 15m,1 stop,No info,6717
Air Asia,1/06/2019,Delhi,Cochin,DEL → BLR → COK,07:55,22:25,14h 30m,1 stop,No info,8759
Jet Airways,06/03/2019,Banglore,New Delhi,BLR → BOM → DEL,08:55,09:00 07 Mar,24h 5m,1 stop,No info,15025
SpiceJet,18/06/2019,Kolkata,Banglore,CCU → BLR,09:00,11:25,2h 25m,non-stop,No info,3873
Jet Airways,1/05/2019,Kolkata,Banglore,CCU → DEL → BLR,20:25,09:45 02 May,13h 20m,1 stop,No info,11467
Jet Airways,27/03/2019,Delhi,Cochin,DEL → BOM → COK,11:30,04:25 28 Mar,16h 55m,1 stop,No info,12242
Jet Airways,12/06/2019,Delhi,Cochin,DEL → IDR → BOM → COK,05:30,19:00,13h 30m,2 stops,In-flight meal not included,11507
SpiceJet,21/06/2019,Kolkata,Banglore,CCU → BLR,09:00,11:25,2h 25m,non-stop,No info,3873
IndiGo,3/06/2019,Banglore,Delhi,BLR → DEL,16:55,19:55,3h,non-stop,No info,4823
Jet Airways,1/06/2019,Delhi,Cochin,DEL → BOM → COK,22:50,12:35 02 Jun,13h 45m,1 stop,No info,14714
Vistara,9/05/2019,Banglore,Delhi,BLR → DEL,07:00,09:40,2h 40m,non-stop,No info,4668
Multiple carriers,1/06/2019,Delhi,Cochin,DEL → BOM → COK,03:50,19:00,15h 10m,1 stop,No info,12192
Multiple carriers,15/06/2019,Delhi,Cochin,DEL → BOM → COK,15:00,01:30 16 Jun,10h 30m,1 stop,No info,13377
Jet Airways,27/05/2019,Delhi,Cochin,DEL → ATQ → BOM → COK,20:00,04:25 28 May,8h 25m,2 stops,No info,16263
Air India,27/05/2019,Delhi,Cochin,DEL → BOM → COK,07:00,19:15,12h 15m,1 stop,No info,9929
SpiceJet,12/06/2019,Mumbai,Hyderabad,BOM → HYD,05:45,07:15,1h 30m,non-stop,No info,2753
SpiceJet,12/06/2019,Kolkata,Banglore,CCU → BLR,17:10,19:40,2h 30m,non-stop,No info,4174
Jet Airways,9/04/2019,Banglore,Delhi,BLR → DEL,11:10,14:05,2h 55m,non-stop,In-flight meal not included,4544
Jet Airways,18/05/2019,Kolkata,Banglore,CCU → BOM → BLR,20:00,08:15 19 May,12h 15m,1 stop,No info,13941
Jet Airways,18/05/2019,Mumbai,Hyderabad,BOM → HYD,07:05,08:30,1h 25m,non-stop,No info,5678
IndiGo,6/05/2019,Delhi,Cochin,DEL → HYD → COK,14:20,22:30,8h 10m,1 stop,No info,7054
Jet Airways,21/05/2019,Banglore,Delhi,BLR → DEL,17:45,20:45,3h,non-stop,No info,7229
Jet Airways,15/05/2019,Kolkata,Banglore,CCU → BOM → BLR,20:00,04:40 16 May,8h 40m,1 stop,In-flight meal not included,8586
Jet Airways,15/03/2019,Banglore,New Delhi,BLR → BOM → DEL,08:55,16:10,7h 15m,1 stop,In-flight meal not included,9134
Jet Airways,15/06/2019,Delhi,Cochin,DEL → BOM → COK,08:00,19:00,11h,1 stop,No info,14714
Vistara,27/04/2019,Banglore,Delhi,BLR → DEL,07:00,09:40,2h 40m,non-stop,No info,5613
Jet Airways,24/06/2019,Delhi,Cochin,DEL → COK,11:00,14:15,3h 15m,non-stop,No info,9564
Air India,9/03/2019,Delhi,Cochin,DEL → BOM → COK,04:00,07:40 10 Mar,27h 40m,1 stop,No info,10315
Jet Airways,3/06/2019,Delhi,Cochin,DEL → BOM → COK,20:55,19:00 04 Jun,22h 5m,1 stop,In-flight meal not included,10262
Jet Airways,24/06/2019,Delhi,Cochin,DEL → BOM → COK,19:15,04:25 25 Jun,9h 10m,1 stop,In-flight meal not included,10262
IndiGo,6/06/2019,Delhi,Cochin,DEL → BOM → COK,15:00,01:30 07 Jun,10h 30m,1 stop,No info,5883
IndiGo,6/03/2019,Delhi,Cochin,DEL → COK,05:35,08:50,3h 15m,non-stop,No info,7673
Jet Airways,15/06/2019,Delhi,Cochin,DEL → BOM → COK,13:00,19:00,6h,1 stop,No info,14714
Jet Airways,27/04/2019,Banglore,Delhi,BLR → DEL,11:10,14:05,2h 55m,non-stop,No info,7229
Multiple carriers,3/06/2019,Delhi,Cochin,DEL → BOM → COK,13:00,21:00,8h,1 stop,No info,7408
Jet Airways,21/05/2019,Delhi,Cochin,DEL → BOM → COK,19:45,19:00 22 May,23h 15m,1 stop,In-flight meal not included,12898
Air India,27/03/2019,Delhi,Cochin,DEL → HYD → MAA → COK,09:45,09:25 28 Mar,23h 40m,2 stops,No info,7090
Air India,9/06/2019,Kolkata,Banglore,CCU → MAA → BLR,14:35,14:35 10 Jun,24h,1 stop,No info,6528
Air India,15/06/2019,Delhi,Cochin,DEL → AMD → BOM → COK,19:45,19:15 16 Jun,23h 30m,2 stops,No info,9653
Jet Airways,12/05/2019,Kolkata,Banglore,CCU → DEL → BLR,20:25,23:35 13 May,27h 10m,1 stop,No info,10953
GoAir,12/04/2019,Banglore,Delhi,BLR → DEL,07:45,10:40,2h 55m,non-stop,No info,6722
IndiGo,27/04/2019,Delhi,Cochin,DEL → BOM → COK,16:00,21:00,5h,1 stop,No info,6937
Jet Airways,21/05/2019,Kolkata,Banglore,CCU → BOM → BLR,06:30,10:05 22 May,27h 35m,1 stop,No info,13941
Jet Airways,27/06/2019,Delhi,Cochin,DEL → AMD → BOM → COK,23:05,19:00 28 Jun,19h 55m,2 stops,In-flight meal not included,11150
Air India,15/03/2019,Banglore,New Delhi,BLR → CCU → BBI → DEL,05:50,16:20,10h 30m,2 stops,No info,7664
SpiceJet,21/03/2019,Kolkata,Banglore,CCU → BLR,22:20,00:40 22 Mar,2h 20m,non-stop,No info,3847
Multiple carriers,3/03/2019,Delhi,Cochin,DEL → BOM → COK,10:20,01:35 04 Mar,15h 15m,1 stop,No info,15147
Jet Airways,1/06/2019,Delhi,Cochin,DEL → NAG → BOM → COK,06:45,04:25 02 Jun,21h 40m,2 stops,No info,13376
Multiple carriers,6/03/2019,Delhi,Cochin,DEL → BOM → COK,08:55,15:30,6h 35m,1 stop,No info,15147
Air India,18/03/2019,Banglore,New Delhi,BLR → BOM → BHO → DEL,08:50,23:25,14h 35m,2 stops,No info,11728
Jet Airways,6/06/2019,Kolkata,Banglore,CCU → BOM → BLR,16:30,23:35,7h 5m,1 stop,In-flight meal not included,10844
Air India,18/04/2019,Banglore,Delhi,BLR → DEL,06:10,08:55,2h 45m,non-stop,No info,5228
Air India,24/03/2019,Kolkata,Banglore,CCU → BOM → GOI → BLR,09:25,05:35 25 Mar,20h 10m,2 stops,No info,13349
Vistara,6/05/2019,Kolkata,Banglore,CCU → DEL → BLR,07:10,09:05 07 May,25h 55m,1 stop,No info,8137
IndiGo,6/06/2019,Banglore,Delhi,BLR → DEL,21:15,00:15 07 Jun,3h,non-stop,No info,3943
Jet Airways,9/06/2019,Banglore,Delhi,BLR → DEL,17:45,20:45,3h,non-stop,In-flight meal not included,7229
Jet Airways,21/06/2019,Delhi,Cochin,DEL → COK,11:00,14:15,3h 15m,non-stop,In-flight meal not included,4256
IndiGo,21/03/2019,Delhi,Cochin,DEL → BOM → COK,16:00,01:35 22 Mar,9h 35m,1 stop,No info,9264
SpiceJet,9/06/2019,Banglore,Delhi,BLR → DEL,21:10,00:05 10 Jun,2h 55m,non-stop,No check-in baggage included,3919
Jet Airways,21/05/2019,Delhi,Cochin,DEL → BOM → COK,20:55,12:35 22 May,15h 40m,1 stop,In-flight meal not included,12898
SpiceJet,9/06/2019,Chennai,Kolkata,MAA → CCU,17:45,20:05,2h 20m,non-stop,No info,3597
Jet Airways,9/06/2019,Delhi,Cochin,DEL → BOM → COK,11:30,04:25 10 Jun,16h 55m,1 stop,In-flight meal not included,10262
SpiceJet,1/04/2019,Kolkata,Banglore,CCU → PNQ → BLR,08:35,17:15,8h 40m,1 stop,No info,6013
IndiGo,01/03/2019,Banglore,New Delhi,BLR → DEL,18:25,21:20,2h 55m,non-stop,No info,12649
Jet Airways,27/03/2019,Delhi,Cochin,DEL → BOM → COK,15:05,04:25 28 Mar,13h 20m,1 stop,In-flight meal not included,6017
Jet Airways,06/03/2019,Banglore,New Delhi,BLR → BOM → DEL,11:40,07:40 07 Mar,20h,1 stop,No info,16736
IndiGo,03/03/2019,Banglore,New Delhi,BLR → DEL,10:05,13:00,2h 55m,non-stop,No info,7648
Jet Airways,06/03/2019,Banglore,New Delhi,BLR → BOM → DEL,14:05,00:45 07 Mar,10h 40m,1 stop,No info,14815
Jet Airways,21/05/2019,Banglore,Delhi,BLR → DEL,06:00,08:45,2h 45m,non-stop,No info,7229
IndiGo,6/06/2019,Chennai,Kolkata,MAA → CCU,19:35,21:55,2h 20m,non-stop,No info,3597
Vistara,24/03/2019,Banglore,New Delhi,BLR → DEL,19:40,22:20,2h 40m,non-stop,No info,4563
Air India,21/03/2019,Delhi,Cochin,DEL → BLR → COK,17:45,23:00,5h 15m,1 stop,No info,5704
Multiple carriers,15/06/2019,Delhi,Cochin,DEL → HYD → COK,07:05,16:10,9h 5m,1 stop,No info,9646
Jet Airways,24/03/2019,Banglore,New Delhi,BLR → DEL,08:20,11:15,2h 55m,non-stop,No info,7229
Air India,18/05/2019,Kolkata,Banglore,CCU → BOM → GOI → BLR,16:50,05:35 19 May,12h 45m,2 stops,No info,11642
IndiGo,18/06/2019,Banglore,Delhi,BLR → DEL,16:55,19:55,3h,non-stop,No info,4823
Air India,12/03/2019,Mumbai,Hyderabad,BOM → DEL → HYD,21:00,19:25 13 Mar,22h 25m,1 stop,No info,10943
SpiceJet,18/06/2019,Mumbai,Hyderabad,BOM → HYD,22:45,00:15 19 Jun,1h 30m,non-stop,No check-in baggage included,1965
Jet Airways,12/06/2019,Delhi,Cochin,DEL → BOM → COK,16:00,12:35 13 Jun,20h 35m,1 stop,In-flight meal not included,10262
Air India,9/06/2019,Delhi,Cochin,DEL → BLR → COK,09:45,23:00,13h 15m,1 stop,No info,8907
GoAir,24/04/2019,Banglore,Delhi,BLR → DEL,11:40,14:30,2h 50m,non-stop,No info,3898
Jet Airways,1/05/2019,Kolkata,Banglore,CCU → DEL → BLR,09:35,19:10,9h 35m,1 stop,In-flight meal not included,9314
Air India,1/05/2019,Kolkata,Banglore,CCU → IXR → DEL → BLR,05:50,08:55 02 May,27h 5m,2 stops,No info,10991
Multiple carriers,9/06/2019,Delhi,Cochin,DEL → BOM → COK,14:00,01:30 10 Jun,11h 30m,1 stop,No info,13377
Air India,27/05/2019,Delhi,Cochin,DEL → GOI → BOM → COK,10:55,07:40 28 May,20h 45m,2 stops,No info,13643
Air India,6/06/2019,Delhi,Cochin,DEL → BOM → COK,07:00,19:15,12h 15m,1 stop,No info,8669
Multiple carriers,9/05/2019,Delhi,Cochin,DEL → BOM → COK,09:00,21:00,12h,1 stop,No info,13727
Jet Airways,1/04/2019,Kolkata,Banglore,CCU → BOM → BLR,16:30,08:15 02 Apr,15h 45m,1 stop,In-flight meal not included,7064
Jet Airways,9/06/2019,Delhi,Cochin,DEL → LKO → BOM → COK,11:45,12:35 10 Jun,24h 50m,2 stops,No info,13882
Vistara,15/04/2019,Delhi,Cochin,DEL → COK,06:00,09:10,3h 10m,non-stop,No info,6216
Air India,24/06/2019,Delhi,Cochin,DEL → MAA → COK,17:20,09:25 25 Jun,16h 5m,1 stop,No info,7480
Jet Airways,9/05/2019,Banglore,Delhi,BLR → DEL,06:00,08:45,2h 45m,non-stop,In-flight meal not included,4030
IndiGo,6/03/2019,Delhi,Cochin,DEL → BOM → COK,06:40,21:00,14h 20m,1 stop,No info,14871
IndiGo,9/04/2019,Delhi,Cochin,DEL → BOM → COK,09:15,01:30 10 Apr,16h 15m,1 stop,No info,6573
Jet Airways,9/06/2019,Kolkata,Banglore,CCU → BOM → BLR,06:30,19:50,13h 20m,1 stop,In-flight meal not included,10844
Jet Airways,18/03/2019,Banglore,New Delhi,BLR → BOM → DEL,14:05,20:20,6h 15m,1 stop,No info,13555
Air India,9/04/2019,Delhi,Cochin,DEL → BOM → COK,07:00,19:15,12h 15m,1 stop,No info,6674
IndiGo,27/06/2019,Delhi,Cochin,DEL → BOM → COK,07:30,21:00,13h 30m,1 stop,No info,6093
IndiGo,21/05/2019,Mumbai,Hyderabad,BOM → HYD,16:55,18:25,1h 30m,non-stop,No info,3175
IndiGo,1/05/2019,Mumbai,Hyderabad,BOM → HYD,09:10,10:40,1h 30m,non-stop,No info,4575
Jet Airways,12/04/2019,Banglore,Delhi,BLR → DEL,07:10,10:10,3h,non-stop,In-flight meal not included,5198
IndiGo,18/05/2019,Kolkata,Banglore,CCU → BBI → BLR,19:35,23:15,3h 40m,1 stop,No info,4226
IndiGo,21/06/2019,Chennai,Kolkata,MAA → CCU,14:45,17:05,2h 20m,non-stop,No info,3597
SpiceJet,15/05/2019,Kolkata,Banglore,CCU → BLR,17:10,19:40,2h 30m,non-stop,No info,4174
IndiGo,21/05/2019,Delhi,Cochin,DEL → LKO → COK,21:50,03:35 22 May,5h 45m,1 stop,No info,7189
Jet Airways,27/05/2019,Delhi,Cochin,DEL → AMD → BOM → COK,23:05,19:00 28 May,19h 55m,2 stops,No info,15129
Multiple carriers,21/03/2019,Delhi,Cochin,DEL → BOM → COK,08:00,15:30,7h 30m,1 stop,No info,8307
SpiceJet,12/06/2019,Kolkata,Banglore,CCU → PNQ → BLR,08:35,17:15,8h 40m,1 stop,No info,7189
IndiGo,24/06/2019,Kolkata,Banglore,CCU → BLR,15:30,18:05,2h 35m,non-stop,No info,4804
Air India,15/05/2019,Delhi,Cochin,DEL → TRV → COK,05:15,06:50 16 May,25h 35m,1 stop,No info,8425
Air India,24/06/2019,Delhi,Cochin,DEL → GOI → BOM → COK,22:00,19:15 25 Jun,21h 15m,2 stops,No info,9181
Jet Airways,6/06/2019,Delhi,Cochin,DEL → JAI → BOM → COK,09:40,04:25 07 Jun,18h 45m,2 stops,In-flight meal not included,10368
SpiceJet,6/05/2019,Mumbai,Hyderabad,BOM → HYD,05:45,07:15,1h 30m,non-stop,No info,2017
Jet Airways,21/05/2019,Kolkata,Banglore,CCU → BOM → BLR,14:05,10:05 22 May,20h,1 stop,No info,14388
IndiGo,27/03/2019,Delhi,Cochin,DEL → BOM → COK,15:00,01:35 28 Mar,10h 35m,1 stop,No info,8075
Multiple carriers,27/03/2019,Delhi,Cochin,DEL → BOM → COK,13:00,21:00,8h,1 stop,No info,6883
Air India,12/06/2019,Mumbai,Hyderabad,BOM → HYD,13:55,15:25,1h 30m,non-stop,No info,3100
IndiGo,21/05/2019,Kolkata,Banglore,CCU → RPR → HYD → BLR,06:35,12:10,5h 35m,2 stops,No info,6103
Multiple carriers,3/06/2019,Delhi,Cochin,DEL → BOM → COK,07:00,21:00,14h,1 stop,No info,7618
SpiceJet,1/05/2019,Kolkata,Banglore,CCU → BLR,06:55,09:30,2h 35m,non-stop,No info,3873
Jet Airways,24/06/2019,Delhi,Cochin,DEL → BOM → COK,09:00,04:25 25 Jun,19h 25m,1 stop,In-flight meal not included,10262
Jet Airways,9/06/2019,Delhi,Cochin,DEL → JAI → BOM → COK,05:30,04:25 10 Jun,22h 55m,2 stops,In-flight meal not included,10368
Jet Airways,24/03/2019,Banglore,New Delhi,BLR → DEL,11:10,14:05,2h 55m,non-stop,No info,7229
Jet Airways,21/03/2019,Delhi,Cochin,DEL → BOM → COK,11:30,18:50,7h 20m,1 stop,No info,13244
Jet Airways,24/03/2019,Kolkata,Banglore,CCU → BOM → BLR,13:55,20:40,6h 45m,1 stop,In-flight meal not included,11134
Jet Airways,1/06/2019,Delhi,Cochin,DEL → BOM → COK,17:30,12:35 02 Jun,19h 5m,1 stop,In-flight meal not included,10262
Jet Airways,24/05/2019,Kolkata,Banglore,CCU → BOM → BLR,08:25,16:20,7h 55m,1 stop,No info,14571
IndiGo,27/03/2019,Delhi,Cochin,DEL → HYD → COK,07:35,16:10,8h 35m,1 stop,No info,6442
Jet Airways,06/03/2019,Banglore,New Delhi,BLR → BOM → DEL,22:50,20:20 07 Mar,21h 30m,1 stop,No info,17471
Multiple carriers,27/03/2019,Delhi,Cochin,DEL → BOM → COK,04:00,13:20,9h 20m,1 stop,No info,6305
IndiGo,18/05/2019,Banglore,Delhi,BLR → DEL,08:30,11:20,2h 50m,non-stop,No info,4823
Jet Airways,21/03/2019,Banglore,New Delhi,BLR → BOM → DEL,11:40,21:20,9h 40m,1 stop,In-flight meal not included,7832
SpiceJet,12/05/2019,Mumbai,Hyderabad,BOM → HYD,13:15,14:45,1h 30m,non-stop,No info,2227
IndiGo,15/06/2019,Delhi,Cochin,DEL → BLR → COK,05:10,10:05,4h 55m,1 stop,No info,7010
IndiGo,24/03/2019,Kolkata,Banglore,CCU → BLR,10:10,12:55,2h 45m,non-stop,No info,6565
IndiGo,9/05/2019,Banglore,Delhi,BLR → DEL,01:30,04:15,2h 45m,non-stop,No info,3419
Air India,09/03/2019,Banglore,New Delhi,BLR → DEL,13:20,16:10,2h 50m,non-stop,No info,8851
Jet Airways,24/04/2019,Banglore,Delhi,BLR → DEL,07:10,10:10,3h,non-stop,In-flight meal not included,6144
Air India,21/03/2019,Delhi,Cochin,DEL → HYD → MAA → COK,09:45,09:25 22 Mar,23h 40m,2 stops,No info,8140
Vistara,1/04/2019,Banglore,Delhi,BLR → DEL,09:45,12:35,2h 50m,non-stop,No info,5403
Multiple carriers,9/04/2019,Delhi,Cochin,DEL → BOM → COK,06:00,13:20,7h 20m,1 stop,No info,8323
Jet Airways,21/03/2019,Delhi,Cochin,DEL → JAI → BOM → COK,05:30,18:50,13h 20m,2 stops,No info,11702
Jet Airways,9/05/2019,Kolkata,Banglore,CCU → BOM → BLR,14:05,20:45,6h 40m,1 stop,No info,14781
Vistara,6/06/2019,Kolkata,Banglore,CCU → DEL → BLR,07:10,09:05 07 Jun,25h 55m,1 stop,No info,8452
IndiGo,09/03/2019,Banglore,New Delhi,BLR → HYD → DEL,07:30,12:20,4h 50m,1 stop,No info,5694
Jet Airways,01/03/2019,Banglore,New Delhi,BLR → BOM → DEL,08:55,05:05 02 Mar,20h 10m,1 stop,1 Long layover,26890
Air India,9/05/2019,Kolkata,Banglore,CCU → HYD → BLR,19:00,11:05 10 May,16h 5m,1 stop,No info,6117
SpiceJet,15/06/2019,Kolkata,Banglore,CCU → BLR,09:00,11:25,2h 25m,non-stop,No info,3873
Multiple carriers,6/03/2019,Delhi,Cochin,DEL → BOM → COK,08:25,18:50,10h 25m,1 stop,No info,15135
IndiGo,12/06/2019,Banglore,Delhi,BLR → DEL,06:05,08:50,2h 45m,non-stop,No info,3943
Jet Airways,27/05/2019,Delhi,Cochin,DEL → JAI → BOM → COK,09:40,12:35 28 May,26h 55m,2 stops,No info,15129
Multiple carriers,27/05/2019,Delhi,Cochin,DEL → BOM → COK,09:00,19:15,10h 15m,1 stop,No info,15898
Vistara,12/06/2019,Banglore,Delhi,BLR → DEL,21:00,23:50,2h 50m,non-stop,No info,4668
Vistara,9/06/2019,Kolkata,Banglore,CCU → DEL → BLR,17:00,20:20 10 Jun,27h 20m,1 stop,No info,8610
Jet Airways,24/06/2019,Delhi,Cochin,DEL → BOM → COK,14:00,12:35 25 Jun,22h 35m,1 stop,In-flight meal not included,10262
IndiGo,24/06/2019,Delhi,Cochin,DEL → BLR → COK,05:10,10:05,4h 55m,1 stop,No info,6496
IndiGo,21/03/2019,Chennai,Kolkata,MAA → CCU,05:15,07:35,2h 20m,non-stop,No info,4326
IndiGo,6/04/2019,Banglore,Delhi,BLR → DEL,07:10,10:05,2h 55m,non-stop,No info,4823
Air India,6/06/2019,Kolkata,Banglore,CCU → IXR → DEL → BLR,05:50,20:25,14h 35m,2 stops,No info,10991
Multiple carriers,9/06/2019,Delhi,Cochin,DEL → BOM → COK,14:00,21:00,7h,1 stop,No info,13587
Air India,18/05/2019,Kolkata,Banglore,CCU → MAA → BLR,14:35,14:35 19 May,24h,1 stop,No info,6528
Jet Airways,18/05/2019,Kolkata,Banglore,CCU → BOM → BLR,05:45,18:15,12h 30m,1 stop,No info,14781
Jet Airways,21/03/2019,Delhi,Cochin,DEL → BOM → COK,20:50,04:25 22 Mar,7h 35m,1 stop,In-flight meal not included,9212
IndiGo,24/06/2019,Chennai,Kolkata,MAA → CCU,07:55,10:15,2h 20m,non-stop,No info,3850
Jet Airways,12/06/2019,Delhi,Cochin,DEL → BOM → COK,08:00,19:00,11h,1 stop,No info,14924
IndiGo,21/03/2019,Mumbai,Hyderabad,BOM → HYD,02:30,04:00,1h 30m,non-stop,No info,3603
IndiGo,24/06/2019,Mumbai,Hyderabad,BOM → HYD,19:05,20:35,1h 30m,non-stop,No info,2754
Air Asia,6/06/2019,Banglore,Delhi,BLR → DEL,04:55,07:45,2h 50m,non-stop,No info,4282
IndiGo,21/05/2019,Kolkata,Banglore,CCU → BLR,17:15,19:50,2h 35m,non-stop,No info,4804
Multiple carriers,3/03/2019,Delhi,Cochin,DEL → IDR → BOM → COK,15:05,01:35 04 Mar,10h 30m,2 stops,No info,34503
SpiceJet,21/06/2019,Banglore,Delhi,BLR → DEL,05:55,08:35,2h 40m,non-stop,No check-in baggage included,3919
Air India,6/03/2019,Delhi,Cochin,DEL → JAI → BOM → COK,12:00,07:40 07 Mar,19h 40m,2 stops,No info,14746
Jet Airways,1/06/2019,Delhi,Cochin,DEL → BOM → COK,17:30,19:00 02 Jun,25h 30m,1 stop,In-flight meal not included,10262
Jet Airways,9/06/2019,Kolkata,Banglore,CCU → BOM → BLR,06:30,19:50,13h 20m,1 stop,No info,14571
Jet Airways,15/05/2019,Kolkata,Banglore,CCU → DEL → BLR,09:35,14:25 16 May,28h 50m,1 stop,No info,11467
Jet Airways,12/06/2019,Kolkata,Banglore,CCU → DEL → BLR,09:35,18:00,8h 25m,1 stop,No info,12692
IndiGo,24/03/2019,Banglore,New Delhi,BLR → DEL,13:00,15:50,2h 50m,non-stop,No info,5694
Jet Airways,18/03/2019,Mumbai,Hyderabad,BOM → HYD,10:20,11:50,1h 30m,non-stop,In-flight meal not included,4160
Jet Airways,15/06/2019,Delhi,Cochin,DEL → BOM → COK,19:45,12:35 16 Jun,16h 50m,1 stop,In-flight meal not included,10262
IndiGo,01/03/2019,Banglore,New Delhi,BLR → HYD → DEL,16:15,20:35,4h 20m,1 stop,No Info,7917
Jet Airways,21/05/2019,Kolkata,Banglore,CCU → DEL → BLR,09:35,22:05,12h 30m,1 stop,No info,13067
Air Asia,27/03/2019,Delhi,Cochin,DEL → BLR → COK,16:45,07:10 28 Mar,14h 25m,1 stop,No info,6151
Vistara,21/04/2019,Banglore,Delhi,BLR → DEL,09:45,12:35,2h 50m,non-stop,No info,5403
Multiple carriers,9/05/2019,Delhi,Cochin,DEL → BOM → COK,10:35,19:15,8h 40m,1 stop,No info,7575
IndiGo,6/06/2019,Banglore,Delhi,BLR → DEL,23:30,02:20 07 Jun,2h 50m,non-stop,No info,4591
Multiple carriers,27/06/2019,Delhi,Cochin,DEL → BOM → COK,11:30,19:15,7h 45m,1 stop,No info,14848
Air India,21/03/2019,Delhi,Cochin,DEL → COK,18:05,21:10,3h 5m,non-stop,No info,5674
Jet Airways,12/06/2019,Kolkata,Banglore,CCU → BOM → BLR,16:30,23:35,7h 5m,1 stop,No info,13626
Jet Airways,24/06/2019,Delhi,Cochin,DEL → JAI → BOM → COK,09:40,04:25 25 Jun,18h 45m,2 stops,In-flight meal not included,10368
Air India,24/03/2019,Kolkata,Banglore,CCU → BOM → COK → BLR,09:25,01:20 25 Mar,15h 55m,2 stops,No info,11853
IndiGo,18/05/2019,Mumbai,Hyderabad,BOM → HYD,12:00,13:30,1h 30m,non-stop,No info,2754
Jet Airways,27/03/2019,Delhi,Cochin,DEL → BOM → COK,02:15,04:25 28 Mar,26h 10m,1 stop,No info,12242
Multiple carriers,21/03/2019,Delhi,Cochin,DEL → BOM → COK,13:00,21:00,8h,1 stop,No info,13062
IndiGo,9/05/2019,Delhi,Cochin,DEL → BOM → COK,18:35,01:30 10 May,6h 55m,1 stop,No info,8542
SpiceJet,18/03/2019,Mumbai,Hyderabad,BOM → HYD,05:45,07:05,1h 20m,non-stop,No check-in baggage included,2385
Jet Airways,1/04/2019,Kolkata,Banglore,CCU → BOM → BLR,06:30,04:40 02 Apr,22h 10m,1 stop,In-flight meal not included,7064
Jet Airways,9/04/2019,Banglore,Delhi,BLR → DEL,06:00,08:45,2h 45m,non-stop,In-flight meal not included,4544
SpiceJet,18/06/2019,Banglore,Delhi,BLR → DEL,09:30,12:20,2h 50m,non-stop,No check-in baggage included,3257
Multiple carriers,6/03/2019,Delhi,Cochin,DEL → BOM → COK,10:00,18:50,8h 50m,1 stop,No info,16497
SpiceJet,3/05/2019,Kolkata,Banglore,CCU → BLR,17:10,19:40,2h 30m,non-stop,No check-in baggage included,3841
Jet Airways,24/03/2019,Kolkata,Banglore,CCU → BOM → BLR,13:55,04:45 25 Mar,14h 50m,1 stop,In-flight meal not included,10661
Jet Airways,9/05/2019,Kolkata,Banglore,CCU → BOM → BLR,21:10,12:00 10 May,14h 50m,1 stop,In-flight meal not included,9663
SpiceJet,9/04/2019,Kolkata,Banglore,CCU → BLR,06:55,09:30,2h 35m,non-stop,No check-in baggage included,3841
IndiGo,24/06/2019,Kolkata,Banglore,CCU → BLR,11:30,14:05,2h 35m,non-stop,No info,4804
Jet Airways,27/03/2019,Delhi,Cochin,DEL → IXC → BOM → COK,06:20,19:45 28 Mar,37h 25m,2 stops,No info,12273
IndiGo,27/06/2019,Chennai,Kolkata,MAA → CCU,14:45,17:05,2h 20m,non-stop,No info,3597
Air India,1/05/2019,Kolkata,Banglore,CCU → BBI → BOM → BLR,12:00,18:30 02 May,30h 30m,2 stops,No info,10151
IndiGo,15/04/2019,Kolkata,Banglore,CCU → BLR,09:35,12:20,2h 45m,non-stop,No info,4174
Multiple carriers,6/03/2019,Delhi,Cochin,DEL → BOM → COK,07:30,18:50,11h 20m,1 stop,No info,15135
Air India,12/05/2019,Kolkata,Banglore,CCU → IXR → DEL → BLR,05:50,08:55 13 May,27h 5m,2 stops,No info,11411
SpiceJet,21/05/2019,Kolkata,Banglore,CCU → BLR,06:55,09:30,2h 35m,non-stop,No check-in baggage included,3841
Jet Airways,18/05/2019,Kolkata,Banglore,CCU → BOM → BLR,18:55,08:15 19 May,13h 20m,1 stop,In-flight meal not included,7757
SpiceJet,12/05/2019,Chennai,Kolkata,MAA → CCU,08:20,10:35,2h 15m,non-stop,No info,3597
Air India,18/05/2019,Kolkata,Banglore,CCU → BOM → HBX → BLR,09:25,18:20,8h 55m,2 stops,No info,8366
Jet Airways,21/03/2019,Delhi,Cochin,DEL → AMD → BOM → COK,19:10,04:25 23 Mar,33h 15m,2 stops,In-flight meal not included,8834
Jet Airways,27/06/2019,Delhi,Cochin,DEL → BOM → COK,17:30,19:00 28 Jun,25h 30m,1 stop,In-flight meal not included,10262
IndiGo,24/04/2019,Banglore,Delhi,BLR → DEL,23:30,02:20 25 Apr,2h 50m,non-stop,No info,3943
IndiGo,21/05/2019,Mumbai,Hyderabad,BOM → HYD,06:25,07:55,1h 30m,non-stop,No info,4049
Jet Airways,21/03/2019,Delhi,Cochin,DEL → BOM → COK,18:15,18:50 22 Mar,24h 35m,1 stop,No info,12557
Air Asia,21/05/2019,Kolkata,Banglore,CCU → DEL → BLR,07:35,23:30,15h 55m,1 stop,No info,5192
Air India,18/03/2019,Kolkata,Banglore,CCU → BLR,20:45,23:20,2h 35m,non-stop,No info,4435
GoAir,3/03/2019,Delhi,Cochin,DEL → BOM → COK,14:10,19:20,5h 10m,1 stop,No info,22794
SpiceJet,6/03/2019,Delhi,Cochin,DEL → MAA → COK,15:55,21:55,6h,1 stop,No info,9748
Multiple carriers,27/06/2019,Delhi,Cochin,DEL → BOM → COK,10:20,19:00,8h 40m,1 stop,No info,11264
Jet Airways,21/03/2019,Delhi,Cochin,DEL → IXC → BOM → COK,06:20,04:25 22 Mar,22h 5m,2 stops,No info,11538
IndiGo,9/04/2019,Kolkata,Banglore,CCU → BLR,20:20,22:55,2h 35m,non-stop,No info,4488
Jet Airways,21/05/2019,Kolkata,Banglore,CCU → BOM → BLR,21:10,19:50 22 May,22h 40m,1 stop,In-flight meal not included,10844
IndiGo,27/06/2019,Delhi,Cochin,DEL → MAA → COK,07:15,12:30,5h 15m,1 stop,No info,6582
IndiGo,27/03/2019,Chennai,Kolkata,MAA → CCU,11:35,14:00,2h 25m,non-stop,No info,3858
Air India,15/05/2019,Delhi,Cochin,DEL → BLR → COK,20:30,23:00 16 May,26h 30m,1 stop,No info,8907
Multiple carriers,18/05/2019,Delhi,Cochin,DEL → BOM → COK,09:00,21:00,12h,1 stop,No info,8073
Jet Airways,21/03/2019,Delhi,Cochin,DEL → BDQ → BOM → COK,10:45,18:50 22 Mar,32h 5m,2 stops,No info,11869
IndiGo,21/06/2019,Banglore,Delhi,BLR → DEL,06:05,08:50,2h 45m,non-stop,No info,3943
Jet Airways,15/03/2019,Banglore,New Delhi,BLR → BOM → DEL,05:45,13:15,7h 30m,1 stop,In-flight meal not included,9134
Air India,1/06/2019,Mumbai,Hyderabad,BOM → HYD,19:30,20:45,1h 15m,non-stop,No info,3100
IndiGo,24/06/2019,Chennai,Kolkata,MAA → CCU,13:15,15:35,2h 20m,non-stop,No info,3597
SpiceJet,9/05/2019,Banglore,Delhi,BLR → DEL,09:30,12:20,2h 50m,non-stop,No check-in baggage included,4885
SpiceJet,27/03/2019,Kolkata,Banglore,CCU → BLR,22:20,00:40 28 Mar,2h 20m,non-stop,No info,3847
Jet Airways,12/05/2019,Kolkata,Banglore,CCU → DEL → BLR,09:35,23:35,14h,1 stop,No info,14151
Air Asia,9/04/2019,Banglore,Delhi,BLR → DEL,04:55,07:45,2h 50m,non-stop,No info,4282
Jet Airways,1/06/2019,Banglore,Delhi,BLR → DEL,07:10,10:10,3h,non-stop,In-flight meal not included,7229
IndiGo,1/04/2019,Kolkata,Banglore,CCU → MAA → BLR,08:10,13:00,4h 50m,1 stop,No info,5069
Jet Airways,24/06/2019,Delhi,Cochin,DEL → JAI → BOM → COK,09:40,12:35 25 Jun,26h 55m,2 stops,In-flight meal not included,10368
Jet Airways,12/06/2019,Delhi,Cochin,DEL → BOM → COK,20:55,04:25 13 Jun,7h 30m,1 stop,In-flight meal not included,10262
Air India,27/05/2019,Banglore,Delhi,BLR → DEL,13:20,16:10,2h 50m,non-stop,No info,5228
Air India,9/06/2019,Delhi,Cochin,DEL → AMD → BOM → COK,05:00,07:40 10 Jun,26h 40m,2 stops,No info,10756
Air India,3/04/2019,Delhi,Cochin,DEL → MAA → COK,06:05,09:25 04 Apr,27h 20m,1 stop,No info,5117
Jet Airways,03/03/2019,Banglore,New Delhi,BLR → BOM → DEL,08:00,07:40 07 Mar,23h 40m,1 stop,In-flight meal not included,13502
Air Asia,3/06/2019,Delhi,Cochin,DEL → BLR → COK,07:55,22:25,14h 30m,1 stop,No info,8759
Jet Airways,9/06/2019,Kolkata,Banglore,CCU → BOM → BLR,20:00,09:20 10 Jun,13h 20m,1 stop,In-flight meal not included,11841
Multiple carriers,3/06/2019,Delhi,Cochin,DEL → HYD → COK,14:55,22:30,7h 35m,1 stop,No info,7038
IndiGo,6/04/2019,Banglore,Delhi,BLR → DEL,10:30,13:20,2h 50m,non-stop,No info,4423
IndiGo,24/03/2019,Chennai,Kolkata,MAA → CCU,11:35,14:00,2h 25m,non-stop,No info,4332
SpiceJet,15/06/2019,Banglore,Delhi,BLR → DEL,21:10,00:05 16 Jun,2h 55m,non-stop,No info,3971
IndiGo,1/04/2019,Kolkata,Banglore,CCU → BLR,17:15,19:50,2h 35m,non-stop,No info,4174
Jet Airways,9/05/2019,Mumbai,Hyderabad,BOM → HYD,02:55,04:20,1h 25m,non-stop,In-flight meal not included,3210
Air India,27/06/2019,Delhi,Cochin,DEL → GOI → BOM → COK,10:55,19:15,8h 20m,2 stops,No info,11753
Air Asia,21/05/2019,Banglore,Delhi,BLR → DEL,23:55,02:45 22 May,2h 50m,non-stop,No info,3383
Jet Airways,18/03/2019,Banglore,New Delhi,BLR → BOM → DEL,22:50,09:30 16 Mar,10h 40m,1 stop,No info,13555
Air India,9/06/2019,Delhi,Cochin,DEL → HYD → BOM → COK,17:15,19:15 10 Jun,26h,2 stops,No info,12199
Multiple carriers,9/03/2019,Delhi,Cochin,DEL → BOM → COK,17:25,01:35 10 Mar,8h 10m,1 stop,In-flight meal not included,12616
Jet Airways,9/05/2019,Delhi,Cochin,DEL → AMD → BOM → COK,13:25,19:00 10 May,29h 35m,2 stops,No info,15129
Multiple carriers,9/03/2019,Delhi,Cochin,DEL → HYD → COK,07:05,22:20,15h 15m,1 stop,No info,6916
GoAir,27/05/2019,Banglore,Delhi,BLR → DEL,07:45,10:40,2h 55m,non-stop,No info,3419
Jet Airways,01/03/2019,Banglore,New Delhi,BLR → BOM → DEL,08:00,16:10,8h 10m,1 stop,No info,22270
Jet Airways,27/05/2019,Banglore,Delhi,BLR → DEL,15:15,18:10,2h 55m,non-stop,In-flight meal not included,3502
Air India,9/05/2019,Kolkata,Banglore,CCU → DEL → COK → BLR,10:00,01:20 10 May,15h 20m,2 stops,No info,13033
IndiGo,1/04/2019,Delhi,Cochin,DEL → BOM → COK,20:25,01:30 02 Apr,5h 5m,1 stop,No info,5073
Jet Airways,24/03/2019,Kolkata,Banglore,CCU → BOM → BLR,13:55,22:35,8h 40m,1 stop,No info,14231
Multiple carriers,6/06/2019,Delhi,Cochin,DEL → BOM → COK,16:00,01:30 07 Jun,9h 30m,1 stop,No info,13377
IndiGo,3/03/2019,Delhi,Cochin,DEL → BOM → COK,15:00,01:35 04 Mar,10h 35m,1 stop,No info,14871
Multiple carriers,15/05/2019,Delhi,Cochin,DEL → BOM → COK,09:00,21:00,12h,1 stop,No info,8073
SpiceJet,6/06/2019,Chennai,Kolkata,MAA → CCU,08:20,10:35,2h 15m,non-stop,No info,3597
IndiGo,24/05/2019,Chennai,Kolkata,MAA → CCU,11:35,14:00,2h 25m,non-stop,No info,4332
Jet Airways,9/06/2019,Kolkata,Banglore,CCU → DEL → BLR,20:25,21:05 10 Jun,24h 40m,1 stop,No info,12692
Air India,12/06/2019,Kolkata,Banglore,CCU → DEL → AMD → BLR,10:00,05:25 13 Jun,19h 25m,2 stops,No info,13532
Multiple carriers,3/03/2019,Delhi,Cochin,DEL → HYD → MAA → COK,07:05,21:20,14h 15m,2 stops,No info,8291
Jet Airways,15/06/2019,Delhi,Cochin,DEL → BOM → COK,17:30,19:00 16 Jun,25h 30m,1 stop,In-flight meal not included,10262
IndiGo,9/05/2019,Mumbai,Hyderabad,BOM → HYD,12:00,13:30,1h 30m,non-stop,No info,4392
Jet Airways,1/05/2019,Kolkata,Banglore,CCU → BOM → BLR,08:25,16:20,7h 55m,1 stop,No info,14781
Jet Airways,24/03/2019,Kolkata,Banglore,CCU → BOM → BLR,08:25,12:00 25 Mar,27h 35m,1 stop,No info,13759
Air India,24/06/2019,Delhi,Cochin,DEL → BOM → COK,07:00,19:15,12h 15m,1 stop,No info,8879
Jet Airways,15/03/2019,Banglore,New Delhi,BLR → BOM → DEL,07:00,13:15,6h 15m,1 stop,In-flight meal not included,9134
Air India,24/05/2019,Kolkata,Banglore,CCU → IXR → DEL → BLR,05:50,12:30 25 May,30h 40m,2 stops,No info,12723
Jet Airways,9/03/2019,Mumbai,Hyderabad,BOM → HYD,06:30,08:00,1h 30m,non-stop,No info,8040
Jet Airways,15/03/2019,Banglore,New Delhi,BLR → BOM → DEL,05:45,16:10,10h 25m,1 stop,In-flight meal not included,9134
Jet Airways,18/06/2019,Banglore,Delhi,BLR → DEL,19:50,22:50,3h,non-stop,No info,8016
Jet Airways,18/05/2019,Delhi,Cochin,DEL → JAI → BOM → COK,05:30,19:00,13h 30m,2 stops,No info,15129
Multiple carriers,6/06/2019,Delhi,Cochin,DEL → BOM → COK,08:45,21:00,12h 15m,1 stop,No info,7740
SpiceJet,9/03/2019,Mumbai,Hyderabad,BOM → HYD,05:45,07:05,1h 20m,non-stop,No info,4391
IndiGo,12/03/2019,Chennai,Kolkata,MAA → CCU,07:55,10:15,2h 20m,non-stop,No info,6297
Air India,9/06/2019,Delhi,Cochin,DEL → BLR → COK,17:40,23:00,5h 20m,1 stop,No info,7384
IndiGo,12/06/2019,Kolkata,Banglore,CCU → BLR,11:30,14:05,2h 35m,non-stop,No info,4804
Jet Airways,06/03/2019,Banglore,New Delhi,BLR → BOM → DEL,11:40,23:00,11h 20m,1 stop,No info,16736
Jet Airways,12/03/2019,Banglore,New Delhi,BLR → BOM → DEL,22:55,13:15 13 Mar,14h 20m,1 stop,In-flight meal not included,11087
Air Asia,24/06/2019,Delhi,Cochin,DEL → BLR → COK,20:45,06:35 25 Jun,9h 50m,1 stop,No info,6152
Jet Airways,18/05/2019,Kolkata,Banglore,CCU → BOM → BLR,21:10,04:40 19 May,7h 30m,1 stop,No info,13941
Vistara,15/05/2019,Kolkata,Banglore,CCU → DEL → BLR,07:10,18:50,11h 40m,1 stop,No info,9345
IndiGo,3/04/2019,Banglore,Delhi,BLR → DEL,13:00,15:50,2h 50m,non-stop,No info,4077
Multiple carriers,21/03/2019,Delhi,Cochin,DEL → BOM → COK,10:20,19:15,8h 55m,1 stop,No info,7531
Air India,18/03/2019,Delhi,Cochin,DEL → COK,14:10,17:10,3h,non-stop,No info,5674
IndiGo,3/03/2019,Delhi,Cochin,DEL → BLR → COK,02:00,07:45,5h 45m,1 stop,No info,9257
Multiple carriers,3/03/2019,Delhi,Cochin,DEL → BOM → COK,07:05,13:20,6h 15m,1 stop,No info,17057
Jet Airways,9/05/2019,Delhi,Cochin,DEL → BOM → COK,14:00,04:25 10 May,14h 25m,1 stop,In-flight meal not included,12373
Multiple carriers,9/04/2019,Delhi,Cochin,DEL → BOM → COK,12:50,19:15,6h 25m,1 stop,No info,6481
Air India,21/06/2019,Kolkata,Banglore,CCU → BLR,14:15,16:45,2h 30m,non-stop,No info,5510
IndiGo,27/05/2019,Delhi,Cochin,DEL → BOM → COK,18:35,01:30 28 May,6h 55m,1 stop,No info,6628
Air India,12/05/2019,Mumbai,Hyderabad,BOM → HYD,15:00,16:25,1h 25m,non-stop,No info,3100
IndiGo,9/06/2019,Delhi,Cochin,DEL → BOM → COK,04:55,21:00,16h 5m,1 stop,No info,6093
Air India,18/05/2019,Kolkata,Banglore,CCU → DEL → COK → BLR,07:00,01:20 19 May,18h 20m,2 stops,No info,13243
Jet Airways,24/06/2019,Mumbai,Hyderabad,BOM → HYD,02:55,04:20,1h 25m,non-stop,No info,5678
IndiGo,6/03/2019,Delhi,Cochin,DEL → BBI → COK,02:35,08:30,5h 55m,1 stop,No info,13790
Multiple carriers,3/06/2019,Delhi,Cochin,DEL → BOM → COK,08:45,21:00,12h 15m,1 stop,No info,7740
Vistara,6/03/2019,Mumbai,Hyderabad,BOM → DEL → HYD,07:30,09:25 07 Mar,25h 55m,1 stop,No info,12395
GoAir,3/06/2019,Delhi,Cochin,DEL → AMD → COK,07:25,13:35,6h 10m,1 stop,No info,6976
Air Asia,09/03/2019,Banglore,New Delhi,BLR → DEL,05:50,08:40,2h 50m,non-stop,No info,7652
Air India,6/05/2019,Kolkata,Banglore,CCU → DEL → COK → TRV → BLR,07:00,10:30 07 May,27h 30m,3 stops,No info,13007
Jet Airways,27/06/2019,Delhi,Cochin,DEL → JAI → BOM → COK,19:30,12:35 28 Jun,17h 5m,2 stops,No info,13764
Jet Airways,3/04/2019,Banglore,Delhi,BLR → DEL,15:15,18:10,2h 55m,non-stop,In-flight meal not included,4544
Air India,9/06/2019,Kolkata,Banglore,CCU → BOM → COK → BLR,16:50,13:45 10 Jun,20h 55m,2 stops,No info,11752
Jet Airways,18/05/2019,Kolkata,Banglore,CCU → BOM → BLR,20:00,23:35 19 May,27h 35m,1 stop,In-flight meal not included,10844
Jet Airways,12/05/2019,Kolkata,Banglore,CCU → BOM → BLR,18:55,04:40 13 May,9h 45m,1 stop,In-flight meal not included,9663
Jet Airways,06/03/2019,Banglore,New Delhi,BLR → BOM → DEL,05:45,19:10,13h 25m,1 stop,No info,16736
Air India,15/06/2019,Delhi,Cochin,DEL → AMD → BOM → COK,05:00,07:40 16 Jun,26h 40m,2 stops,No info,10231
Air India,15/05/2019,Delhi,Cochin,DEL → BOM → COK,03:50,19:15,15h 25m,1 stop,No info,8669
IndiGo,24/03/2019,Banglore,New Delhi,BLR → DEL,04:00,06:50,2h 50m,non-stop,No info,4777
Jet Airways,12/05/2019,Mumbai,Hyderabad,BOM → HYD,10:20,11:50,1h 30m,non-stop,No info,5678
Jet Airways,21/06/2019,Delhi,Cochin,DEL → COK,11:00,14:15,3h 15m,non-stop,No info,9564
Vistara,3/06/2019,Chennai,Kolkata,MAA → CCU,17:45,20:05,2h 20m,non-stop,No info,11982
Air India,6/06/2019,Kolkata,Banglore,CCU → HYD → BLR,19:00,11:05 07 Jun,16h 5m,1 stop,No info,6117
IndiGo,3/05/2019,Banglore,Delhi,BLR → DEL,20:00,22:50,2h 50m,non-stop,No info,4823
IndiGo,6/06/2019,Banglore,Delhi,BLR → DEL,18:55,21:50,2h 55m,non-stop,No info,4990
IndiGo,15/03/2019,Banglore,New Delhi,BLR → HYD → DEL,16:55,21:50,4h 55m,1 stop,No info,5397
IndiGo,1/06/2019,Delhi,Cochin,DEL → BOM → COK,08:30,21:00,12h 30m,1 stop,No info,6416
Jet Airways,27/03/2019,Delhi,Cochin,DEL → BOM → COK,07:05,04:25 28 Mar,21h 20m,1 stop,No info,12452
Jet Airways,1/05/2019,Kolkata,Banglore,CCU → BOM → BLR,20:00,12:00 02 May,16h,1 stop,In-flight meal not included,9663
Multiple carriers,24/06/2019,Delhi,Cochin,DEL → BOM → COK,07:05,19:15,12h 10m,1 stop,No info,15058
Jet Airways,18/06/2019,Mumbai,Hyderabad,BOM → HYD,07:05,08:30,1h 25m,non-stop,In-flight meal not included,4995
Jet Airways,9/03/2019,Delhi,Cochin,DEL → BOM → COK,18:15,18:50 10 Mar,24h 35m,1 stop,No info,16289
SpiceJet,27/06/2019,Chennai,Kolkata,MAA → CCU,08:20,10:35,2h 15m,non-stop,No check-in baggage included,3543
Jet Airways,1/04/2019,Kolkata,Banglore,CCU → BOM → BLR,08:25,16:20,7h 55m,1 stop,In-flight meal not included,7851
Jet Airways,6/03/2019,Delhi,Cochin,DEL → IDR → BOM → COK,05:25,19:45 07 Mar,38h 20m,2 stops,In-flight meal not included,16389
Jet Airways,18/05/2019,Delhi,Cochin,DEL → AMD → BOM → COK,13:25,04:25 19 May,15h,2 stops,No info,16704
Air Asia,9/05/2019,Delhi,Cochin,DEL → BLR → COK,16:45,07:10 10 May,14h 25m,1 stop,No info,7353
Air Asia,21/04/2019,Banglore,Delhi,BLR → DEL,11:10,13:55,2h 45m,non-stop,No info,4483
IndiGo,1/04/2019,Mumbai,Hyderabad,BOM → HYD,02:35,04:05,1h 30m,non-stop,No info,2754
Jet Airways,21/05/2019,Banglore,Delhi,BLR → DEL,15:50,18:45,2h 55m,non-stop,No info,7229
Multiple carriers,21/05/2019,Delhi,Cochin,DEL → BOM → COK,13:00,21:00,8h,1 stop,No info,7888
IndiGo,18/05/2019,Delhi,Cochin,DEL → COK,05:35,08:50,3h 15m,non-stop,No info,6015
Jet Airways,27/06/2019,Delhi,Cochin,DEL → BOM → COK,22:50,12:35 28 Jun,13h 45m,1 stop,In-flight meal not included,10262
SpiceJet,21/05/2019,Banglore,Delhi,BLR → DEL,21:10,00:05 22 May,2h 55m,non-stop,No info,3625
IndiGo,15/05/2019,Delhi,Cochin,DEL → BLR → COK,02:00,07:45,5h 45m,1 stop,No info,6037
Multiple carriers,24/06/2019,Delhi,Cochin,DEL → BOM → COK,12:50,19:15,6h 25m,1 stop,In-flight meal not included,7268
Jet Airways,24/06/2019,Delhi,Cochin,DEL → BOM → COK,02:15,04:25 25 Jun,26h 10m,1 stop,In-flight meal not included,10262
Vistara,09/03/2019,Banglore,New Delhi,BLR → DEL,19:40,22:20,2h 40m,non-stop,No info,8290
Air Asia,21/04/2019,Delhi,Cochin,DEL → BLR → COK,07:55,22:25,14h 30m,1 stop,No info,7452
Jet Airways,21/03/2019,Delhi,Cochin,DEL → BOM → COK,17:30,04:25 22 Mar,10h 55m,1 stop,In-flight meal not included,5963
IndiGo,15/05/2019,Delhi,Cochin,DEL → BOM → COK,15:00,01:30 16 May,10h 30m,1 stop,No info,7191
Air India,18/05/2019,Delhi,Cochin,DEL → MAA → COK,09:45,09:25 19 May,23h 40m,1 stop,No info,8372
Air India,18/05/2019,Banglore,Delhi,BLR → DEL,10:00,12:45,2h 45m,non-stop,No info,6961
Jet Airways,9/06/2019,Kolkata,Banglore,CCU → DEL → BLR,20:25,23:35 10 Jun,27h 10m,1 stop,No info,12692
Air India,9/03/2019,Delhi,Cochin,DEL → AMD → BOM → COK,16:40,19:15 10 Mar,26h 35m,2 stops,No info,11911
Jet Airways,12/05/2019,Kolkata,Banglore,CCU → BOM → BLR,16:30,23:35,7h 5m,1 stop,No info,14781
GoAir,9/06/2019,Delhi,Cochin,DEL → HYD → COK,07:30,13:35,6h 5m,1 stop,No info,6276
Jet Airways,6/05/2019,Kolkata,Banglore,CCU → DEL → BLR,09:35,23:35,14h,1 stop,No info,12121
Air India,01/03/2019,Banglore,New Delhi,BLR → DEL,17:00,19:45,2h 45m,non-stop,No info,25913
IndiGo,27/04/2019,Kolkata,Banglore,CCU → BLR,17:15,19:50,2h 35m,non-stop,No info,4804
Multiple carriers Premium economy,21/03/2019,Delhi,Cochin,DEL → BOM → COK,07:30,21:00,13h 30m,1 stop,No info,9845
IndiGo,12/06/2019,Mumbai,Hyderabad,BOM → HYD,12:00,13:30,1h 30m,non-stop,No info,2754
Jet Airways,1/05/2019,Kolkata,Banglore,CCU → BOM → BLR,21:10,10:05 02 May,12h 55m,1 stop,No info,14781
Vistara,12/06/2019,Kolkata,Banglore,CCU → DEL → BLR,07:10,10:45 13 Jun,27h 35m,1 stop,No info,8452
Multiple carriers,9/05/2019,Delhi,Cochin,DEL → BOM → COK,07:30,19:00,11h 30m,1 stop,No info,9794
Multiple carriers,27/03/2019,Delhi,Cochin,DEL → BOM → COK,17:00,01:35 28 Mar,8h 35m,1 stop,No info,6673
IndiGo,21/05/2019,Delhi,Cochin,DEL → HYD → COK,06:50,12:10,5h 20m,1 stop,No info,5530
Jet Airways,18/05/2019,Kolkata,Banglore,CCU → BOM → BLR,08:25,16:20,7h 55m,1 stop,In-flight meal not included,10844
Jet Airways,21/05/2019,Kolkata,Banglore,CCU → DEL → BLR,09:35,19:10,9h 35m,1 stop,No info,13067
Vistara,3/04/2019,Banglore,Delhi,BLR → DEL,11:30,14:20,2h 50m,non-stop,No info,5403
IndiGo,27/03/2019,Delhi,Cochin,DEL → BOM → COK,08:25,15:30,7h 5m,1 stop,No info,8075
IndiGo,9/05/2019,Delhi,Cochin,DEL → BOM → COK,11:25,01:30 10 May,14h 5m,1 stop,No info,8330
Jet Airways,1/05/2019,Mumbai,Hyderabad,BOM → HYD,02:55,04:20,1h 25m,non-stop,In-flight meal not included,3210
Multiple carriers,15/06/2019,Delhi,Cochin,DEL → BOM → COK,11:25,19:15,7h 50m,1 stop,No info,8614
Jet Airways,06/03/2019,Banglore,New Delhi,BLR → BOM → DEL,14:05,05:05 07 Mar,15h,1 stop,In-flight meal not included,13502
Vistara,1/05/2019,Kolkata,Banglore,CCU → DEL → BLR,17:00,20:20 02 May,27h 20m,1 stop,No info,8610
IndiGo,1/04/2019,Mumbai,Hyderabad,BOM → HYD,09:10,10:40,1h 30m,non-stop,No info,3342
SpiceJet,6/03/2019,Mumbai,Hyderabad,BOM → HYD,05:45,07:05,1h 20m,non-stop,No info,4129
IndiGo,15/06/2019,Mumbai,Hyderabad,BOM → HYD,19:05,20:35,1h 30m,non-stop,No info,2754
IndiGo,03/03/2019,Banglore,New Delhi,BLR → DEL,08:30,11:30,3h,non-stop,No info,6860
Jet Airways,15/05/2019,Kolkata,Banglore,CCU → BOM → BLR,16:30,12:00 16 May,19h 30m,1 stop,No info,14781
Air India,21/05/2019,Kolkata,Banglore,CCU → VNS → DEL → BLR,14:30,12:30 22 May,22h,2 stops,No info,15107
Jet Airways,27/06/2019,Delhi,Cochin,DEL → ATQ → BOM → COK,20:00,12:35 28 Jun,16h 35m,2 stops,No info,14300
IndiGo,9/03/2019,Delhi,Cochin,DEL → BOM → COK,16:00,01:35 10 Mar,9h 35m,1 stop,No info,13611
Jet Airways,15/06/2019,Delhi,Cochin,DEL → LKO → BOM → COK,09:25,04:25 16 Jun,19h,2 stops,No info,13882
Vistara,1/05/2019,Banglore,Delhi,BLR → DEL,21:00,23:50,2h 50m,non-stop,No info,4668
IndiGo,9/06/2019,Chennai,Kolkata,MAA → CCU,07:55,10:15,2h 20m,non-stop,No info,3850
Jet Airways,6/06/2019,Mumbai,Hyderabad,BOM → HYD,02:55,04:20,1h 25m,non-stop,No info,5678
Air India,1/06/2019,Delhi,Cochin,DEL → RPR → NAG → BOM → COK,05:15,19:15 02 Jun,38h,3 stops,No info,10703
IndiGo,27/05/2019,Chennai,Kolkata,MAA → CCU,22:05,00:25 28 May,2h 20m,non-stop,No info,5277
Vistara,1/05/2019,Kolkata,Banglore,CCU → DEL → BLR,20:20,10:45 02 May,14h 25m,1 stop,No info,9187
Vistara,1/04/2019,Kolkata,Banglore,CCU → DEL → BLR,20:20,18:50 02 Apr,22h 30m,1 stop,No info,7927
IndiGo,9/05/2019,Delhi,Cochin,DEL → HYD → COK,06:50,16:10,9h 20m,1 stop,No info,6442
Air India,12/06/2019,Delhi,Cochin,DEL → BLR → COK,20:30,23:00 13 Jun,26h 30m,1 stop,No info,8907
Multiple carriers,6/03/2019,Delhi,Cochin,DEL → HYD → MAA → COK,07:05,21:20,14h 15m,2 stops,No info,7084
Jet Airways,21/05/2019,Delhi,Cochin,DEL → BOM → COK,22:50,04:25 22 May,5h 35m,1 stop,No info,16079
Vistara,12/06/2019,Kolkata,Banglore,CCU → DEL → BLR,20:20,09:05 13 Jun,12h 45m,1 stop,No info,7927
Jet Airways,06/03/2019,Banglore,New Delhi,BLR → BOM → DEL,08:00,20:20,12h 20m,1 stop,No info,16736
IndiGo,9/06/2019,Kolkata,Banglore,CCU → MAA → BLR,17:35,22:15,4h 40m,1 stop,No info,5699
Vistara,21/05/2019,Kolkata,Banglore,CCU → DEL → BLR,07:10,20:20,13h 10m,1 stop,No info,9345
Jet Airways,9/05/2019,Kolkata,Banglore,CCU → BOM → BLR,08:25,18:15,9h 50m,1 stop,No info,14781
Air Asia,24/06/2019,Delhi,Cochin,DEL → BLR → COK,07:55,22:25,14h 30m,1 stop,No info,6152
Jet Airways,27/06/2019,Delhi,Cochin,DEL → BOM → COK,16:00,19:00 28 Jun,27h,1 stop,In-flight meal not included,10262
IndiGo,3/05/2019,Chennai,Kolkata,MAA → CCU,13:15,15:35,2h 20m,non-stop,No info,3597
Air Asia,9/04/2019,Kolkata,Banglore,CCU → BLR,19:55,22:25,2h 30m,non-stop,No info,4107
Jet Airways,6/05/2019,Kolkata,Banglore,CCU → DEL → BLR,17:00,09:45 07 May,16h 45m,1 stop,In-flight meal not included,8066
Jet Airways,6/03/2019,Delhi,Cochin,DEL → BOM → COK,19:45,19:45 07 Mar,24h,1 stop,No info,17024
GoAir,9/05/2019,Delhi,Cochin,DEL → BOM → COK,14:25,19:35,5h 10m,1 stop,No info,10188
Air India,18/04/2019,Kolkata,Banglore,CCU → BLR,14:15,16:45,2h 30m,non-stop,No info,5510
Air India,18/05/2019,Delhi,Cochin,DEL → HYD → BOM → COK,17:15,19:15 19 May,26h,2 stops,No info,12392
SpiceJet,21/06/2019,Kolkata,Banglore,CCU → BLR,22:20,00:40 22 Jun,2h 20m,non-stop,No info,3873
IndiGo,9/03/2019,Delhi,Cochin,DEL → BOM → COK,15:00,01:35 10 Mar,10h 35m,1 stop,No info,13611
Jet Airways,21/03/2019,Banglore,New Delhi,BLR → BOM → DEL,18:40,07:40 19 Mar,13h,1 stop,In-flight meal not included,7832
Air India,24/05/2019,Kolkata,Banglore,CCU → BBI → BOM → BLR,12:00,18:30 25 May,30h 30m,2 stops,No info,10151
Multiple carriers,6/03/2019,Delhi,Cochin,DEL → BOM → COK,10:45,19:15,8h 30m,1 stop,No info,15077
Jet Airways,9/06/2019,Delhi,Cochin,DEL → BOM → COK,09:00,12:35 10 Jun,27h 35m,1 stop,In-flight meal not included,10262
Air India,03/03/2019,Banglore,New Delhi,BLR → DEL,06:10,08:55,2h 45m,non-stop,No info,8851
Vistara,24/04/2019,Banglore,Delhi,BLR → DEL,17:00,19:35,2h 35m,non-stop,No info,5613
Jet Airways,1/05/2019,Kolkata,Banglore,CCU → BOM → BLR,14:05,12:00 02 May,21h 55m,1 stop,No info,14388
Air Asia,1/05/2019,Banglore,Delhi,BLR → DEL,23:55,02:45 02 May,2h 50m,non-stop,No info,4483
Jet Airways,9/05/2019,Kolkata,Banglore,CCU → BOM → BLR,18:55,08:15 10 May,13h 20m,1 stop,In-flight meal not included,8586
Jet Airways,15/06/2019,Delhi,Cochin,DEL → IDR → BOM → COK,05:30,04:25 16 Jun,22h 55m,2 stops,No info,13292
Jet Airways,21/05/2019,Kolkata,Banglore,CCU → BOM → BLR,06:30,09:20 22 May,26h 50m,1 stop,In-flight meal not included,9663
Air India,12/03/2019,Banglore,New Delhi,BLR → CCU → GAU → DEL,11:05,22:10,11h 5m,2 stops,No info,11948
Jet Airways,21/03/2019,Delhi,Cochin,DEL → BDQ → BOM → COK,10:45,18:50,8h 5m,2 stops,No info,11360
Air India,9/03/2019,Delhi,Cochin,DEL → BOM → COK,08:00,19:15,11h 15m,1 stop,No info,16754
Multiple carriers,1/06/2019,Delhi,Cochin,DEL → BOM → COK,09:15,19:15,10h,1 stop,No info,9779
Multiple carriers Premium economy,21/03/2019,Delhi,Cochin,DEL → BOM → COK,07:30,15:30,8h,1 stop,No info,11269
Jet Airways,18/03/2019,Mumbai,Hyderabad,BOM → HYD,02:55,04:25,1h 30m,non-stop,No info,5678
Jet Airways,9/04/2019,Banglore,Delhi,BLR → DEL,06:00,08:45,2h 45m,non-stop,No info,7229
Jet Airways,12/06/2019,Delhi,Cochin,DEL → JAI → BOM → COK,09:40,12:35 13 Jun,26h 55m,2 stops,In-flight meal not included,10368
Multiple carriers,3/03/2019,Delhi,Cochin,DEL → BOM → COK,10:00,21:00,11h,1 stop,No info,16863
Jet Airways,27/05/2019,Delhi,Cochin,DEL → AMD → BOM → COK,23:05,04:25 29 May,29h 20m,2 stops,No info,15129
SpiceJet,24/06/2019,Kolkata,Banglore,CCU → BLR,22:20,00:40 25 Jun,2h 20m,non-stop,No check-in baggage included,3841
Jet Airways,15/05/2019,Kolkata,Banglore,CCU → BOM → BLR,06:30,12:00,5h 30m,1 stop,No info,14388
IndiGo,1/04/2019,Banglore,Delhi,BLR → DEL,08:30,11:20,2h 50m,non-stop,No info,4823
IndiGo,24/06/2019,Banglore,Delhi,BLR → DEL,01:30,04:15,2h 45m,non-stop,No info,3943
IndiGo,24/06/2019,Delhi,Cochin,DEL → BOM → COK,10:35,21:00,10h 25m,1 stop,No info,5894
SpiceJet,15/05/2019,Delhi,Cochin,DEL → BLR → COK,17:55,22:50,4h 55m,1 stop,No info,5409
Air India,12/05/2019,Kolkata,Banglore,CCU → BOM → BLR,09:25,18:30,9h 5m,1 stop,No info,8576
Jet Airways,21/03/2019,Delhi,Cochin,DEL → BOM → COK,15:00,04:25 22 Mar,13h 25m,1 stop,No info,12767
Jet Airways,27/06/2019,Delhi,Cochin,DEL → JAI → BOM → COK,09:40,12:35 28 Jun,26h 55m,2 stops,In-flight meal not included,11118
Air India,9/06/2019,Kolkata,Banglore,CCU → GAU → DEL → BLR,09:50,12:30 10 Jun,26h 40m,2 stops,No info,14960
Multiple carriers,15/05/2019,Delhi,Cochin,DEL → HYD → COK,13:05,22:30,9h 25m,1 stop,No info,9646
IndiGo,27/06/2019,Delhi,Cochin,DEL → HYD → COK,07:35,12:10,4h 35m,1 stop,No info,5054
Multiple carriers,18/05/2019,Delhi,Cochin,DEL → BOM → COK,04:55,19:15,14h 20m,1 stop,No info,7564
Jet Airways,9/06/2019,Kolkata,Banglore,CCU → BOM → BLR,14:05,19:50,5h 45m,1 stop,No info,14571
Jet Airways,27/05/2019,Banglore,Delhi,BLR → DEL,18:55,22:00,3h 5m,non-stop,No info,7229
SpiceJet,15/06/2019,Chennai,Kolkata,MAA → CCU,09:45,12:00,2h 15m,non-stop,No info,3597
IndiGo,3/03/2019,Chennai,Kolkata,MAA → CCU,19:35,21:55,2h 20m,non-stop,No info,7295
SpiceJet,03/03/2019,Banglore,New Delhi,BLR → DEL,09:35,12:30,2h 55m,non-stop,No info,6860
Air Asia,24/05/2019,Kolkata,Banglore,CCU → DEL → BLR,07:35,23:30,15h 55m,1 stop,No info,5192
Vistara,24/06/2019,Delhi,Cochin,DEL → COK,06:00,09:10,3h 10m,non-stop,No info,6216
Jet Airways,9/06/2019,Delhi,Cochin,DEL → JAI → BOM → COK,19:30,12:35 10 Jun,17h 5m,2 stops,No info,13014
Jet Airways,12/06/2019,Kolkata,Banglore,CCU → BOM → BLR,16:30,22:35,6h 5m,1 stop,In-flight meal not included,9899
Air India,21/05/2019,Delhi,Cochin,DEL → MAA → COK,20:40,09:25 22 May,12h 45m,1 stop,No info,7480
Jet Airways,12/05/2019,Kolkata,Banglore,CCU → BOM → BLR,08:25,19:50,11h 25m,1 stop,No info,13941
Jet Airways,9/05/2019,Delhi,Cochin,DEL → JAI → BOM → COK,09:40,04:25 10 May,18h 45m,2 stops,No info,15129
SpiceJet,27/06/2019,Chennai,Kolkata,MAA → CCU,09:45,12:00,2h 15m,non-stop,No info,3597
IndiGo,1/03/2019,Kolkata,Banglore,CCU → BLR,17:15,19:55,2h 40m,non-stop,No info,6565
Jet Airways,9/05/2019,Delhi,Cochin,DEL → BOM → COK,02:15,19:00,16h 45m,1 stop,No info,15554
Jet Airways,12/06/2019,Kolkata,Banglore,CCU → BOM → BLR,16:30,04:40 13 Jun,12h 10m,1 stop,In-flight meal not included,6224
Air India,27/05/2019,Delhi,Cochin,DEL → CCU → BOM → COK,06:50,07:40 28 May,24h 50m,2 stops,No info,16163
Multiple carriers,27/05/2019,Delhi,Cochin,DEL → BOM → COK,10:35,19:15,8h 40m,1 stop,No info,8625
Air India,6/03/2019,Delhi,Cochin,DEL → JAI → BOM → COK,12:00,19:15,7h 15m,2 stops,No info,11858
Jet Airways,1/06/2019,Delhi,Cochin,DEL → BOM → COK,10:00,19:00,9h,1 stop,No info,14714
Air India,18/05/2019,Delhi,Cochin,DEL → HYD → MAA → COK,09:45,09:25 19 May,23h 40m,2 stops,No info,10975
IndiGo,15/03/2019,Banglore,New Delhi,BLR → DEL,13:00,15:50,2h 50m,non-stop,No info,6144
Jet Airways,6/05/2019,Kolkata,Banglore,CCU → DEL → BLR,17:00,18:00 07 May,25h,1 stop,In-flight meal not included,9314
Air India,21/03/2019,Delhi,Cochin,DEL → UDR → BOM → COK,13:20,19:15 22 Mar,29h 55m,2 stops,No info,8708
IndiGo,24/06/2019,Kolkata,Banglore,CCU → BLR,04:40,07:15,2h 35m,non-stop,No info,4804
IndiGo,27/05/2019,Delhi,Cochin,DEL → HYD → COK,06:50,16:10,9h 20m,1 stop,No info,6674
Jet Airways,24/06/2019,Banglore,Delhi,BLR → DEL,11:10,14:05,2h 55m,non-stop,In-flight meal not included,5769
Air India,15/05/2019,Delhi,Cochin,DEL → GOI → BOM → COK,22:00,19:15 16 May,21h 15m,2 stops,No info,11281
IndiGo,21/03/2019,Delhi,Cochin,DEL → BLR → COK,02:00,07:45,5h 45m,1 stop,No info,6426
Jet Airways,21/03/2019,Delhi,Cochin,DEL → BOM → COK,17:30,18:50 22 Mar,25h 20m,1 stop,No info,12557
IndiGo,24/04/2019,Delhi,Cochin,DEL → COK,05:35,08:50,3h 15m,non-stop,No info,5013
Jet Airways,1/06/2019,Delhi,Cochin,DEL → BOM → COK,13:00,12:35 02 Jun,23h 35m,1 stop,In-flight meal not included,10262
Air Asia,12/06/2019,Delhi,Cochin,DEL → BLR → COK,20:45,07:10 13 Jun,10h 25m,1 stop,No info,6152
Air India,3/06/2019,Delhi,Cochin,DEL → MAA → COK,17:20,09:25 04 Jun,16h 5m,1 stop,No info,7480
SpiceJet,21/06/2019,Kolkata,Banglore,CCU → BLR,17:10,19:40,2h 30m,non-stop,No info,3873
Jet Airways,12/06/2019,Delhi,Cochin,DEL → BHO → BOM → COK,05:30,12:35,7h 5m,2 stops,No info,14441
Jet Airways,9/03/2019,Delhi,Cochin,DEL → BOM → COK,02:15,19:45,17h 30m,1 stop,No info,15764
Air India,9/06/2019,Mumbai,Hyderabad,BOM → HYD,06:20,07:40,1h 20m,non-stop,No info,3100
Air India,1/06/2019,Delhi,Cochin,DEL → MAA → COK,09:45,09:25 02 Jun,23h 40m,1 stop,No info,8372
Jet Airways,1/04/2019,Delhi,Cochin,DEL → BOM → COK,10:00,12:35 02 Apr,26h 35m,1 stop,In-flight meal not included,5406
Jet Airways,12/05/2019,Kolkata,Banglore,CCU → BOM → BLR,20:00,04:40 13 May,8h 40m,1 stop,In-flight meal not included,8586
IndiGo,6/06/2019,Delhi,Cochin,DEL → BLR → COK,17:05,22:25,5h 20m,1 stop,No info,6493
Jet Airways,9/03/2019,Delhi,Cochin,DEL → BHO → BOM → COK,05:40,04:25 10 Mar,22h 45m,2 stops,In-flight meal not included,13764
Multiple carriers,6/05/2019,Delhi,Cochin,DEL → BOM → COK,09:00,19:00,10h,1 stop,No info,10407
Air India,21/03/2019,Mumbai,Hyderabad,BOM → HYD,06:20,07:40,1h 20m,non-stop,No info,3100
Multiple carriers,6/06/2019,Delhi,Cochin,DEL → BOM → COK,11:40,19:15,7h 35m,1 stop,No info,8266
Jet Airways,24/05/2019,Kolkata,Banglore,CCU → BOM → BLR,06:30,09:20 25 May,26h 50m,1 stop,In-flight meal not included,9663
Air India,01/03/2019,Banglore,New Delhi,BLR → MAA → DEL,11:50,13:00 02 Mar,25h 10m,1 stop,1 Long layover,15434
Air India,24/05/2019,Kolkata,Banglore,CCU → BOM → COK → BLR,16:50,13:45 25 May,20h 55m,2 stops,No info,12802
Air India,15/04/2019,Banglore,Delhi,BLR → DEL,17:00,19:45,2h 45m,non-stop,No info,6121
SpiceJet,6/06/2019,Banglore,Delhi,BLR → DEL,21:10,00:05 07 Jun,2h 55m,non-stop,No info,3311
SpiceJet,1/04/2019,Kolkata,Banglore,CCU → BLR,09:00,11:25,2h 25m,non-stop,No check-in baggage included,3841
Jet Airways,15/05/2019,Kolkata,Banglore,CCU → BOM → BLR,16:30,16:20 16 May,23h 50m,1 stop,In-flight meal not included,10844
IndiGo,15/03/2019,Banglore,New Delhi,BLR → HYD → DEL,07:30,12:20,4h 50m,1 stop,No info,6114
Multiple carriers,12/06/2019,Delhi,Cochin,DEL → BOM → COK,17:00,01:30 13 Jun,8h 30m,1 stop,No info,7198
Jet Airways,21/05/2019,Kolkata,Banglore,CCU → DEL → BLR,20:25,22:05 22 May,25h 40m,1 stop,No info,13067
Jet Airways,6/03/2019,Mumbai,Hyderabad,BOM → DEL → HYD,14:00,16:50 07 Mar,26h 50m,1 stop,No info,19595
GoAir,12/06/2019,Banglore,Delhi,BLR → DEL,20:55,23:40,2h 45m,non-stop,No info,3419
Jet Airways,21/05/2019,Kolkata,Banglore,CCU → DEL → BLR,20:25,21:05 22 May,24h 40m,1 stop,No info,14151
Air Asia,21/05/2019,Delhi,Cochin,DEL → BLR → COK,16:45,07:10 22 May,14h 25m,1 stop,No info,8327
Jet Airways,24/05/2019,Kolkata,Banglore,CCU → DEL → BLR,20:25,10:55 25 May,14h 30m,1 stop,No info,13067
Air Asia,1/04/2019,Kolkata,Banglore,CCU → DEL → BLR,22:40,10:40 02 Apr,12h,1 stop,No info,5192
Jet Airways,6/04/2019,Delhi,Cochin,DEL → BOM → COK,11:30,19:00,7h 30m,1 stop,In-flight meal not included,5177
Jet Airways,9/05/2019,Kolkata,Banglore,CCU → DEL → BLR,20:25,21:05 10 May,24h 40m,1 stop,No info,13067
SpiceJet,21/05/2019,Mumbai,Hyderabad,BOM → HYD,22:45,00:15 22 May,1h 30m,non-stop,No check-in baggage included,1965
Air India,24/04/2019,Banglore,Delhi,BLR → DEL,21:05,23:55,2h 50m,non-stop,No info,5228
Multiple carriers,9/06/2019,Delhi,Cochin,DEL → BOM → COK,04:55,19:00,14h 5m,1 stop,No info,10877
Jet Airways,15/05/2019,Banglore,Delhi,BLR → DEL,15:15,18:10,2h 55m,non-stop,No info,7229
Air India,1/05/2019,Kolkata,Banglore,CCU → DEL → BLR,10:00,20:25,10h 25m,1 stop,No info,10203
Air India,21/06/2019,Banglore,Delhi,BLR → DEL,10:00,12:45,2h 45m,non-stop,No info,6961
SpiceJet,24/03/2019,Kolkata,Banglore,CCU → IXB → BLR,15:55,21:15,5h 20m,1 stop,No info,10654
SpiceJet,18/03/2019,Mumbai,Hyderabad,BOM → HYD,05:45,07:05,1h 20m,non-stop,No info,2437
Jet Airways,24/06/2019,Delhi,Cochin,DEL → BOM → COK,13:00,19:00,6h,1 stop,In-flight meal not included,10262
Jet Airways,3/04/2019,Mumbai,Hyderabad,BOM → HYD,19:35,21:05,1h 30m,non-stop,In-flight meal not included,2071
IndiGo,27/06/2019,Delhi,Cochin,DEL → HYD → COK,14:20,22:30,8h 10m,1 stop,No info,6412
Air India,18/05/2019,Delhi,Cochin,DEL → BLR → COK,09:45,23:00,13h 15m,1 stop,No info,8907
IndiGo,6/04/2019,Delhi,Cochin,DEL → BOM → COK,04:55,13:20,8h 25m,1 stop,No info,5307
Jet Airways,9/06/2019,Delhi,Cochin,DEL → BOM → COK,19:15,12:35 10 Jun,17h 20m,1 stop,In-flight meal not included,10577
Jet Airways,21/05/2019,Mumbai,Hyderabad,BOM → HYD,10:20,11:50,1h 30m,non-stop,No info,8040
SpiceJet,18/05/2019,Delhi,Cochin,DEL → MAA → COK,06:05,11:20,5h 15m,1 stop,No info,6297
IndiGo,18/06/2019,Chennai,Kolkata,MAA → CCU,07:55,10:15,2h 20m,non-stop,No info,3850
Jet Airways,18/05/2019,Kolkata,Banglore,CCU → BOM → BLR,08:25,16:20,7h 55m,1 stop,No info,14781
Jet Airways,1/05/2019,Kolkata,Banglore,CCU → BOM → BLR,08:25,20:45,12h 20m,1 stop,No info,14781
Air Asia,15/05/2019,Delhi,Cochin,DEL → BLR → COK,16:45,22:25,5h 40m,1 stop,No info,6752
IndiGo,24/03/2019,Banglore,New Delhi,BLR → DEL,22:20,01:10 22 Mar,2h 50m,non-stop,No info,3897
Jet Airways,12/05/2019,Kolkata,Banglore,CCU → BOM → BLR,18:55,04:40 13 May,9h 45m,1 stop,No info,14388
Jet Airways,1/05/2019,Kolkata,Banglore,CCU → BOM → BLR,14:05,19:50,5h 45m,1 stop,No info,14781
Air Asia,15/05/2019,Kolkata,Banglore,CCU → IXR → DEL → BLR,15:10,23:30,8h 20m,2 stops,No info,5192
Air Asia,27/03/2019,Kolkata,Banglore,CCU → BLR,22:50,01:20 28 Mar,2h 30m,non-stop,No info,3782
IndiGo,9/04/2019,Banglore,Delhi,BLR → DEL,16:55,19:55,3h,non-stop,No info,4823
IndiGo,3/06/2019,Chennai,Kolkata,MAA → CCU,22:05,00:25 04 Jun,2h 20m,non-stop,No info,5277
Air India,18/03/2019,Banglore,New Delhi,BLR → DEL,21:05,23:55,2h 50m,non-stop,No info,4441
Jet Airways,21/06/2019,Banglore,Delhi,BLR → DEL,18:55,22:00,3h 5m,non-stop,In-flight meal not included,7754
Air India,1/04/2019,Delhi,Cochin,DEL → COK,05:10,08:00,2h 50m,non-stop,No info,4729
IndiGo,21/04/2019,Banglore,Delhi,BLR → DEL,18:25,21:20,2h 55m,non-stop,No info,4823
Jet Airways,12/06/2019,Kolkata,Banglore,CCU → BOM → BLR,16:30,16:20 13 Jun,23h 50m,1 stop,No info,13044
Air India,21/05/2019,Banglore,Delhi,BLR → DEL,05:45,08:45,3h,non-stop,No info,6961
Jet Airways,6/05/2019,Kolkata,Banglore,CCU → BOM → BLR,06:30,20:45,14h 15m,1 stop,In-flight meal not included,9663
Jet Airways,12/06/2019,Mumbai,Hyderabad,BOM → HYD,07:05,08:30,1h 25m,non-stop,No info,8040
SpiceJet,24/05/2019,Chennai,Kolkata,MAA → CCU,17:45,20:05,2h 20m,non-stop,No info,3597
IndiGo,6/04/2019,Delhi,Cochin,DEL → HYD → COK,07:35,12:10,4h 35m,1 stop,No info,5073
IndiGo,24/06/2019,Delhi,Cochin,DEL → BOM → COK,08:30,21:00,12h 30m,1 stop,No info,6093
Jet Airways,27/03/2019,Mumbai,Hyderabad,BOM → HYD,07:10,08:35,1h 25m,non-stop,In-flight meal not included,3205
Air India,1/05/2019,Kolkata,Banglore,CCU → BOM → BLR,09:25,07:55 02 May,22h 30m,1 stop,No info,8366
Jet Airways,15/05/2019,Kolkata,Banglore,CCU → DEL → BLR,17:00,09:45 16 May,16h 45m,1 stop,No info,13067
Multiple carriers,24/06/2019,Delhi,Cochin,DEL → BOM → COK,10:20,19:00,8h 40m,1 stop,In-flight meal not included,10791
Jet Airways,15/03/2019,Banglore,New Delhi,BLR → BOM → DEL,22:55,05:05 13 Mar,6h 10m,1 stop,No info,27210
Jet Airways,18/05/2019,Banglore,Delhi,BLR → DEL,18:55,22:00,3h 5m,non-stop,In-flight meal not included,5198
Air India,24/05/2019,Kolkata,Banglore,CCU → GAU → BLR,09:50,21:05,11h 15m,1 stop,No info,7662
Air India,3/06/2019,Delhi,Cochin,DEL → HYD → MAA → COK,13:15,09:25 04 Jun,20h 10m,2 stops,No info,10467
Air Asia,24/06/2019,Kolkata,Banglore,CCU → BLR,19:55,22:25,2h 30m,non-stop,No info,3807
Air India,27/03/2019,Delhi,Cochin,DEL → MAA → COK,20:40,09:25 28 Mar,12h 45m,1 stop,No info,5117
Jet Airways,21/05/2019,Delhi,Cochin,DEL → BOM → COK,15:00,19:00 22 May,28h,1 stop,No info,16079
Air India,9/06/2019,Mumbai,Hyderabad,BOM → HYD,13:55,15:25,1h 30m,non-stop,No info,3100
Jet Airways,21/03/2019,Delhi,Cochin,DEL → MAA → BOM → COK,13:55,18:50 22 Mar,28h 55m,2 stops,In-flight meal not included,8728
Jet Airways,9/05/2019,Delhi,Cochin,DEL → AMD → BOM → COK,23:05,04:25 11 May,29h 20m,2 stops,No info,15129
Multiple carriers,3/03/2019,Delhi,Cochin,DEL → BOM → COK,11:30,01:35 04 Mar,14h 5m,1 stop,No info,18286
GoAir,18/06/2019,Banglore,Delhi,BLR → DEL,07:45,10:40,2h 55m,non-stop,No info,3419
IndiGo,9/06/2019,Banglore,Delhi,BLR → DEL,22:10,01:00 10 Jun,2h 50m,non-stop,No info,3749
IndiGo,27/03/2019,Delhi,Cochin,DEL → HYD → COK,06:40,22:20,15h 40m,1 stop,No info,6442
Jet Airways,12/06/2019,Delhi,Cochin,DEL → IDR → BOM → COK,05:30,04:25 13 Jun,22h 55m,2 stops,No info,13292
Jet Airways,18/03/2019,Banglore,New Delhi,BLR → BOM → DEL,11:40,09:30 16 Mar,21h 50m,1 stop,In-flight meal not included,11087
Jet Airways,12/03/2019,Banglore,New Delhi,BLR → BOM → DEL,20:35,20:20 13 Mar,23h 45m,1 stop,In-flight meal not included,11087
Vistara,18/06/2019,Banglore,Delhi,BLR → DEL,11:30,14:20,2h 50m,non-stop,No info,4668
Jet Airways,1/04/2019,Banglore,Delhi,BLR → DEL,18:55,22:00,3h 5m,non-stop,In-flight meal not included,4544
SpiceJet,9/05/2019,Kolkata,Banglore,CCU → BLR,06:55,09:30,2h 35m,non-stop,No info,3873
Jet Airways,01/03/2019,Banglore,New Delhi,BLR → BOM → DEL,07:00,21:20,14h 20m,1 stop,No info,27992
Jet Airways,9/06/2019,Banglore,Delhi,BLR → DEL,07:10,10:10,3h,non-stop,In-flight meal not included,7229
Multiple carriers,27/04/2019,Delhi,Cochin,DEL → HYD → COK,07:10,16:10,9h,1 stop,In-flight meal not included,6093
Vistara,21/03/2019,Delhi,Cochin,DEL → COK,06:00,09:10,3h 10m,non-stop,No info,6688
Jet Airways,06/03/2019,Banglore,New Delhi,BLR → BOM → DEL,08:55,09:00 07 Mar,24h 5m,1 stop,In-flight meal not included,13712
Jet Airways,6/06/2019,Kolkata,Banglore,CCU → BOM → BLR,06:30,16:20,9h 50m,1 stop,No info,14571
Jet Airways,27/03/2019,Delhi,Cochin,DEL → IDR → BOM → COK,05:25,04:25 28 Mar,23h,2 stops,In-flight meal not included,9254
Jet Airways,27/03/2019,Delhi,Cochin,DEL → IDR → BOM → COK,05:25,19:45 28 Mar,38h 20m,2 stops,No info,11664
Vistara,09/03/2019,Banglore,New Delhi,BLR → DEL,07:00,09:40,2h 40m,non-stop,No info,7398
Vistara,6/06/2019,Delhi,Cochin,DEL → COK,06:00,09:10,3h 10m,non-stop,No info,6216
Air India,24/03/2019,Mumbai,Hyderabad,BOM → HYD,21:05,22:25,1h 20m,non-stop,No info,2575
Jet Airways,6/03/2019,Mumbai,Hyderabad,BOM → HYD,10:20,11:50,1h 30m,non-stop,No info,8040
Multiple carriers,21/03/2019,Delhi,Cochin,DEL → BOM → COK,09:10,18:50,9h 40m,1 stop,No info,13069
SpiceJet,15/05/2019,Chennai,Kolkata,MAA → CCU,09:45,12:00,2h 15m,non-stop,No info,3597
Multiple carriers,1/06/2019,Delhi,Cochin,DEL → BOM → COK,07:30,19:00,11h 30m,1 stop,No info,11200
Multiple carriers,6/06/2019,Delhi,Cochin,DEL → BOM → COK,13:00,21:00,8h,1 stop,No info,7408
Multiple carriers,18/05/2019,Delhi,Cochin,DEL → BOM → COK,11:25,19:15,7h 50m,1 stop,No info,7997
Jet Airways,9/06/2019,Delhi,Cochin,DEL → BOM → COK,17:30,12:35 10 Jun,19h 5m,1 stop,In-flight meal not included,10262
IndiGo,3/03/2019,Delhi,Cochin,DEL → BOM → COK,10:45,01:35 04 Mar,14h 50m,1 stop,No info,14871
SpiceJet,6/04/2019,Kolkata,Banglore,CCU → BLR,17:10,19:40,2h 30m,non-stop,No check-in baggage included,3841
Jet Airways,6/06/2019,Delhi,Cochin,DEL → JAI → BOM → COK,19:30,12:35 07 Jun,17h 5m,2 stops,In-flight meal not included,11733
Jet Airways,15/06/2019,Delhi,Cochin,DEL → BOM → COK,10:00,04:25 16 Jun,18h 25m,1 stop,In-flight meal not included,10262
IndiGo,6/06/2019,Banglore,Delhi,BLR → DEL,13:00,15:50,2h 50m,non-stop,No info,3943
IndiGo,27/03/2019,Delhi,Cochin,DEL → BOM → COK,11:30,21:00,9h 30m,1 stop,No info,6416
Air India,09/03/2019,Banglore,New Delhi,BLR → GOI → DEL,17:00,03:40 13 Mar,10h 40m,1 stop,No info,8767
IndiGo,12/06/2019,Mumbai,Hyderabad,BOM → HYD,20:05,21:40,1h 35m,non-stop,No info,2227
Jet Airways,21/03/2019,Delhi,Cochin,DEL → BOM → COK,07:05,12:35,5h 30m,1 stop,In-flight meal not included,14053
IndiGo,12/05/2019,Chennai,Kolkata,MAA → CCU,05:15,07:40,2h 25m,non-stop,No info,3540
Air India,27/05/2019,Delhi,Cochin,DEL → CCU → BOM → COK,20:15,19:15 28 May,23h,2 stops,No info,13381
Jet Airways,24/05/2019,Banglore,Delhi,BLR → DEL,06:00,08:45,2h 45m,non-stop,No info,7229
Air India,1/05/2019,Kolkata,Banglore,CCU → BOM → COK → BLR,09:25,13:45 02 May,28h 20m,2 stops,No info,15532
Multiple carriers,12/06/2019,Delhi,Cochin,DEL → HYD → COK,07:05,16:10,9h 5m,1 stop,No info,9646
Air India,18/05/2019,Delhi,Cochin,DEL → CCU → BOM → COK,20:15,19:15 19 May,23h,2 stops,No info,13591
Air India,18/05/2019,Kolkata,Banglore,CCU → GAU → DEL → BLR,09:50,23:15,13h 25m,2 stops,No info,15957
Air India,6/05/2019,Kolkata,Banglore,CCU → IXR → DEL → BLR,05:50,08:55 07 May,27h 5m,2 stops,No info,10991
IndiGo,6/05/2019,Mumbai,Hyderabad,BOM → HYD,21:20,22:50,1h 30m,non-stop,No info,2227
Multiple carriers,24/06/2019,Delhi,Cochin,DEL → BOM → COK,04:55,19:15,14h 20m,1 stop,No info,7155
Jet Airways,18/05/2019,Kolkata,Banglore,CCU → BOM → BLR,14:05,10:05 19 May,20h,1 stop,In-flight meal not included,9663
Jet Airways,1/04/2019,Kolkata,Banglore,CCU → BOM → BLR,06:30,20:45,14h 15m,1 stop,In-flight meal not included,7064
SpiceJet,18/06/2019,Kolkata,Banglore,CCU → BLR,17:10,19:40,2h 30m,non-stop,No info,3873
Jet Airways,3/03/2019,Delhi,Cochin,DEL → BOM → COK,18:15,18:50 04 Mar,24h 35m,1 stop,No info,17234
Air Asia,1/04/2019,Kolkata,Banglore,CCU → BLR,22:50,01:20 02 Apr,2h 30m,non-stop,No info,4107
Air Asia,12/06/2019,Kolkata,Banglore,CCU → BBI → BLR,06:50,10:30,3h 40m,1 stop,No info,5162
Multiple carriers,9/05/2019,Delhi,Cochin,DEL → BOM → COK,10:35,19:00,8h 25m,1 stop,No info,9103
Multiple carriers,12/06/2019,Delhi,Cochin,DEL → HYD → COK,07:05,22:30,15h 25m,1 stop,No info,9646
Multiple carriers,27/06/2019,Delhi,Cochin,DEL → BOM → COK,10:35,19:15,8h 40m,1 stop,No info,7155
Air India,18/03/2019,Mumbai,Hyderabad,BOM → HYD,21:05,22:25,1h 20m,non-stop,No info,2050
Air Asia,15/04/2019,Kolkata,Banglore,CCU → DEL → BLR,07:35,23:30,15h 55m,1 stop,No info,5192
Air India,18/05/2019,Kolkata,Banglore,CCU → BOM → BLR,09:25,21:50,12h 25m,1 stop,No info,8366
Air India,24/03/2019,Kolkata,Banglore,CCU → BOM → GOI → BLR,09:25,05:35 25 Mar,20h 10m,2 stops,No info,11774
Jet Airways,01/03/2019,Banglore,New Delhi,BLR → BOM → DEL,22:50,11:25 02 Mar,12h 35m,1 stop,1 Long layover,31825
IndiGo,1/06/2019,Kolkata,Banglore,CCU → BLR,22:15,00:50 02 Jun,2h 35m,non-stop,No info,4804
Air Asia,21/04/2019,Kolkata,Banglore,CCU → BLR,22:50,01:20 22 Apr,2h 30m,non-stop,No info,5645
Multiple carriers,15/05/2019,Delhi,Cochin,DEL → BOM → COK,10:00,19:15,9h 15m,1 stop,No info,14323
IndiGo,12/06/2019,Delhi,Cochin,DEL → BOM → COK,08:30,21:00,12h 30m,1 stop,No info,6093
Jet Airways,9/06/2019,Kolkata,Banglore,CCU → BOM → BLR,21:10,08:15 10 Jun,11h 5m,1 stop,No info,14939
Jet Airways,9/06/2019,Delhi,Cochin,DEL → BOM → COK,20:55,19:00 10 Jun,22h 5m,1 stop,No info,14924
Multiple carriers,24/06/2019,Delhi,Cochin,DEL → BOM → COK,03:50,19:00,15h 10m,1 stop,No info,12192
Multiple carriers,3/06/2019,Delhi,Cochin,DEL → BOM → COK,06:00,19:15,13h 15m,1 stop,No info,9736
Air India,9/05/2019,Kolkata,Banglore,CCU → VNS → DEL → BLR,14:30,12:30 10 May,22h,2 stops,No info,15107
IndiGo,9/06/2019,Delhi,Cochin,DEL → HYD → COK,05:05,16:10,11h 5m,1 stop,No info,6600
Vistara,09/03/2019,Banglore,New Delhi,BLR → DEL,21:10,00:05 13 Mar,2h 55m,non-stop,No info,7240
IndiGo,9/06/2019,Delhi,Cochin,DEL → HYD → COK,06:50,22:30,15h 40m,1 stop,No info,6442
IndiGo,15/06/2019,Chennai,Kolkata,MAA → CCU,13:15,15:35,2h 20m,non-stop,No info,3597
Vistara,15/05/2019,Kolkata,Banglore,CCU → DEL → BLR,20:20,09:05 16 May,12h 45m,1 stop,No info,8452
Jet Airways,18/03/2019,Banglore,New Delhi,BLR → BOM → DEL,08:55,18:25,9h 30m,1 stop,No info,12284
IndiGo,21/04/2019,Delhi,Cochin,DEL → BLR → COK,05:10,10:05,4h 55m,1 stop,No info,7074
IndiGo,6/06/2019,Kolkata,Banglore,CCU → BLR,14:25,16:55,2h 30m,non-stop,No info,4804
Jet Airways,6/06/2019,Delhi,Cochin,DEL → BOM → COK,19:15,19:00 07 Jun,23h 45m,1 stop,No info,14714
GoAir,15/06/2019,Banglore,Delhi,BLR → DEL,07:45,10:40,2h 55m,non-stop,No info,3898
Multiple carriers,1/06/2019,Delhi,Cochin,DEL → BOM → COK,04:55,19:15,14h 20m,1 stop,No info,8835
Jet Airways,12/06/2019,Kolkata,Banglore,CCU → BOM → BLR,18:55,10:05 13 Jun,15h 10m,1 stop,In-flight meal not included,8529
Jet Airways,18/05/2019,Kolkata,Banglore,CCU → DEL → BLR,20:25,21:05 19 May,24h 40m,1 stop,No info,14151
Multiple carriers,24/05/2019,Delhi,Cochin,DEL → HYD → COK,14:55,22:30,7h 35m,1 stop,No info,7740
Jet Airways,21/05/2019,Delhi,Cochin,DEL → BOM → COK,18:15,19:00 22 May,24h 45m,1 stop,No info,16079
Air India,09/03/2019,Banglore,New Delhi,BLR → CCU → DEL,11:05,22:45,11h 40m,1 stop,No info,10657
IndiGo,3/03/2019,Delhi,Cochin,DEL → BOM → COK,09:10,01:35 04 Mar,16h 25m,1 stop,No info,14871
Jet Airways,15/06/2019,Delhi,Cochin,DEL → BOM → COK,20:55,12:35 16 Jun,15h 40m,1 stop,In-flight meal not included,10262
Air India,12/06/2019,Delhi,Cochin,DEL → COK,14:10,17:10,3h,non-stop,No info,5201
Air Asia,24/05/2019,Kolkata,Banglore,CCU → DEL → BLR,07:35,19:25,11h 50m,1 stop,No info,5192
Air India,3/03/2019,Delhi,Cochin,DEL → BHO → BOM → COK,20:00,19:15 04 Mar,23h 15m,2 stops,No info,17266
IndiGo,6/05/2019,Kolkata,Banglore,CCU → BLR,09:35,12:20,2h 45m,non-stop,No info,4804
Jet Airways,1/04/2019,Delhi,Cochin,DEL → BOM → COK,22:50,12:35 02 Apr,13h 45m,1 stop,In-flight meal not included,5177
Jet Airways,1/06/2019,Mumbai,Hyderabad,BOM → HYD,02:55,04:20,1h 25m,non-stop,In-flight meal not included,4050
Air India,27/06/2019,Delhi,Cochin,DEL → AMD → BOM → COK,19:45,19:15 28 Jun,23h 30m,2 stops,No info,9653
Jet Airways,6/06/2019,Kolkata,Banglore,CCU → DEL → BLR,09:35,18:00,8h 25m,1 stop,No info,12692
Multiple carriers,12/06/2019,Delhi,Cochin,DEL → BOM → COK,11:40,19:15,7h 35m,1 stop,No info,8266
Vistara,6/03/2019,Mumbai,Hyderabad,BOM → DEL → HYD,11:55,09:25 07 Mar,21h 30m,1 stop,No info,12395
Jet Airways,18/05/2019,Kolkata,Banglore,CCU → BOM → BLR,14:05,12:00 19 May,21h 55m,1 stop,No info,14388
SpiceJet,3/05/2019,Banglore,Delhi,BLR → DEL,09:30,12:20,2h 50m,non-stop,No info,4423
IndiGo,3/03/2019,Delhi,Cochin,DEL → HYD → COK,06:40,22:20,15h 40m,1 stop,No info,11600
Jet Airways,18/05/2019,Kolkata,Banglore,CCU → BOM → BLR,18:55,20:45 19 May,25h 50m,1 stop,In-flight meal not included,10844
Air India,24/05/2019,Kolkata,Banglore,CCU → MAA → BLR,14:35,14:35 25 May,24h,1 stop,No info,6528
IndiGo,03/03/2019,Banglore,New Delhi,BLR → DEL,22:20,01:10 07 Mar,2h 50m,non-stop,No info,7648
Jet Airways,06/03/2019,Banglore,New Delhi,BLR → BOM → DEL,16:55,08:15 07 Mar,15h 20m,1 stop,No info,16736
Jet Airways,27/03/2019,Delhi,Cochin,DEL → AMD → BOM → COK,19:10,19:45 28 Mar,24h 35m,2 stops,In-flight meal not included,8834
GoAir,01/03/2019,Banglore,New Delhi,BLR → GOI → DEL,15:45,20:15,4h 30m,1 stop,No info,12314
GoAir,24/04/2019,Delhi,Cochin,DEL → AMD → COK,07:25,13:35,6h 10m,1 stop,No info,4692
IndiGo,18/03/2019,Banglore,New Delhi,BLR → HYD → DEL,16:15,20:35,4h 20m,1 stop,No info,4437
Jet Airways,6/06/2019,Kolkata,Banglore,CCU → DEL → BLR,17:00,14:25 07 Jun,21h 25m,1 stop,In-flight meal not included,10539
Jet Airways,21/05/2019,Kolkata,Banglore,CCU → BOM → BLR,20:00,18:15 22 May,22h 15m,1 stop,In-flight meal not included,10844
Air India,15/05/2019,Delhi,Cochin,DEL → BOM → COK,10:00,19:15,9h 15m,1 stop,No info,8372
IndiGo,15/03/2019,Banglore,New Delhi,BLR → BOM → DEL,19:35,00:35 16 Mar,5h,1 stop,No info,10509
Jet Airways,27/06/2019,Delhi,Cochin,DEL → BOM → COK,21:50,19:00 28 Jun,21h 10m,1 stop,In-flight meal not included,10262
Air India,21/06/2019,Mumbai,Hyderabad,BOM → HYD,15:00,16:25,1h 25m,non-stop,No info,3100
IndiGo,9/03/2019,Delhi,Cochin,DEL → AMD → COK,07:45,13:40,5h 55m,1 stop,No info,6755
IndiGo,6/05/2019,Kolkata,Banglore,CCU → PNQ → BLR,21:00,02:15 07 May,5h 15m,1 stop,No info,7252
Jet Airways,24/03/2019,Kolkata,Banglore,CCU → BOM → BLR,16:55,23:25,6h 30m,1 stop,In-flight meal not included,11134
Jet Airways,06/03/2019,Banglore,New Delhi,BLR → BOM → DEL,08:00,18:25,10h 25m,1 stop,No info,16736
IndiGo,12/04/2019,Banglore,Delhi,BLR → DEL,20:00,22:50,2h 50m,non-stop,No info,4990
Vistara,1/06/2019,Banglore,Delhi,BLR → DEL,11:30,14:20,2h 50m,non-stop,No info,4668
Multiple carriers,6/03/2019,Delhi,Cochin,DEL → BOM → COK,08:00,21:00,13h,1 stop,No info,15078
Multiple carriers,12/06/2019,Delhi,Cochin,DEL → HYD → COK,13:05,22:30,9h 25m,1 stop,No info,9646
Jet Airways,21/05/2019,Delhi,Cochin,DEL → BOM → COK,14:00,19:00,5h,1 stop,No info,16079
Air India,15/06/2019,Delhi,Cochin,DEL → BOM → COK,03:50,19:15,15h 25m,1 stop,No info,9929
Jet Airways,1/06/2019,Delhi,Cochin,DEL → BOM → COK,21:50,04:25 02 Jun,6h 35m,1 stop,In-flight meal not included,10262
Jet Airways,15/06/2019,Delhi,Cochin,DEL → BOM → COK,21:50,12:35 16 Jun,14h 45m,1 stop,In-flight meal not included,10262
Jet Airways,21/05/2019,Kolkata,Banglore,CCU → BOM → BLR,14:05,22:35,8h 30m,1 stop,In-flight meal not included,10844
IndiGo,6/03/2019,Delhi,Cochin,DEL → BOM → COK,08:25,15:30,7h 5m,1 stop,No info,14871
IndiGo,3/06/2019,Kolkata,Banglore,CCU → BLR,11:30,14:05,2h 35m,non-stop,No info,4804
Jet Airways,21/05/2019,Delhi,Cochin,DEL → AMD → BOM → COK,23:05,04:25 23 May,29h 20m,2 stops,No info,15129
Jet Airways,15/05/2019,Mumbai,Hyderabad,BOM → HYD,19:35,21:05,1h 30m,non-stop,In-flight meal not included,2228
Air India,15/06/2019,Delhi,Cochin,DEL → BLR → COK,06:10,23:00,16h 50m,1 stop,No info,8907
Multiple carriers,15/06/2019,Delhi,Cochin,DEL → BOM → COK,07:00,21:00,14h,1 stop,No info,7408
Jet Airways,18/03/2019,Banglore,New Delhi,BLR → BOM → DEL,16:55,07:40 16 Mar,14h 45m,1 stop,No info,13555
Jet Airways,1/06/2019,Delhi,Cochin,DEL → JDH → BOM → COK,11:40,19:00,7h 20m,2 stops,In-flight meal not included,15812
Vistara,24/03/2019,Kolkata,Banglore,CCU → DEL → BLR,09:55,20:25,10h 30m,1 stop,No info,12312
Jet Airways,1/06/2019,Delhi,Cochin,DEL → BOM → COK,14:00,19:00,5h,1 stop,In-flight meal not included,10262
Jet Airways,1/06/2019,Delhi,Cochin,DEL → JAI → BOM → COK,09:40,12:35 02 Jun,26h 55m,2 stops,In-flight meal not included,10368
Vistara,9/06/2019,Kolkata,Banglore,CCU → DEL → BLR,07:10,22:55,15h 45m,1 stop,No info,8662
Vistara,21/05/2019,Kolkata,Banglore,CCU → DEL → BLR,07:10,09:05 22 May,25h 55m,1 stop,No info,8452
Multiple carriers,27/06/2019,Delhi,Cochin,DEL → BOM → COK,10:00,19:00,9h,1 stop,No info,12192
Air India,18/04/2019,Delhi,Cochin,DEL → COK,18:05,21:10,3h 5m,non-stop,No info,8246
Multiple carriers,12/06/2019,Delhi,Cochin,DEL → GWL → IDR → BOM → COK,11:35,21:00,9h 25m,3 stops,No info,15629
SpiceJet,3/04/2019,Kolkata,Banglore,CCU → BLR,09:00,11:25,2h 25m,non-stop,No info,3873
IndiGo,15/05/2019,Delhi,Cochin,DEL → HYD → COK,06:50,16:10,9h 20m,1 stop,No info,6442
SpiceJet,21/06/2019,Kolkata,Banglore,CCU → BLR,06:55,09:30,2h 35m,non-stop,No info,3873
Air Asia,12/05/2019,Banglore,Delhi,BLR → DEL,04:55,07:45,2h 50m,non-stop,No info,4282
Multiple carriers,15/06/2019,Delhi,Cochin,DEL → BOM → COK,08:00,21:00,13h,1 stop,No info,13587
Jet Airways,3/03/2019,Delhi,Cochin,DEL → BHO → BOM → COK,05:40,04:25 04 Mar,22h 45m,2 stops,No info,19266
IndiGo,09/03/2019,Banglore,New Delhi,BLR → DEL,04:00,06:50,2h 50m,non-stop,No info,8033
Jet Airways,12/05/2019,Kolkata,Banglore,CCU → BOM → BLR,14:05,23:35,9h 30m,1 stop,No info,14781
IndiGo,18/05/2019,Kolkata,Banglore,CCU → MAA → BLR,06:20,10:20,4h,1 stop,No info,4226
IndiGo,27/06/2019,Delhi,Cochin,DEL → HYD → COK,05:05,16:10,11h 5m,1 stop,No info,6442
Air India,15/03/2019,Mumbai,Hyderabad,BOM → HYD,06:20,07:40,1h 20m,non-stop,No info,3100
Air India,9/04/2019,Delhi,Cochin,DEL → NAG → BOM → COK,05:55,19:15 10 Apr,37h 20m,2 stops,No info,7711
Jet Airways,9/06/2019,Delhi,Cochin,DEL → NAG → BOM → COK,06:45,12:35 10 Jun,29h 50m,2 stops,No info,13376
Multiple carriers,6/06/2019,Delhi,Cochin,DEL → HYD → COK,14:55,22:30,7h 35m,1 stop,No info,7038
Jet Airways,3/04/2019,Banglore,Delhi,BLR → DEL,18:55,22:00,3h 5m,non-stop,In-flight meal not included,4544
Jet Airways,15/05/2019,Kolkata,Banglore,CCU → DEL → BLR,09:35,22:05,12h 30m,1 stop,In-flight meal not included,10703
Air India,15/03/2019,Banglore,New Delhi,BLR → COK → DEL,06:55,10:50 16 Mar,27h 55m,1 stop,No info,7932
Air India,9/06/2019,Delhi,Cochin,DEL → JAI → BOM → COK,18:45,19:15 10 Jun,24h 30m,2 stops,No info,12257
Air India,15/03/2019,Banglore,New Delhi,BLR → BOM → DEL,08:50,15:15,6h 25m,1 stop,No info,8714
SpiceJet,6/04/2019,Kolkata,Banglore,CCU → BLR,17:10,19:40,2h 30m,non-stop,No info,3873
SpiceJet,27/04/2019,Kolkata,Banglore,CCU → BLR,22:20,00:40 28 Apr,2h 20m,non-stop,No check-in baggage included,3841
Jet Airways,1/05/2019,Kolkata,Banglore,CCU → DEL → BLR,17:00,19:10 02 May,26h 10m,1 stop,No info,11467
Jet Airways,15/05/2019,Banglore,Delhi,BLR → DEL,15:15,18:10,2h 55m,non-stop,In-flight meal not included,3502
IndiGo,6/06/2019,Kolkata,Banglore,CCU → BLR,21:25,00:05 07 Jun,2h 40m,non-stop,No info,4804
Multiple carriers,1/06/2019,Delhi,Cochin,DEL → BOM → COK,08:00,21:00,13h,1 stop,No info,13587
IndiGo,3/03/2019,Kolkata,Banglore,CCU → BLR,20:25,23:05,2h 40m,non-stop,No info,6038
Jet Airways,1/05/2019,Kolkata,Banglore,CCU → BOM → BLR,06:30,09:20 02 May,26h 50m,1 stop,In-flight meal not included,9663
Multiple carriers,27/05/2019,Delhi,Cochin,DEL → BOM → COK,12:50,01:30 28 May,12h 40m,1 stop,No info,6795
Air India,24/03/2019,Kolkata,Banglore,CCU → GAU → DEL → BLR,16:45,23:15 25 Mar,30h 30m,2 stops,No info,13885
Multiple carriers,18/05/2019,Delhi,Cochin,DEL → IDR → BOM → COK,15:05,01:30 19 May,10h 25m,2 stops,No info,16840
Jet Airways,9/03/2019,Delhi,Cochin,DEL → BOM → COK,00:20,04:25 10 Mar,28h 5m,1 stop,In-flight meal not included,11848
Jet Airways,6/05/2019,Kolkata,Banglore,CCU → BOM → BLR,21:10,09:20 07 May,12h 10m,1 stop,In-flight meal not included,9663
Jet Airways,1/05/2019,Kolkata,Banglore,CCU → DEL → BLR,17:00,18:00 02 May,25h,1 stop,No info,11467
Jet Airways,24/05/2019,Kolkata,Banglore,CCU → BOM → BLR,14:05,20:45,6h 40m,1 stop,In-flight meal not included,10844
Jet Airways,27/03/2019,Delhi,Cochin,DEL → AMD → BOM → COK,19:10,04:25 28 Mar,9h 15m,2 stops,No info,10976
Air Asia,12/05/2019,Banglore,Delhi,BLR → DEL,23:55,02:45 13 May,2h 50m,non-stop,No info,4483
Jet Airways,18/06/2019,Banglore,Delhi,BLR → DEL,08:20,11:20,3h,non-stop,No info,8016
Multiple carriers,24/06/2019,Delhi,Cochin,DEL → BOM → COK,10:00,01:30 25 Jun,15h 30m,1 stop,No info,13377
IndiGo,24/05/2019,Delhi,Cochin,DEL → BOM → COK,10:35,01:30 25 May,14h 55m,1 stop,No info,7081
SpiceJet,27/03/2019,Chennai,Kolkata,MAA → CCU,08:20,10:35,2h 15m,non-stop,No info,3384
Jet Airways,9/06/2019,Delhi,Cochin,DEL → BOM → COK,22:50,12:35 10 Jun,13h 45m,1 stop,In-flight meal not included,10262
IndiGo,6/04/2019,Banglore,Delhi,BLR → DEL,20:00,22:50,2h 50m,non-stop,No info,4823
SpiceJet,3/04/2019,Banglore,Delhi,BLR → DEL,09:30,12:20,2h 50m,non-stop,No check-in baggage included,3919
Air Asia,18/05/2019,Delhi,Cochin,DEL → BLR → COK,07:55,13:25,5h 30m,1 stop,No info,8759
IndiGo,6/06/2019,Delhi,Cochin,DEL → HYD → COK,16:10,22:30,6h 20m,1 stop,No info,6938
Jet Airways,24/03/2019,Kolkata,Banglore,CCU → BOM → BLR,21:10,04:45 25 Mar,7h 35m,1 stop,No info,13759
Jet Airways,21/05/2019,Delhi,Cochin,DEL → BOM → COK,11:30,04:25 22 May,16h 55m,1 stop,In-flight meal not included,12898
Jet Airways,9/06/2019,Kolkata,Banglore,CCU → DEL → BLR,20:25,09:45 10 Jun,13h 20m,1 stop,In-flight meal not included,13469
IndiGo,18/04/2019,Banglore,Delhi,BLR → DEL,21:15,00:15 19 Apr,3h,non-stop,No info,4591
Multiple carriers,21/05/2019,Delhi,Cochin,DEL → BOM → COK,04:55,19:15,14h 20m,1 stop,No info,7575
SpiceJet,21/05/2019,Delhi,Cochin,DEL → BLR → COK,17:55,22:50,4h 55m,1 stop,No info,5975
Jet Airways,27/05/2019,Delhi,Cochin,DEL → JAI → BOM → COK,09:40,04:25 28 May,18h 45m,2 stops,In-flight meal not included,13029
IndiGo,3/03/2019,Mumbai,Hyderabad,BOM → HYD,19:05,20:30,1h 25m,non-stop,No info,5755
IndiGo,9/06/2019,Banglore,Delhi,BLR → DEL,18:55,21:50,2h 55m,non-stop,No info,4823
Multiple carriers,21/03/2019,Delhi,Cochin,DEL → BOM → COK,08:00,21:00,13h,1 stop,No info,6883
Air India,21/05/2019,Delhi,Cochin,DEL → BOM → COK,08:00,19:15,11h 15m,1 stop,No info,8372
Jet Airways,06/03/2019,Banglore,New Delhi,BLR → BOM → DEL,05:45,05:05 07 Mar,23h 20m,1 stop,No info,13555
IndiGo,21/06/2019,Chennai,Kolkata,MAA → CCU,13:15,15:35,2h 20m,non-stop,No info,3597
Air India,21/03/2019,Banglore,New Delhi,BLR → COK → DEL,22:00,13:20 19 Mar,15h 20m,1 stop,No info,6955
Jet Airways,01/03/2019,Banglore,New Delhi,BLR → BOM → DEL,14:05,09:00 02 Mar,18h 55m,1 stop,No info,20800
Jet Airways,9/05/2019,Kolkata,Banglore,CCU → BOM → BLR,06:30,04:40 10 May,22h 10m,1 stop,In-flight meal not included,8586
IndiGo,9/05/2019,Delhi,Cochin,DEL → HYD → COK,16:10,22:30,6h 20m,1 stop,No info,6704
Jet Airways,21/05/2019,Kolkata,Banglore,CCU → BOM → BLR,06:30,19:50,13h 20m,1 stop,In-flight meal not included,10844
IndiGo,21/03/2019,Delhi,Cochin,DEL → BOM → COK,15:00,01:35 22 Mar,10h 35m,1 stop,No info,7006
IndiGo,24/05/2019,Banglore,Delhi,BLR → DEL,18:25,21:20,2h 55m,non-stop,No info,4823
Air India,18/06/2019,Banglore,Delhi,BLR → DEL,05:45,08:45,3h,non-stop,No info,6961
Jet Airways,18/03/2019,Mumbai,Hyderabad,BOM → HYD,02:55,04:25,1h 30m,non-stop,In-flight meal not included,2228
Air India,3/06/2019,Delhi,Cochin,DEL → COK,14:10,17:10,3h,non-stop,No info,6934
SpiceJet,9/04/2019,Kolkata,Banglore,CCU → BLR,17:10,19:40,2h 30m,non-stop,No info,3873
Vistara,18/03/2019,Banglore,New Delhi,BLR → DEL,21:10,00:05 16 Mar,2h 55m,non-stop,No info,11598
IndiGo,3/03/2019,Delhi,Cochin,DEL → MAA → COK,09:55,15:10,5h 15m,1 stop,No info,12214
SpiceJet,15/06/2019,Mumbai,Hyderabad,BOM → HYD,13:15,14:45,1h 30m,non-stop,No info,2017
Multiple carriers,6/03/2019,Delhi,Cochin,DEL → BOM → COK,07:00,15:30,8h 30m,1 stop,No info,15603
IndiGo,24/06/2019,Mumbai,Hyderabad,BOM → HYD,06:25,07:55,1h 30m,non-stop,No info,4049
Jet Airways,9/06/2019,Kolkata,Banglore,CCU → DEL → BLR,17:00,10:55 10 Jun,17h 55m,1 stop,No info,14151
IndiGo,9/06/2019,Delhi,Cochin,DEL → BOM → COK,20:25,01:30 10 Jun,5h 5m,1 stop,No info,5458
Vistara,24/03/2019,Kolkata,Banglore,CCU → DEL → BLR,20:20,20:25 25 Mar,24h 5m,1 stop,No info,11105
Jet Airways,9/05/2019,Kolkata,Banglore,CCU → BOM → BLR,16:30,08:15 10 May,15h 45m,1 stop,No info,13941
IndiGo,27/03/2019,Kolkata,Banglore,CCU → BLR,10:10,12:55,2h 45m,non-stop,No info,4148
Jet Airways,6/05/2019,Kolkata,Banglore,CCU → BOM → BLR,06:30,08:15 07 May,25h 45m,1 stop,In-flight meal not included,8586
Multiple carriers,3/03/2019,Delhi,Cochin,DEL → BOM → COK,13:00,01:35 04 Mar,12h 35m,1 stop,No info,18286
Air India,6/03/2019,Mumbai,Hyderabad,BOM → CCU → HYD,06:10,21:15,15h 5m,1 stop,No info,16666
Jet Airways,6/05/2019,Kolkata,Banglore,CCU → BOM → BLR,08:25,16:20,7h 55m,1 stop,No info,14781
Multiple carriers,27/06/2019,Delhi,Cochin,DEL → HYD → COK,09:45,22:30,12h 45m,1 stop,No info,9646
Jet Airways,9/03/2019,Delhi,Cochin,DEL → BOM → COK,16:00,18:50 10 Mar,26h 50m,1 stop,In-flight meal not included,14053
Air India,06/03/2019,Banglore,New Delhi,BLR → HYD → VGA → DEL,08:15,22:55,14h 40m,2 stops,No info,13942
Jet Airways,15/06/2019,Banglore,Delhi,BLR → DEL,19:50,22:50,3h,non-stop,No info,8016
Vistara,6/03/2019,Delhi,Cochin,DEL → COK,06:00,09:10,3h 10m,non-stop,No info,12411
Jet Airways,18/05/2019,Kolkata,Banglore,CCU → BOM → BLR,16:30,04:40 19 May,12h 10m,1 stop,No info,13941
Multiple carriers,15/05/2019,Delhi,Cochin,DEL → BOM → COK,03:50,12:35,8h 45m,1 stop,No info,10197
SpiceJet,15/03/2019,Chennai,Kolkata,MAA → CCU,08:20,10:35,2h 15m,non-stop,No info,6300
Air India,01/03/2019,Banglore,New Delhi,BLR → BOM → NAG → DEL,08:50,10:35 02 Mar,25h 45m,2 stops,No info,31783
Air India,3/06/2019,Delhi,Cochin,DEL → BLR → COK,17:40,09:35 04 Jun,15h 55m,1 stop,No info,7258
Air India,3/03/2019,Delhi,Cochin,DEL → COK,05:10,08:00,2h 50m,non-stop,No info,7931
Jet Airways,18/05/2019,Kolkata,Banglore,CCU → BOM → BLR,20:00,04:40 19 May,8h 40m,1 stop,No info,13941
IndiGo,27/06/2019,Kolkata,Banglore,CCU → BLR,14:25,16:55,2h 30m,non-stop,No info,4804
Jet Airways,6/03/2019,Delhi,Cochin,DEL → UDR → BOM → COK,17:55,04:25 08 Mar,34h 30m,2 stops,No info,17072
Jet Airways,27/06/2019,Delhi,Cochin,DEL → ATQ → BOM → COK,18:20,19:00 28 Jun,24h 40m,2 stops,No info,14300
SpiceJet,18/05/2019,Mumbai,Hyderabad,BOM → HYD,13:15,14:45,1h 30m,non-stop,No info,2227
Jet Airways,18/04/2019,Delhi,Cochin,DEL → COK,11:00,14:15,3h 15m,non-stop,In-flight meal not included,5443
SpiceJet,24/04/2019,Banglore,Delhi,BLR → DEL,21:10,00:05 25 Apr,2h 55m,non-stop,No info,3625
Air India,15/05/2019,Kolkata,Banglore,CCU → BBI → HYD → BLR,09:10,04:40 16 May,19h 30m,2 stops,No info,6117
Jet Airways,18/06/2019,Delhi,Cochin,DEL → COK,09:50,13:05,3h 15m,non-stop,No info,9564
Jet Airways,6/05/2019,Kolkata,Banglore,CCU → BOM → BLR,21:10,08:15 07 May,11h 5m,1 stop,No info,13584
Jet Airways,1/06/2019,Delhi,Cochin,DEL → BOM → COK,02:15,12:35,10h 20m,1 stop,In-flight meal not included,10262
Jet Airways,9/05/2019,Delhi,Cochin,DEL → AMD → BOM → COK,19:10,19:00 10 May,23h 50m,2 stops,No info,15129
Jet Airways,27/05/2019,Delhi,Cochin,DEL → BOM → COK,13:00,19:00,6h,1 stop,No info,16079
Air India,27/06/2019,Delhi,Cochin,DEL → CCU → BOM → COK,16:55,19:15 28 Jun,26h 20m,2 stops,No info,13591
GoAir,27/06/2019,Delhi,Cochin,DEL → BOM → COK,14:25,19:35,5h 10m,1 stop,No info,7870
Jet Airways,12/03/2019,Banglore,New Delhi,BLR → BOM → DEL,20:35,12:25 13 Mar,15h 50m,1 stop,In-flight meal not included,11087
Air India,24/03/2019,Kolkata,Banglore,CCU → DEL → BLR,07:00,08:55 25 Mar,25h 55m,1 stop,No info,12173
SpiceJet,6/06/2019,Delhi,Cochin,DEL → MAA → COK,15:45,22:05,6h 20m,1 stop,No info,5583
Air Asia,24/03/2019,Banglore,New Delhi,BLR → DEL,23:25,02:10 28 Mar,2h 45m,non-stop,No info,4482
Vistara,12/05/2019,Kolkata,Banglore,CCU → DEL → BLR,07:10,23:25,16h 15m,1 stop,No info,9345
IndiGo,6/05/2019,Banglore,Delhi,BLR → DEL,22:10,01:00 07 May,2h 50m,non-stop,No info,3419
Multiple carriers,15/06/2019,Delhi,Cochin,DEL → BOM → COK,16:00,01:30 16 Jun,9h 30m,1 stop,In-flight meal not included,10196
Jet Airways,24/03/2019,Banglore,New Delhi,BLR → BOM → DEL,05:45,10:25,4h 40m,1 stop,In-flight meal not included,8147
Jet Airways,9/06/2019,Delhi,Cochin,DEL → LKO → BOM → COK,11:45,04:25 10 Jun,16h 40m,2 stops,No info,13882
Air India,15/05/2019,Kolkata,Banglore,CCU → IXR → DEL → BLR,05:50,08:55 16 May,27h 5m,2 stops,No info,12723
Jet Airways,9/06/2019,Delhi,Cochin,DEL → BOM → COK,07:05,19:00,11h 55m,1 stop,In-flight meal not included,10262
Jet Airways,1/06/2019,Delhi,Cochin,DEL → BOM → COK,18:15,04:25 02 Jun,10h 10m,1 stop,In-flight meal not included,10262
IndiGo,1/06/2019,Banglore,Delhi,BLR → DEL,00:25,03:15,2h 50m,non-stop,No info,4077
Jet Airways,21/03/2019,Delhi,Cochin,DEL → BOM → COK,22:00,04:25 22 Mar,6h 25m,1 stop,No info,12242
Jet Airways,27/05/2019,Delhi,Cochin,DEL → BOM → COK,08:00,19:00,11h,1 stop,In-flight meal not included,12239
IndiGo,1/05/2019,Chennai,Kolkata,MAA → CCU,14:45,17:05,2h 20m,non-stop,No info,3597
Air India,18/05/2019,Delhi,Cochin,DEL → AMD → BOM → COK,19:45,19:15 19 May,23h 30m,2 stops,No info,10651
Jet Airways,12/06/2019,Delhi,Cochin,DEL → NAG → BOM → COK,14:35,12:35 13 Jun,22h,2 stops,In-flight meal not included,10919
Jet Airways,27/03/2019,Delhi,Cochin,DEL → IDR → BOM → COK,05:25,04:25 28 Mar,23h,2 stops,In-flight meal not included,9254
Jet Airways,18/05/2019,Banglore,Delhi,BLR → DEL,19:50,22:50,3h,non-stop,In-flight meal not included,5198
Jet Airways,09/03/2019,Banglore,New Delhi,BLR → BOM → DEL,05:45,10:25,4h 40m,1 stop,In-flight meal not included,11087
IndiGo,21/03/2019,Delhi,Cochin,DEL → BOM → COK,20:30,01:35 22 Mar,5h 5m,1 stop,No info,6232
SpiceJet,27/05/2019,Kolkata,Banglore,CCU → BLR,06:55,09:30,2h 35m,non-stop,No check-in baggage included,3841
Air India,1/05/2019,Mumbai,Hyderabad,BOM → HYD,19:30,20:45,1h 15m,non-stop,No info,3100
IndiGo,6/04/2019,Banglore,Delhi,BLR → DEL,18:55,21:50,2h 55m,non-stop,No info,4823
Air India,6/06/2019,Kolkata,Banglore,CCU → BOM → GOI → BLR,16:50,05:35 07 Jun,12h 45m,2 stops,No info,11432
Jet Airways,6/06/2019,Kolkata,Banglore,CCU → BOM → BLR,14:05,20:45,6h 40m,1 stop,In-flight meal not included,10844
Jet Airways,3/06/2019,Delhi,Cochin,DEL → BOM → COK,22:50,12:35 04 Jun,13h 45m,1 stop,No info,14714
Jet Airways,21/05/2019,Kolkata,Banglore,CCU → BOM → BLR,21:10,08:15 22 May,11h 5m,1 stop,In-flight meal not included,10844
IndiGo,18/06/2019,Banglore,Delhi,BLR → DEL,18:55,21:50,2h 55m,non-stop,No info,4823
Jet Airways,12/06/2019,Kolkata,Banglore,CCU → DEL → BLR,09:35,09:45 13 Jun,24h 10m,1 stop,No info,12692
Vistara,03/03/2019,Banglore,New Delhi,BLR → AMD → DEL,06:40,12:35,5h 55m,1 stop,No info,12476
Air Asia,27/05/2019,Delhi,Cochin,DEL → BLR → COK,16:45,06:35 28 May,13h 50m,1 stop,No info,6752
Jet Airways,18/05/2019,Kolkata,Banglore,CCU → BOM → BLR,18:55,16:20 19 May,21h 25m,1 stop,In-flight meal not included,10844
Jet Airways,15/03/2019,Banglore,New Delhi,BLR → BOM → DEL,08:00,13:15,5h 15m,1 stop,In-flight meal not included,9134
Air India,3/06/2019,Delhi,Cochin,DEL → BOM → COK,03:50,19:15,15h 25m,1 stop,No info,8669
Air India,18/05/2019,Kolkata,Banglore,CCU → DEL → AMD → BLR,10:00,05:25 19 May,19h 25m,2 stops,No info,14109
Jet Airways,12/06/2019,Kolkata,Banglore,CCU → BOM → BLR,08:25,10:05 13 Jun,25h 40m,1 stop,In-flight meal not included,8529
IndiGo,27/03/2019,Chennai,Kolkata,MAA → CCU,05:15,07:35,2h 20m,non-stop,No info,4326
SpiceJet,27/05/2019,Mumbai,Hyderabad,BOM → HYD,05:45,07:15,1h 30m,non-stop,No info,2017
GoAir,09/03/2019,Banglore,New Delhi,BLR → DEL,11:40,14:35,2h 55m,non-stop,No info,7305
SpiceJet,6/06/2019,Mumbai,Hyderabad,BOM → HYD,05:45,07:15,1h 30m,non-stop,No check-in baggage included,2647
IndiGo,24/05/2019,Chennai,Kolkata,MAA → CCU,07:55,10:15,2h 20m,non-stop,No info,3850
Jet Airways,1/04/2019,Kolkata,Banglore,CCU → BOM → BLR,21:10,09:20 02 Apr,12h 10m,1 stop,No info,13364
Multiple carriers,18/05/2019,Delhi,Cochin,DEL → BOM → COK,09:00,21:00,12h,1 stop,No info,13727
Multiple carriers,21/05/2019,Delhi,Cochin,DEL → HYD → COK,17:15,00:55 22 May,7h 40m,1 stop,No info,7858
IndiGo,9/06/2019,Delhi,Cochin,DEL → BOM → COK,10:35,01:30 10 Jun,14h 55m,1 stop,No info,6104
Jet Airways,15/05/2019,Kolkata,Banglore,CCU → DEL → BLR,20:25,14:25 16 May,18h,1 stop,No info,11467
Jet Airways,9/06/2019,Delhi,Cochin,DEL → BOM → COK,07:05,04:25 10 Jun,21h 20m,1 stop,In-flight meal not included,10262
Multiple carriers,27/05/2019,Delhi,Cochin,DEL → BOM → COK,08:30,19:00,10h 30m,1 stop,No info,9627
Multiple carriers,27/03/2019,Delhi,Cochin,DEL → BOM → COK,06:00,19:15,13h 15m,1 stop,No info,8371
Jet Airways,01/03/2019,Banglore,New Delhi,BLR → BOM → DEL,08:55,16:10,7h 15m,1 stop,No info,26890
IndiGo,12/05/2019,Kolkata,Banglore,CCU → HYD → BLR,04:50,09:50,5h,1 stop,No info,4176
IndiGo,24/06/2019,Delhi,Cochin,DEL → HYD → COK,07:35,12:10,4h 35m,1 stop,No info,5054
SpiceJet,1/05/2019,Kolkata,Banglore,CCU → BLR,09:00,11:25,2h 25m,non-stop,No check-in baggage included,3841
Jet Airways,9/05/2019,Kolkata,Banglore,CCU → BOM → BLR,20:00,12:00 10 May,16h,1 stop,In-flight meal not included,9663
IndiGo,24/03/2019,Chennai,Kolkata,MAA → CCU,05:15,07:35,2h 20m,non-stop,No info,4326
Jet Airways,12/05/2019,Kolkata,Banglore,CCU → BOM → BLR,18:55,10:05 13 May,15h 10m,1 stop,No info,14388
Jet Airways,15/06/2019,Delhi,Cochin,DEL → BOM → COK,10:00,19:00,9h,1 stop,No info,14714
Jet Airways,01/03/2019,Banglore,New Delhi,BLR → BOM → DEL,16:55,00:45 02 Mar,7h 50m,1 stop,No info,26890
IndiGo,18/05/2019,Kolkata,Banglore,CCU → BLR,04:40,07:15,2h 35m,non-stop,No info,4804
IndiGo,15/05/2019,Delhi,Cochin,DEL → MAA → COK,02:00,07:25,5h 25m,1 stop,No info,8618
Multiple carriers,9/05/2019,Delhi,Cochin,DEL → BOM → COK,11:30,19:15,7h 45m,1 stop,No info,14323
Multiple carriers,21/05/2019,Delhi,Cochin,DEL → BOM → COK,14:00,21:00,7h,1 stop,No info,14067
Jet Airways,27/03/2019,Delhi,Cochin,DEL → BOM → COK,20:50,04:25 28 Mar,7h 35m,1 stop,No info,12242
Jet Airways,24/06/2019,Banglore,Delhi,BLR → DEL,17:45,20:45,3h,non-stop,No info,8016
Air India,3/04/2019,Delhi,Cochin,DEL → BLR → COK,20:30,23:00 04 Apr,26h 30m,1 stop,No info,5022
Air India,6/03/2019,Delhi,Cochin,DEL → COK,05:10,08:00,2h 50m,non-stop,No info,6881
Air India,12/06/2019,Delhi,Cochin,DEL → LKO → BOM → COK,07:10,19:15,12h 5m,2 stops,No info,12488
IndiGo,21/03/2019,Banglore,New Delhi,BLR → DEL,01:30,04:15,2h 45m,non-stop,No info,4777
Air India,21/05/2019,Delhi,Cochin,DEL → JAI → BOM → COK,18:45,19:15 22 May,24h 30m,2 stops,No info,12257
Air Asia,18/06/2019,Kolkata,Banglore,CCU → BLR,22:50,01:20 19 Jun,2h 30m,non-stop,No info,3807
IndiGo,3/03/2019,Mumbai,Hyderabad,BOM → HYD,20:05,21:35,1h 30m,non-stop,No info,5232
Air India,24/06/2019,Banglore,Delhi,BLR → DEL,13:20,16:10,2h 50m,non-stop,No info,6961
Vistara,24/03/2019,Kolkata,Banglore,CCU → DEL → BLR,07:10,22:55,15h 45m,1 stop,No info,12732
Air Asia,24/06/2019,Delhi,Cochin,DEL → BLR → COK,16:45,06:35 25 Jun,13h 50m,1 stop,No info,6752
IndiGo,15/05/2019,Chennai,Kolkata,MAA → CCU,22:05,00:25 16 May,2h 20m,non-stop,No info,5277
Jet Airways,18/05/2019,Kolkata,Banglore,CCU → DEL → BLR,09:35,19:10,9h 35m,1 stop,No info,13067
Jet Airways,9/05/2019,Delhi,Cochin,DEL → AMD → BOM → COK,23:05,04:25 11 May,29h 20m,2 stops,No info,15129
Air Asia,1/03/2019,Kolkata,Banglore,CCU → BLR,10:20,12:55,2h 35m,non-stop,No info,5620
IndiGo,27/04/2019,Delhi,Cochin,DEL → HYD → COK,08:35,16:10,7h 35m,1 stop,No info,6442
Air India,12/03/2019,Kolkata,Banglore,CCU → BLR,20:45,23:20,2h 35m,non-stop,No info,4435
SpiceJet,24/03/2019,Kolkata,Banglore,CCU → BLR,17:15,19:45,2h 30m,non-stop,No info,6461
IndiGo,03/03/2019,Banglore,New Delhi,BLR → DEL,20:00,22:55,2h 55m,non-stop,No info,6860
IndiGo,6/06/2019,Delhi,Cochin,DEL → HYD → COK,07:35,16:10,8h 35m,1 stop,No info,6674
SpiceJet,9/06/2019,Delhi,Cochin,DEL → MAA → COK,15:45,22:05,6h 20m,1 stop,No info,6297
Air India,6/05/2019,Kolkata,Banglore,CCU → DEL → VGA → BLR,07:00,10:00 07 May,27h,2 stops,No info,14508
Jet Airways,27/03/2019,Delhi,Cochin,DEL → IDR → BOM → COK,05:25,19:45 28 Mar,38h 20m,2 stops,In-flight meal not included,9254
IndiGo,9/05/2019,Delhi,Cochin,DEL → HYD → COK,08:35,22:30,13h 55m,1 stop,No info,6734
Jet Airways,21/06/2019,Mumbai,Hyderabad,BOM → HYD,10:20,11:50,1h 30m,non-stop,No info,8040
GoAir,15/04/2019,Delhi,Cochin,DEL → AMD → COK,07:25,13:35,6h 10m,1 stop,No info,5052
SpiceJet,01/03/2019,Banglore,New Delhi,BLR → HYD → DEL,15:35,23:40,8h 5m,1 stop,1 Long layover,7744
Jet Airways,18/05/2019,Delhi,Cochin,DEL → JAI → BOM → COK,09:40,12:35 19 May,26h 55m,2 stops,No info,15129
IndiGo,15/06/2019,Banglore,Delhi,BLR → DEL,13:00,15:50,2h 50m,non-stop,No info,3943
Multiple carriers,27/06/2019,Delhi,Cochin,DEL → HYD → COK,09:45,16:10,6h 25m,1 stop,No info,9646
IndiGo,9/05/2019,Mumbai,Hyderabad,BOM → HYD,06:25,07:55,1h 30m,non-stop,No info,4049
IndiGo,27/06/2019,Delhi,Cochin,DEL → HYD → COK,08:35,16:10,7h 35m,1 stop,No info,6442
Jet Airways,06/03/2019,Banglore,New Delhi,BLR → BOM → DEL,22:50,05:05 07 Mar,6h 15m,1 stop,No info,19225
IndiGo,09/03/2019,Banglore,New Delhi,BLR → MAA → DEL,06:25,11:30,5h 5m,1 stop,No info,8434
Jet Airways,27/05/2019,Delhi,Cochin,DEL → BOM → COK,07:05,04:25 28 May,21h 20m,1 stop,In-flight meal not included,12898
GoAir,15/03/2019,Banglore,New Delhi,BLR → GOI → DEL,15:45,20:15,4h 30m,1 stop,No info,7657
Air India,24/05/2019,Kolkata,Banglore,CCU → BBI → BLR,09:10,13:15,4h 5m,1 stop,No info,8996
SpiceJet,27/06/2019,Mumbai,Hyderabad,BOM → HYD,13:15,14:45,1h 30m,non-stop,No info,2017
IndiGo,27/03/2019,Delhi,Cochin,DEL → MAA → COK,02:05,07:25,5h 20m,1 stop,No info,4744
Air India,9/03/2019,Delhi,Cochin,DEL → BOM → COK,08:40,19:15,10h 35m,1 stop,No info,18959
IndiGo,24/06/2019,Mumbai,Hyderabad,BOM → HYD,09:10,10:40,1h 30m,non-stop,No info,4049
Jet Airways,01/03/2019,Banglore,New Delhi,BLR → BOM → DEL,11:40,18:25,6h 45m,1 stop,No info,26890
Air Asia,9/03/2019,Kolkata,Banglore,CCU → BLR,10:20,12:55,2h 35m,non-stop,No info,4384
Vistara,15/05/2019,Banglore,Delhi,BLR → DEL,19:30,22:15,2h 45m,non-stop,No info,4878
Jet Airways,9/03/2019,Delhi,Cochin,DEL → ATQ → BOM → COK,08:20,04:25 10 Mar,20h 5m,2 stops,No info,18909
Jet Airways,01/03/2019,Banglore,New Delhi,BLR → BOM → DEL,11:40,00:45 02 Mar,13h 5m,1 stop,No info,26890
SpiceJet,15/04/2019,Kolkata,Banglore,CCU → BLR,09:00,11:25,2h 25m,non-stop,No info,4174
IndiGo,15/03/2019,Delhi,Cochin,DEL → COK,05:35,08:50,3h 15m,non-stop,No info,5406
Jet Airways,12/03/2019,Banglore,New Delhi,BLR → BOM → DEL,18:55,18:25 13 Mar,23h 30m,1 stop,In-flight meal not included,11087
Multiple carriers,6/06/2019,Delhi,Cochin,DEL → BOM → COK,06:00,19:00,13h,1 stop,No info,11789
Jet Airways,9/06/2019,Kolkata,Banglore,CCU → DEL → BLR,20:25,22:05 10 Jun,25h 40m,1 stop,No info,12692
Jet Airways,6/06/2019,Delhi,Cochin,DEL → BOM → COK,13:00,04:25 07 Jun,15h 25m,1 stop,In-flight meal not included,10262
Jet Airways,01/03/2019,Banglore,New Delhi,BLR → BOM → DEL,22:50,20:20 02 Mar,21h 30m,1 stop,No info,25735
Air India,15/05/2019,Delhi,Cochin,DEL → HYD → MAA → COK,07:05,09:25 16 May,26h 20m,2 stops,No info,10975
Vistara,9/03/2019,Chennai,Kolkata,MAA → CCU,07:05,09:20,2h 15m,non-stop,No info,6627
Jet Airways,15/05/2019,Kolkata,Banglore,CCU → DEL → BLR,17:00,19:10 16 May,26h 10m,1 stop,No info,14151
IndiGo,15/04/2019,Banglore,Delhi,BLR → DEL,04:00,06:50,2h 50m,non-stop,No info,4423
IndiGo,3/05/2019,Mumbai,Hyderabad,BOM → HYD,09:10,10:40,1h 30m,non-stop,No info,5755
Jet Airways,24/06/2019,Delhi,Cochin,DEL → BHO → BOM → COK,05:30,12:35,7h 5m,2 stops,In-flight meal not included,13344
Vistara,9/06/2019,Banglore,Delhi,BLR → DEL,19:30,22:15,2h 45m,non-stop,No info,4878
Air India,1/04/2019,Kolkata,Banglore,CCU → GAU → BLR,09:50,21:05,11h 15m,1 stop,No info,8030
SpiceJet,27/06/2019,Banglore,Delhi,BLR → DEL,21:10,00:05 28 Jun,2h 55m,non-stop,No check-in baggage included,4319
Air India,24/06/2019,Delhi,Cochin,DEL → RPR → NAG → BOM → COK,05:15,19:15 25 Jun,38h,3 stops,No info,10493
IndiGo,12/04/2019,Kolkata,Banglore,CCU → BLR,04:40,07:15,2h 35m,non-stop,No info,4174
IndiGo,3/03/2019,Kolkata,Banglore,CCU → BLR,09:35,12:20,2h 45m,non-stop,No info,6565
Air India,9/05/2019,Kolkata,Banglore,CCU → BOM → BLR,16:50,18:30 10 May,25h 40m,1 stop,No info,8576
Multiple carriers,27/03/2019,Delhi,Cochin,DEL → HYD → MAA → COK,09:45,21:20,11h 35m,2 stops,No info,6653
Air India,1/06/2019,Banglore,Delhi,BLR → DEL,10:00,12:45,2h 45m,non-stop,No info,6961
Jet Airways,21/04/2019,Delhi,Cochin,DEL → COK,11:00,14:15,3h 15m,non-stop,In-flight meal not included,7202
Air India,6/06/2019,Delhi,Cochin,DEL → CCU → BOM → COK,14:25,19:15 07 Jun,28h 50m,2 stops,No info,13591
Jet Airways,18/05/2019,Mumbai,Hyderabad,BOM → HYD,07:05,08:30,1h 25m,non-stop,In-flight meal not included,4050
SpiceJet,24/04/2019,Delhi,Cochin,DEL → BLR → COK,17:55,22:50,4h 55m,1 stop,No info,4957
Jet Airways,18/05/2019,Delhi,Cochin,DEL → BOM → COK,22:50,04:25 19 May,5h 35m,1 stop,No info,15554
Multiple carriers,6/03/2019,Delhi,Cochin,DEL → BOM → COK,09:00,21:00,12h,1 stop,In-flight meal not included,15136
Air India,3/06/2019,Delhi,Cochin,DEL → LKO → BOM → COK,07:10,07:40 04 Jun,24h 30m,2 stops,No info,12698
IndiGo,03/03/2019,Banglore,New Delhi,BLR → DEL,07:10,10:05,2h 55m,non-stop,No info,7648
Vistara,1/04/2019,Kolkata,Banglore,CCU → DEL → BLR,07:10,09:05 02 Apr,25h 55m,1 stop,No info,7980
Jet Airways,12/06/2019,Kolkata,Banglore,CCU → GAU → BLR,10:20,17:35,7h 15m,1 stop,In-flight meal not included,5608
Multiple carriers,18/05/2019,Delhi,Cochin,DEL → BOM → COK,08:00,19:00,11h,1 stop,No info,10197
Jet Airways,3/06/2019,Delhi,Cochin,DEL → BOM → COK,22:50,04:25 04 Jun,5h 35m,1 stop,No info,14714
Air India,12/06/2019,Delhi,Cochin,DEL → GOI → BOM → COK,22:00,19:15 13 Jun,21h 15m,2 stops,No info,10231
Air India,3/03/2019,Delhi,Cochin,DEL → AMD → BOM → COK,16:40,19:15 04 Mar,26h 35m,2 stops,No info,14221
IndiGo,6/06/2019,Kolkata,Banglore,CCU → BLR,04:40,07:15,2h 35m,non-stop,No info,4804
Jet Airways,24/03/2019,Kolkata,Banglore,CCU → BOM → BLR,08:25,16:20,7h 55m,1 stop,In-flight meal not included,10031
Air India,21/06/2019,Delhi,Cochin,DEL → COK,18:05,21:10,3h 5m,non-stop,No info,5411
SpiceJet,27/04/2019,Kolkata,Banglore,CCU → BLR,09:00,11:25,2h 25m,non-stop,No info,4174
IndiGo,15/05/2019,Banglore,Delhi,BLR → DEL,08:30,11:20,2h 50m,non-stop,No info,4823
Jet Airways,6/05/2019,Kolkata,Banglore,CCU → DEL → BLR,17:00,23:35,6h 35m,1 stop,No info,12121
Jet Airways,9/06/2019,Delhi,Cochin,DEL → NAG → BOM → COK,14:35,12:35 10 Jun,22h,2 stops,No info,13376
Jet Airways,27/03/2019,Mumbai,Hyderabad,BOM → HYD,02:55,04:25,1h 30m,non-stop,In-flight meal not included,1840
IndiGo,1/04/2019,Kolkata,Banglore,CCU → BLR,11:30,14:05,2h 35m,non-stop,No info,4174
Air India,6/05/2019,Kolkata,Banglore,CCU → BOM → COK → BLR,16:50,15:05 07 May,22h 15m,2 stops,No info,12434
IndiGo,9/06/2019,Kolkata,Banglore,CCU → BLR,14:25,16:55,2h 30m,non-stop,No info,5644
SpiceJet,3/05/2019,Kolkata,Banglore,CCU → BLR,09:00,11:25,2h 25m,non-stop,No info,3873
Jet Airways,9/06/2019,Delhi,Cochin,DEL → JDH → BOM → COK,11:40,19:00,7h 20m,2 stops,In-flight meal not included,15812
IndiGo,9/05/2019,Kolkata,Banglore,CCU → BLR,21:25,00:05 10 May,2h 40m,non-stop,No info,4804
IndiGo,09/03/2019,Banglore,New Delhi,BLR → DEL,13:10,16:10,3h,non-stop,No info,8033
Air India,18/03/2019,Banglore,New Delhi,BLR → DEL,13:20,16:10,2h 50m,non-stop,No info,4441
Jet Airways,24/05/2019,Kolkata,Banglore,CCU → BOM → BLR,18:55,10:05 25 May,15h 10m,1 stop,No info,13731
Jet Airways,3/06/2019,Mumbai,Hyderabad,BOM → HYD,19:35,21:05,1h 30m,non-stop,In-flight meal not included,3210
Vistara,15/06/2019,Banglore,Delhi,BLR → DEL,17:00,19:35,2h 35m,non-stop,No info,4878
Air India,12/06/2019,Delhi,Cochin,DEL → MAA → COK,20:40,09:25 13 Jun,12h 45m,1 stop,No info,7480
Jet Airways,21/04/2019,Banglore,Delhi,BLR → DEL,15:15,18:10,2h 55m,non-stop,No info,7229
IndiGo,3/05/2019,Chennai,Kolkata,MAA → CCU,22:05,00:25 04 May,2h 20m,non-stop,No info,5277
Multiple carriers,9/05/2019,Delhi,Cochin,DEL → BOM → COK,06:00,19:00,13h,1 stop,No info,9794
Air India,9/05/2019,Delhi,Cochin,DEL → BHO → BOM → COK,05:55,19:15,13h 20m,2 stops,No info,10861
Jet Airways,6/06/2019,Delhi,Cochin,DEL → BOM → COK,19:15,04:25 07 Jun,9h 10m,1 stop,No info,14714
Multiple carriers,1/06/2019,Delhi,Cochin,DEL → BOM → COK,10:00,21:00,11h,1 stop,No info,13587
Vistara,15/05/2019,Kolkata,Banglore,CCU → DEL → BLR,20:20,22:40 16 May,26h 20m,1 stop,No info,8452
IndiGo,15/06/2019,Delhi,Cochin,DEL → HYD → COK,14:20,22:30,8h 10m,1 stop,No info,6412
IndiGo,3/05/2019,Mumbai,Hyderabad,BOM → HYD,20:05,21:40,1h 35m,non-stop,No info,2754
Multiple carriers,9/06/2019,Delhi,Cochin,DEL → GWL → IDR → BOM → COK,11:35,01:30 10 Jun,13h 55m,3 stops,No info,15419
Air India,15/06/2019,Mumbai,Hyderabad,BOM → HYD,19:30,20:45,1h 15m,non-stop,No info,3100
IndiGo,15/05/2019,Delhi,Cochin,DEL → BOM → COK,18:35,01:30 16 May,6h 55m,1 stop,No info,7191
IndiGo,27/06/2019,Delhi,Cochin,DEL → BOM → COK,11:25,01:30 28 Jun,14h 5m,1 stop,No info,5684
Air India,27/05/2019,Delhi,Cochin,DEL → BOM → COK,20:00,19:15 28 May,23h 15m,1 stop,No info,8372
Jet Airways,1/05/2019,Kolkata,Banglore,CCU → DEL → BLR,20:25,19:10 02 May,22h 45m,1 stop,No info,11467
Multiple carriers,15/06/2019,Delhi,Cochin,DEL → BOM → COK,07:00,19:00,12h,1 stop,No info,12192
Air India,21/03/2019,Banglore,New Delhi,BLR → MAA → DEL,11:50,19:50,8h,1 stop,No info,5932
Multiple carriers,27/05/2019,Delhi,Cochin,DEL → BOM → COK,11:40,01:30 28 May,13h 50m,1 stop,No info,6795
IndiGo,27/06/2019,Delhi,Cochin,DEL → HYD → COK,08:35,22:30,13h 55m,1 stop,No info,6442
Jet Airways,24/03/2019,Kolkata,Banglore,CCU → BOM → BLR,21:10,20:40 25 Mar,23h 30m,1 stop,In-flight meal not included,10031
SpiceJet,15/03/2019,Kolkata,Banglore,CCU → BLR,09:00,11:30,2h 30m,non-stop,No check-in baggage included,3815
IndiGo,27/03/2019,Delhi,Cochin,DEL → BOM → COK,07:30,13:20,5h 50m,1 stop,No info,8227
Air India,9/05/2019,Banglore,Delhi,BLR → DEL,17:00,19:45,2h 45m,non-stop,No info,5228
Jet Airways,18/05/2019,Kolkata,Banglore,CCU → BOM → BLR,14:05,23:35,9h 30m,1 stop,In-flight meal not included,10844
Jet Airways,27/03/2019,Delhi,Cochin,DEL → BOM → COK,09:00,18:50,9h 50m,1 stop,No info,12032
Air India,12/05/2019,Kolkata,Banglore,CCU → MAA → BLR,14:35,14:35 13 May,24h,1 stop,No info,6528
SpiceJet,24/04/2019,Kolkata,Banglore,CCU → BLR,06:55,09:30,2h 35m,non-stop,No info,3873
Jet Airways,21/05/2019,Kolkata,Banglore,CCU → BOM → BLR,08:25,19:50,11h 25m,1 stop,No info,14781
Jet Airways,12/05/2019,Kolkata,Banglore,CCU → BOM → BLR,06:30,09:20 13 May,26h 50m,1 stop,In-flight meal not included,9663
SpiceJet,24/03/2019,Banglore,New Delhi,BLR → DEL,05:45,08:35,2h 50m,non-stop,No check-in baggage included,4273
IndiGo,15/03/2019,Mumbai,Hyderabad,BOM → HYD,16:55,18:25,1h 30m,non-stop,No info,3175
IndiGo,24/04/2019,Delhi,Cochin,DEL → BOM → COK,16:00,21:00,5h,1 stop,No info,5065
Jet Airways,15/05/2019,Kolkata,Banglore,CCU → DEL → BLR,17:00,10:55 16 May,17h 55m,1 stop,No info,14151
Multiple carriers,12/06/2019,Delhi,Cochin,DEL → BOM → COK,07:05,21:00,13h 55m,1 stop,In-flight meal not included,10406
Air India,1/04/2019,Delhi,Cochin,DEL → MAA → COK,17:20,09:25 02 Apr,16h 5m,1 stop,No info,5117
Multiple carriers,6/03/2019,Delhi,Cochin,DEL → BOM → COK,08:00,15:30,7h 30m,1 stop,No info,15078
Air India,01/03/2019,Banglore,New Delhi,BLR → CCU → GAU → DEL,05:50,22:10,16h 20m,2 stops,Change airports,13366
Jet Airways,3/05/2019,Mumbai,Hyderabad,BOM → HYD,10:20,11:50,1h 30m,non-stop,In-flight meal not included,4995
IndiGo,3/04/2019,Delhi,Cochin,DEL → MAA → COK,02:00,07:25,5h 25m,1 stop,No info,4744
Air India,24/06/2019,Banglore,Delhi,BLR → DEL,10:00,12:45,2h 45m,non-stop,No info,6961
Jet Airways,1/04/2019,Kolkata,Banglore,CCU → BOM → BLR,16:30,20:45 02 Apr,28h 15m,1 stop,No info,12681
Jet Airways,1/04/2019,Kolkata,Banglore,CCU → BOM → BLR,06:30,18:15,11h 45m,1 stop,In-flight meal not included,7064
Jet Airways,6/04/2019,Delhi,Cochin,DEL → BOM → COK,02:15,12:35,10h 20m,1 stop,In-flight meal not included,5177
Jet Airways,12/03/2019,Mumbai,Hyderabad,BOM → DEL → HYD,03:00,16:35,13h 35m,1 stop,No info,22294
Multiple carriers,9/05/2019,Delhi,Cochin,DEL → IDR → BOM → COK,15:05,01:30 10 May,10h 25m,2 stops,No info,18191
IndiGo,24/03/2019,Mumbai,Hyderabad,BOM → HYD,19:05,20:30,1h 25m,non-stop,No info,2754
Jet Airways,12/06/2019,Delhi,Cochin,DEL → ATQ → BOM → COK,08:10,12:35 13 Jun,28h 25m,2 stops,No info,14300
Multiple carriers,3/06/2019,Delhi,Cochin,DEL → BOM → COK,06:00,21:00,15h,1 stop,No info,8475
Air India,24/06/2019,Delhi,Cochin,DEL → HYD → MAA → COK,09:45,09:25 25 Jun,23h 40m,2 stops,No info,10975
Air Asia,12/05/2019,Kolkata,Banglore,CCU → BLR,22:50,01:20 13 May,2h 30m,non-stop,No info,4409
IndiGo,9/06/2019,Kolkata,Banglore,CCU → PNQ → BLR,21:00,02:15 10 Jun,5h 15m,1 stop,No info,6911
IndiGo,27/06/2019,Banglore,Delhi,BLR → DEL,23:30,02:20 28 Jun,2h 50m,non-stop,No info,3943
Multiple carriers,18/05/2019,Delhi,Cochin,DEL → BOM → COK,08:00,21:00,13h,1 stop,No info,13727
Multiple carriers,6/03/2019,Delhi,Cochin,DEL → BOM → COK,11:30,19:15,7h 45m,1 stop,In-flight meal not included,15342
Jet Airways,18/05/2019,Delhi,Cochin,DEL → AMD → BOM → COK,19:10,19:00 19 May,23h 50m,2 stops,No info,16704
Jet Airways,21/05/2019,Delhi,Cochin,DEL → BOM → COK,17:30,19:00 22 May,25h 30m,1 stop,In-flight meal not included,12898
Jet Airways,09/03/2019,Banglore,New Delhi,BLR → BOM → DEL,08:55,10:45 13 Mar,25h 50m,1 stop,In-flight meal not included,11087
SpiceJet,6/03/2019,Chennai,Kolkata,MAA → CCU,17:45,20:05,2h 20m,non-stop,No info,7298
Jet Airways,9/06/2019,Kolkata,Banglore,CCU → BOM → BLR,20:00,16:20 10 Jun,20h 20m,1 stop,No info,14571
Multiple carriers,9/06/2019,Delhi,Cochin,DEL → BOM → COK,10:00,19:00,9h,1 stop,No info,12192
IndiGo,3/03/2019,Delhi,Cochin,DEL → HYD → COK,16:10,22:20,6h 10m,1 stop,No info,11237
Jet Airways,12/05/2019,Kolkata,Banglore,CCU → DEL → BLR,20:25,23:35 13 May,27h 10m,1 stop,In-flight meal not included,8066
Jet Airways,12/06/2019,Delhi,Cochin,DEL → JAI → BOM → COK,05:30,19:00,13h 30m,2 stops,No info,13014
Multiple carriers,6/03/2019,Delhi,Cochin,DEL → BOM → COK,17:30,01:35 07 Mar,8h 5m,1 stop,No info,17057
Vistara,21/03/2019,Banglore,New Delhi,BLR → DEL,09:50,12:35,2h 45m,non-stop,No info,4878
Air Asia,9/03/2019,Kolkata,Banglore,CCU → BLR,19:35,22:05,2h 30m,non-stop,No info,4384
Multiple carriers,21/03/2019,Delhi,Cochin,DEL → BOM → COK,09:00,19:15,10h 15m,1 stop,No info,13378
SpiceJet,1/04/2019,Kolkata,Banglore,CCU → BLR,06:55,09:30,2h 35m,non-stop,No info,3873
IndiGo,24/06/2019,Delhi,Cochin,DEL → LKO → COK,21:50,03:35 25 Jun,5h 45m,1 stop,No info,5775
Jet Airways,6/05/2019,Delhi,Cochin,DEL → JAI → BOM → COK,05:30,04:25 07 May,22h 55m,2 stops,No info,15129
GoAir,9/06/2019,Delhi,Cochin,DEL → BOM → COK,10:35,19:35,9h,1 stop,No info,5281
Multiple carriers,18/05/2019,Delhi,Cochin,DEL → BOM → COK,09:00,19:15,10h 15m,1 stop,No info,14533
IndiGo,1/06/2019,Delhi,Cochin,DEL → HYD → COK,14:20,22:30,8h 10m,1 stop,No info,6938
Jet Airways,3/06/2019,Delhi,Cochin,DEL → BOM → COK,19:45,19:00 04 Jun,23h 15m,1 stop,In-flight meal not included,10262
Jet Airways,6/05/2019,Kolkata,Banglore,CCU → DEL → BLR,09:35,18:00,8h 25m,1 stop,No info,13067
Jet Airways,9/03/2019,Mumbai,Hyderabad,BOM → HYD,19:40,21:10,1h 30m,non-stop,In-flight meal not included,4050
Jet Airways,24/05/2019,Kolkata,Banglore,CCU → BOM → BLR,21:10,08:15 25 May,11h 5m,1 stop,No info,14178
Multiple carriers,15/06/2019,Delhi,Cochin,DEL → HYD → COK,07:10,16:10,9h,1 stop,In-flight meal not included,6093
Jet Airways,24/06/2019,Delhi,Cochin,DEL → ATQ → BOM → COK,20:00,04:25 25 Jun,8h 25m,2 stops,In-flight meal not included,12410
SpiceJet,9/05/2019,Kolkata,Banglore,CCU → MAA → BLR,15:05,20:20,5h 15m,1 stop,No info,4963
Air Asia,6/05/2019,Kolkata,Banglore,CCU → BLR,19:55,22:25,2h 30m,non-stop,No info,4409
IndiGo,1/06/2019,Banglore,Delhi,BLR → DEL,23:30,02:20 02 Jun,2h 50m,non-stop,No info,4591
Jet Airways,6/05/2019,Kolkata,Banglore,CCU → DEL → BLR,20:25,15:05 07 May,18h 40m,1 stop,No info,13067
Air Asia,18/05/2019,Kolkata,Banglore,CCU → DEL → BLR,07:35,19:25,11h 50m,1 stop,No info,5192
IndiGo,6/05/2019,Mumbai,Hyderabad,BOM → HYD,09:10,10:40,1h 30m,non-stop,No info,4049
GoAir,12/05/2019,Kolkata,Banglore,CCU → AMD → BLR,16:40,00:15 13 May,7h 35m,1 stop,No info,8855
Multiple carriers,27/05/2019,Delhi,Cochin,DEL → HYD → COK,07:10,16:10,9h,1 stop,No info,7878
IndiGo,18/06/2019,Mumbai,Hyderabad,BOM → HYD,06:25,07:55,1h 30m,non-stop,No info,4049
Jet Airways,21/03/2019,Delhi,Cochin,DEL → BOM → COK,19:45,04:25 22 Mar,8h 40m,1 stop,In-flight meal not included,5963
SpiceJet,6/06/2019,Chennai,Kolkata,MAA → CCU,09:45,12:00,2h 15m,non-stop,No info,3597
GoAir,21/05/2019,Delhi,Cochin,DEL → BOM → COK,07:00,12:55,5h 55m,1 stop,No info,6633
IndiGo,24/03/2019,Banglore,New Delhi,BLR → DEL,06:00,08:45,2h 45m,non-stop,No info,4777
Air India,21/03/2019,Delhi,Cochin,DEL → HYD → MAA → COK,13:15,09:25 22 Mar,20h 10m,2 stops,No info,7107
Air India,12/03/2019,Mumbai,Hyderabad,BOM → HYD,19:30,20:45,1h 15m,non-stop,No info,4307
SpiceJet,3/04/2019,Kolkata,Banglore,CCU → BLR,17:10,19:40,2h 30m,non-stop,No check-in baggage included,3841
Multiple carriers,9/06/2019,Delhi,Cochin,DEL → BOM → COK,07:05,21:00,13h 55m,1 stop,No info,13587
Jet Airways,9/06/2019,Delhi,Cochin,DEL → BOM → COK,16:00,04:25 10 Jun,12h 25m,1 stop,In-flight meal not included,10577
IndiGo,12/06/2019,Kolkata,Banglore,CCU → BLR,15:15,17:45,2h 30m,non-stop,No info,4804
Multiple carriers,27/05/2019,Delhi,Cochin,DEL → BOM → COK,09:00,21:00,12h,1 stop,In-flight meal not included,7886
Vistara,24/03/2019,Kolkata,Banglore,CCU → DEL → BLR,17:00,09:10 25 Mar,16h 10m,1 stop,No info,13310
IndiGo,15/04/2019,Banglore,Delhi,BLR → DEL,10:10,13:00,2h 50m,non-stop,No info,4423
IndiGo,27/03/2019,Mumbai,Hyderabad,BOM → HYD,20:05,21:35,1h 30m,non-stop,No info,2227
Jet Airways,6/06/2019,Kolkata,Banglore,CCU → BOM → BLR,21:10,08:15 07 Jun,11h 5m,1 stop,In-flight meal not included,10844
Air India,24/06/2019,Delhi,Cochin,DEL → HYD → BOM → COK,17:15,07:40 25 Jun,14h 25m,2 stops,No info,11989
Jet Airways,9/06/2019,Delhi,Cochin,DEL → BDQ → BOM → COK,18:25,04:25 10 Jun,10h,2 stops,No info,14237
Multiple carriers,27/06/2019,Delhi,Cochin,DEL → BOM → COK,11:40,01:30 28 Jun,13h 50m,1 stop,In-flight meal not included,5797
Jet Airways,9/04/2019,Delhi,Cochin,DEL → BOM → COK,07:05,19:00,11h 55m,1 stop,No info,17531
Vistara,6/05/2019,Kolkata,Banglore,CCU → DEL → BLR,17:00,23:25,6h 25m,1 stop,No info,8085
SpiceJet,27/04/2019,Delhi,Cochin,DEL → BLR → COK,17:55,22:50,4h 55m,1 stop,No info,4957
Air Asia,3/06/2019,Delhi,Cochin,DEL → BLR → COK,07:55,15:45,7h 50m,1 stop,No info,8759
IndiGo,27/05/2019,Delhi,Cochin,DEL → HYD → COK,05:05,12:10,7h 5m,1 stop,No info,6600
Air India,6/03/2019,Delhi,Cochin,DEL → BOM → COK,07:00,19:15,12h 15m,1 stop,No info,15809
Air Asia,15/05/2019,Kolkata,Banglore,CCU → BLR,22:50,01:20 16 May,2h 30m,non-stop,No info,4107
Jet Airways,24/05/2019,Kolkata,Banglore,CCU → BOM → BLR,16:30,22:35,6h 5m,1 stop,No info,14571
Jet Airways,18/05/2019,Kolkata,Banglore,CCU → BOM → BLR,21:10,09:20 19 May,12h 10m,1 stop,In-flight meal not included,9663
Air India,15/04/2019,Banglore,Delhi,BLR → DEL,06:10,08:55,2h 45m,non-stop,No info,5228
Jet Airways,27/06/2019,Delhi,Cochin,DEL → BOM → COK,11:30,19:00,7h 30m,1 stop,In-flight meal not included,10262
Multiple carriers,24/06/2019,Delhi,Cochin,DEL → BOM → COK,11:25,19:00,7h 35m,1 stop,No info,10678
Jet Airways,09/03/2019,Banglore,New Delhi,BLR → MAA → DEL,09:45,00:30 13 Mar,14h 45m,1 stop,In-flight meal not included,10562
Vistara Premium economy,03/03/2019,Banglore,New Delhi,BLR → DEL,16:00,18:35,2h 35m,non-stop,No info,11793
IndiGo,1/06/2019,Banglore,Delhi,BLR → DEL,06:05,08:50,2h 45m,non-stop,No info,3943
Air India,21/05/2019,Kolkata,Banglore,CCU → DEL → COK → BLR,10:00,01:20 22 May,15h 20m,2 stops,No info,13033
Air India,15/06/2019,Banglore,Delhi,BLR → DEL,06:10,08:55,2h 45m,non-stop,No info,6961
Multiple carriers,27/05/2019,Delhi,Cochin,DEL → BOM → COK,06:00,19:00,13h,1 stop,No info,11264
Multiple carriers,9/03/2019,Delhi,Cochin,DEL → BOM → COK,08:00,19:15,11h 15m,1 stop,No info,19332
Multiple carriers,27/06/2019,Delhi,Cochin,DEL → BOM → COK,17:30,01:30 28 Jun,8h,1 stop,No info,13377
IndiGo,24/03/2019,Banglore,New Delhi,BLR → DEL,23:30,02:20 25 Mar,2h 50m,non-stop,No info,6860
IndiGo,15/06/2019,Banglore,Delhi,BLR → DEL,07:10,10:05,2h 55m,non-stop,No info,4823
SpiceJet,9/03/2019,Chennai,Kolkata,MAA → CCU,17:45,20:05,2h 20m,non-stop,No info,6300
Jet Airways,01/03/2019,Banglore,New Delhi,BLR → BOM → DEL,18:40,09:30 02 Mar,14h 50m,1 stop,1 Long layover,31825
SpiceJet,9/05/2019,Kolkata,Banglore,CCU → IXB → BLR,15:55,21:25,5h 30m,1 stop,No info,8224
Jet Airways,6/05/2019,Banglore,Delhi,BLR → DEL,11:10,14:05,2h 55m,non-stop,In-flight meal not included,4030
Jet Airways,27/03/2019,Mumbai,Hyderabad,BOM → HYD,19:35,21:05,1h 30m,non-stop,In-flight meal not included,2071
IndiGo,21/03/2019,Delhi,Cochin,DEL → BOM → COK,10:45,15:30,4h 45m,1 stop,No info,6218
Multiple carriers,27/03/2019,Delhi,Cochin,DEL → BOM → COK,07:30,19:15,11h 45m,1 stop,No info,9100
Jet Airways,9/06/2019,Kolkata,Banglore,CCU → BOM → BLR,21:10,12:00 10 Jun,14h 50m,1 stop,In-flight meal not included,10844
IndiGo,21/05/2019,Kolkata,Banglore,CCU → BLR,15:30,18:05,2h 35m,non-stop,No info,4804
Vistara,21/05/2019,Kolkata,Banglore,CCU → DEL → BLR,07:10,10:45 22 May,27h 35m,1 stop,No info,9187
IndiGo,24/06/2019,Mumbai,Hyderabad,BOM → HYD,16:55,18:25,1h 30m,non-stop,No info,3175
Multiple carriers,15/05/2019,Delhi,Cochin,DEL → BOM → COK,18:00,01:30 16 May,7h 30m,1 stop,No info,8073
Jet Airways,24/03/2019,Kolkata,Banglore,CCU → BOM → BLR,16:55,22:35,5h 40m,1 stop,In-flight meal not included,11134
Jet Airways,21/05/2019,Delhi,Cochin,DEL → BOM → COK,11:30,19:00,7h 30m,1 stop,In-flight meal not included,12898
Jet Airways,3/06/2019,Delhi,Cochin,DEL → BOM → COK,17:30,04:25 04 Jun,10h 55m,1 stop,In-flight meal not included,10262
Jet Airways,9/05/2019,Kolkata,Banglore,CCU → BOM → BLR,06:30,10:05 10 May,27h 35m,1 stop,In-flight meal not included,8586
Jet Airways,9/06/2019,Kolkata,Banglore,CCU → DEL → BLR,17:00,23:35,6h 35m,1 stop,In-flight meal not included,13994
IndiGo,27/06/2019,Delhi,Cochin,DEL → HYD → COK,06:50,16:10,9h 20m,1 stop,No info,6442
Jet Airways,21/05/2019,Kolkata,Banglore,CCU → BOM → BLR,21:10,04:40 22 May,7h 30m,1 stop,In-flight meal not included,8586
Jet Airways,6/05/2019,Kolkata,Banglore,CCU → BOM → BLR,06:30,18:15,11h 45m,1 stop,No info,14781
IndiGo,6/06/2019,Mumbai,Hyderabad,BOM → HYD,12:00,13:30,1h 30m,non-stop,No info,2754
Multiple carriers,27/05/2019,Delhi,Cochin,DEL → BOM → COK,06:00,12:35,6h 35m,1 stop,No info,11264
Vistara,1/05/2019,Banglore,Delhi,BLR → DEL,09:45,12:35,2h 50m,non-stop,No info,4668
Air India,27/06/2019,Delhi,Cochin,DEL → HYD → MAA → COK,09:45,09:25 28 Jun,23h 40m,2 stops,No info,10975
Jet Airways,24/06/2019,Banglore,Delhi,BLR → DEL,15:15,18:10,2h 55m,non-stop,No info,8016
SpiceJet,3/05/2019,Kolkata,Banglore,CCU → BLR,09:00,11:25,2h 25m,non-stop,No check-in baggage included,3841
Jet Airways,3/06/2019,Delhi,Cochin,DEL → JAI → BOM → COK,05:30,19:00,13h 30m,2 stops,No info,13014
Air Asia,6/06/2019,Delhi,Cochin,DEL → BLR → COK,07:55,13:25,5h 30m,1 stop,No info,8759
Jet Airways,27/05/2019,Delhi,Cochin,DEL → AMD → BOM → COK,19:10,19:00 28 May,23h 50m,2 stops,No info,15129
IndiGo,21/03/2019,Delhi,Cochin,DEL → HYD → COK,06:40,22:20,15h 40m,1 stop,No info,6558
Jet Airways,06/03/2019,Banglore,New Delhi,BLR → BOM → DEL,21:25,07:40 07 Mar,10h 15m,1 stop,No info,16736
Air India,1/03/2019,Delhi,Cochin,DEL → BLR → COK,09:45,08:15 02 Mar,22h 30m,1 stop,No info,22798
Jet Airways,18/05/2019,Kolkata,Banglore,CCU → BOM → BLR,20:00,22:35 19 May,26h 35m,1 stop,In-flight meal not included,10844
IndiGo,6/05/2019,Delhi,Cochin,DEL → BOM → COK,10:35,01:30 07 May,14h 55m,1 stop,No info,6979
Air Asia,21/06/2019,Kolkata,Banglore,CCU → BLR,22:50,01:20 22 Jun,2h 30m,non-stop,No info,3807
Air India,21/05/2019,Kolkata,Banglore,CCU → JAI → BOM → BLR,08:20,18:30,10h 10m,2 stops,No info,10697
Jet Airways,1/04/2019,Kolkata,Banglore,CCU → BOM → BLR,16:30,04:40 02 Apr,12h 10m,1 stop,In-flight meal not included,7064
SpiceJet,21/03/2019,Chennai,Kolkata,MAA → CCU,17:45,20:05,2h 20m,non-stop,No check-in baggage included,3332
SpiceJet,24/03/2019,Mumbai,Hyderabad,BOM → HYD,13:10,14:30,1h 20m,non-stop,No info,2753
Jet Airways,6/06/2019,Delhi,Cochin,DEL → BOM → COK,07:05,19:00,11h 55m,1 stop,In-flight meal not included,10262
Multiple carriers,27/05/2019,Delhi,Cochin,DEL → BOM → COK,13:00,01:30 28 May,12h 30m,1 stop,No info,7198
IndiGo,27/03/2019,Delhi,Cochin,DEL → HYD → COK,06:40,16:10,9h 30m,1 stop,No info,6442
Multiple carriers,3/06/2019,Delhi,Cochin,DEL → BOM → COK,06:00,12:35,6h 35m,1 stop,No info,13259
Air Asia,24/06/2019,Banglore,Delhi,BLR → DEL,11:10,13:55,2h 45m,non-stop,No info,3383
Jet Airways,21/05/2019,Delhi,Cochin,DEL → AMD → BOM → COK,13:25,12:35 22 May,23h 10m,2 stops,No info,15129
Air India,27/05/2019,Delhi,Cochin,DEL → BLR → COK,17:40,09:35 28 May,15h 55m,1 stop,No info,7258
Air India,12/03/2019,Banglore,New Delhi,BLR → BOM → BHO → DEL,06:45,09:25 13 Mar,26h 40m,2 stops,No info,12515
Jet Airways,21/05/2019,Mumbai,Hyderabad,BOM → HYD,10:20,11:50,1h 30m,non-stop,In-flight meal not included,4995
Jet Airways,21/05/2019,Delhi,Cochin,DEL → BOM → COK,20:55,04:25 22 May,7h 30m,1 stop,No info,16079
Air India,27/06/2019,Delhi,Cochin,DEL → BOM → COK,07:00,19:15,12h 15m,1 stop,No info,8669
Air India,21/05/2019,Kolkata,Banglore,CCU → BOM → AMD → BLR,09:25,05:25 22 May,20h,2 stops,No info,14687
Jet Airways,15/06/2019,Delhi,Cochin,DEL → JAI → BOM → COK,05:30,19:00,13h 30m,2 stops,In-flight meal not included,10368
Jet Airways,21/06/2019,Mumbai,Hyderabad,BOM → HYD,08:45,10:15,1h 30m,non-stop,In-flight meal not included,4995
Jet Airways,15/04/2019,Banglore,Delhi,BLR → DEL,18:55,22:00,3h 5m,non-stop,No info,7229
Jet Airways,3/05/2019,Mumbai,Hyderabad,BOM → HYD,10:20,11:50,1h 30m,non-stop,No info,8040
Air India,9/05/2019,Delhi,Cochin,DEL → GOI → BOM → COK,22:00,19:15 10 May,21h 15m,2 stops,No info,10441
Jet Airways,1/06/2019,Delhi,Cochin,DEL → BOM → COK,21:50,12:35 02 Jun,14h 45m,1 stop,No info,14714
IndiGo,15/05/2019,Delhi,Cochin,DEL → MAA → COK,07:15,12:30,5h 15m,1 stop,No info,5636
IndiGo,3/03/2019,Chennai,Kolkata,MAA → CCU,13:20,15:35,2h 15m,non-stop,No info,7295
IndiGo,9/06/2019,Kolkata,Banglore,CCU → HYD → BLR,19:20,23:45,4h 25m,1 stop,No info,4205
Jet Airways,24/06/2019,Mumbai,Hyderabad,BOM → HYD,07:05,08:30,1h 25m,non-stop,In-flight meal not included,4995
IndiGo,27/04/2019,Banglore,Delhi,BLR → DEL,06:05,08:50,2h 45m,non-stop,No info,4423
IndiGo,27/05/2019,Delhi,Cochin,DEL → HYD → COK,05:05,16:10,11h 5m,1 stop,No info,6600
Vistara,12/05/2019,Kolkata,Banglore,CCU → DEL → BLR,17:00,09:05 13 May,16h 5m,1 stop,No info,9922
Air Asia,15/05/2019,Banglore,Delhi,BLR → DEL,04:55,07:45,2h 50m,non-stop,No info,4282
Jet Airways,9/05/2019,Delhi,Cochin,DEL → AMD → BOM → COK,19:10,19:00 10 May,23h 50m,2 stops,No info,15129
Air India,21/05/2019,Delhi,Cochin,DEL → BLR → COK,17:40,23:00,5h 20m,1 stop,No info,8067
Air India,01/03/2019,Banglore,New Delhi,BLR → BOM → BHO → DEL,08:50,23:25,14h 35m,2 stops,1 Short layover,26743
Multiple carriers,27/06/2019,Delhi,Cochin,DEL → BOM → COK,06:00,12:35,6h 35m,1 stop,In-flight meal not included,10791
Air Asia,27/03/2019,Delhi,Cochin,DEL → BLR → COK,20:10,07:10 28 Mar,11h,1 stop,No info,6151
Jet Airways,9/05/2019,Delhi,Cochin,DEL → ATQ → BOM → COK,20:00,04:25 10 May,8h 25m,2 stops,In-flight meal not included,15318
Jet Airways,21/05/2019,Kolkata,Banglore,CCU → BOM → BLR,14:05,08:15 22 May,18h 10m,1 stop,No info,14388
IndiGo,1/05/2019,Banglore,Delhi,BLR → DEL,04:00,06:50,2h 50m,non-stop,No info,3943
Multiple carriers,21/03/2019,Delhi,Cochin,DEL → BOM → COK,10:00,01:35 22 Mar,15h 35m,1 stop,In-flight meal not included,8565
Jet Airways,24/06/2019,Delhi,Cochin,DEL → AMD → BOM → COK,23:05,04:25 26 Jun,29h 20m,2 stops,No info,12819
Jet Airways,9/05/2019,Banglore,Delhi,BLR → DEL,18:55,22:00,3h 5m,non-stop,No info,7229
IndiGo,15/06/2019,Delhi,Cochin,DEL → BOM → COK,09:15,21:00,11h 45m,1 stop,No info,6838
Jet Airways,21/03/2019,Banglore,New Delhi,BLR → BOM → DEL,07:00,13:15,6h 15m,1 stop,In-flight meal not included,7832
SpiceJet,15/06/2019,Chennai,Kolkata,MAA → CCU,08:20,10:35,2h 15m,non-stop,No check-in baggage included,3543
SpiceJet,27/03/2019,Kolkata,Banglore,CCU → BLR,09:00,11:30,2h 30m,non-stop,No check-in baggage included,3815
Jet Airways,3/06/2019,Delhi,Cochin,DEL → IDR → BOM → COK,21:25,19:00 04 Jun,21h 35m,2 stops,No info,13292
IndiGo,9/03/2019,Delhi,Cochin,DEL → BBI → COK,02:35,08:30,5h 55m,1 stop,No info,11532
Jet Airways,24/06/2019,Delhi,Cochin,DEL → BOM → COK,20:55,12:35 25 Jun,15h 40m,1 stop,In-flight meal not included,10262
Jet Airways,18/03/2019,Banglore,New Delhi,BLR → BOM → DEL,11:40,18:25,6h 45m,1 stop,No info,12284
Jet Airways,6/05/2019,Kolkata,Banglore,CCU → BOM → BLR,14:05,19:50,5h 45m,1 stop,No info,14781
Jet Airways,9/05/2019,Kolkata,Banglore,CCU → BOM → BLR,06:30,18:15,11h 45m,1 stop,In-flight meal not included,10844
Jet Airways,12/03/2019,Banglore,New Delhi,BLR → BOM → DEL,05:45,08:15 13 Mar,26h 30m,1 stop,No info,12547
Air India,3/03/2019,Delhi,Cochin,DEL → COK,18:05,21:10,3h 5m,non-stop,No info,8666
IndiGo,1/03/2019,Mumbai,Hyderabad,BOM → HYD,09:10,10:40,1h 30m,non-stop,No info,13999
IndiGo,15/05/2019,Banglore,Delhi,BLR → DEL,00:30,03:25,2h 55m,non-stop,No info,3419
Multiple carriers,24/04/2019,Delhi,Cochin,DEL → HYD → COK,07:10,16:10,9h,1 stop,In-flight meal not included,6093
Jet Airways,9/05/2019,Delhi,Cochin,DEL → JDH → BOM → COK,11:40,19:00,7h 20m,2 stops,In-flight meal not included,19644
Jet Airways,27/05/2019,Delhi,Cochin,DEL → BOM → COK,09:00,12:35 28 May,27h 35m,1 stop,In-flight meal not included,12898
Air India,06/03/2019,Banglore,New Delhi,BLR → HBX → BOM → BHO → DEL,12:00,23:25,11h 25m,3 stops,No info,14195
Multiple carriers,27/06/2019,Delhi,Cochin,DEL → BOM → COK,09:00,19:15,10h 15m,1 stop,No info,14848
Jet Airways,6/05/2019,Kolkata,Banglore,CCU → DEL → BLR,20:25,10:55 07 May,14h 30m,1 stop,No info,13067
Air India,01/03/2019,Banglore,New Delhi,BLR → AMD → DEL,00:30,20:30,20h,1 stop,1 Long layover,14752
Multiple carriers,12/06/2019,Delhi,Cochin,DEL → BOM → COK,06:00,19:00,13h,1 stop,No info,11789
Multiple carriers,24/06/2019,Delhi,Cochin,DEL → BOM → COK,10:20,19:15,8h 55m,1 stop,In-flight meal not included,7268
Air Asia,27/05/2019,Banglore,Delhi,BLR → DEL,04:55,07:45,2h 50m,non-stop,No info,3383
Jet Airways,6/06/2019,Kolkata,Banglore,CCU → BOM → BLR,16:30,23:35,7h 5m,1 stop,No info,14571
Vistara,3/05/2019,Banglore,Delhi,BLR → DEL,21:00,23:50,2h 50m,non-stop,No info,5613
Multiple carriers,15/05/2019,Delhi,Cochin,DEL → BOM → COK,11:25,19:15,7h 50m,1 stop,No info,7575
IndiGo,18/03/2019,Kolkata,Banglore,CCU → BLR,10:10,12:55,2h 45m,non-stop,No info,4462
Jet Airways,24/05/2019,Kolkata,Banglore,CCU → BOM → BLR,14:05,19:50,5h 45m,1 stop,No info,14571
Jet Airways,06/03/2019,Banglore,New Delhi,BLR → BOM → DEL,20:35,19:10 07 Mar,22h 35m,1 stop,No info,17471
Multiple carriers,9/05/2019,Delhi,Cochin,DEL → BOM → COK,17:30,01:30 10 May,8h,1 stop,No info,15078
Air India,01/03/2019,Banglore,New Delhi,BLR → COK → DEL,22:00,13:20 02 Mar,15h 20m,1 stop,No info,21130
Jet Airways,21/04/2019,Banglore,Delhi,BLR → DEL,07:10,10:10,3h,non-stop,In-flight meal not included,6144
SpiceJet,6/03/2019,Kolkata,Banglore,CCU → BLR,06:55,09:35,2h 40m,non-stop,No info,3850
Air India,21/03/2019,Delhi,Cochin,DEL → BOM → COK,23:00,19:15 22 Mar,20h 15m,1 stop,No info,6745
GoAir,9/06/2019,Kolkata,Banglore,CCU → AMD → BLR,16:40,00:15 10 Jun,7h 35m,1 stop,No info,9495
Vistara,21/03/2019,Banglore,New Delhi,BLR → DEL,21:10,00:05 19 Mar,2h 55m,non-stop,No info,4878
Jet Airways,27/06/2019,Delhi,Cochin,DEL → BOM → COK,18:15,19:00 28 Jun,24h 45m,1 stop,In-flight meal not included,10262
Air India,6/06/2019,Kolkata,Banglore,CCU → GAU → BLR,09:50,21:05,11h 15m,1 stop,No info,7452
SpiceJet,24/05/2019,Kolkata,Banglore,CCU → BLR,22:20,00:40 25 May,2h 20m,non-stop,No check-in baggage included,3841
Jet Airways,6/06/2019,Delhi,Cochin,DEL → BOM → COK,22:50,19:00 07 Jun,20h 10m,1 stop,In-flight meal not included,10262
Jet Airways,24/06/2019,Delhi,Cochin,DEL → ATQ → BOM → COK,20:00,04:25 25 Jun,8h 25m,2 stops,No info,14300
IndiGo,3/03/2019,Delhi,Cochin,DEL → COK,21:05,00:20 04 Mar,3h 15m,non-stop,No info,7673
Multiple carriers,27/05/2019,Delhi,Cochin,DEL → BOM → COK,13:00,01:30 28 May,12h 30m,1 stop,In-flight meal not included,6943
Jet Airways,06/03/2019,Banglore,New Delhi,BLR → BOM → DEL,21:25,20:20 07 Mar,22h 55m,1 stop,No info,17471
Vistara,09/03/2019,Banglore,New Delhi,BLR → AMD → DEL,06:40,10:25 13 Mar,27h 45m,1 stop,No info,10008
SpiceJet,27/06/2019,Banglore,Delhi,BLR → DEL,05:55,08:35,2h 40m,non-stop,No info,3625
Multiple carriers,24/06/2019,Delhi,Cochin,DEL → BOM → COK,06:00,19:00,13h,1 stop,No info,12524
IndiGo,12/06/2019,Delhi,Cochin,DEL → BOM → COK,10:35,01:30 13 Jun,14h 55m,1 stop,No info,5883
Jet Airways,12/06/2019,Kolkata,Banglore,CCU → BOM → BLR,20:00,12:00 13 Jun,16h,1 stop,No info,13044
Jet Airways,12/06/2019,Kolkata,Banglore,CCU → BOM → BLR,06:30,04:40 13 Jun,22h 10m,1 stop,No info,12739
Jet Airways,9/05/2019,Banglore,Delhi,BLR → DEL,17:45,20:45,3h,non-stop,In-flight meal not included,5198
Air India,6/05/2019,Kolkata,Banglore,CCU → DEL → AMD → BLR,10:00,05:25 07 May,19h 25m,2 stops,No info,17049
Jet Airways,09/03/2019,Banglore,New Delhi,BLR → BOM → DEL,21:25,08:15 13 Mar,10h 50m,1 stop,In-flight meal not included,9134
IndiGo,15/04/2019,Banglore,Delhi,BLR → DEL,22:10,01:00 16 Apr,2h 50m,non-stop,No info,3943
Jet Airways,21/03/2019,Delhi,Cochin,DEL → BOM → COK,13:00,04:25 22 Mar,15h 25m,1 stop,In-flight meal not included,7438
Vistara,12/06/2019,Banglore,Delhi,BLR → DEL,09:45,12:35,2h 50m,non-stop,No info,4668
Air India,6/06/2019,Delhi,Cochin,DEL → GOI → BOM → COK,10:55,19:15,8h 20m,2 stops,No info,11753
Jet Airways,12/03/2019,Banglore,New Delhi,BLR → MAA → DEL,09:45,00:30 13 Mar,14h 45m,1 stop,No info,11507
IndiGo,6/06/2019,Delhi,Cochin,DEL → BOM → COK,20:25,01:30 07 Jun,5h 5m,1 stop,No info,5054
Jet Airways,27/06/2019,Mumbai,Hyderabad,BOM → HYD,10:20,11:50,1h 30m,non-stop,In-flight meal not included,4995
Vistara,27/04/2019,Banglore,Delhi,BLR → DEL,17:00,19:35,2h 35m,non-stop,No info,5613
IndiGo,18/06/2019,Banglore,Delhi,BLR → DEL,21:15,00:15 19 Jun,3h,non-stop,No info,3943
Jet Airways,12/06/2019,Delhi,Cochin,DEL → BOM → COK,14:00,19:00,5h,1 stop,In-flight meal not included,10262
Jet Airways,24/06/2019,Banglore,Delhi,BLR → DEL,19:50,22:50,3h,non-stop,No info,8016
Vistara,6/04/2019,Banglore,Delhi,BLR → DEL,09:45,12:35,2h 50m,non-stop,No info,5613
Jet Airways,6/05/2019,Kolkata,Banglore,CCU → DEL → BLR,17:00,21:05 07 May,28h 5m,1 stop,No info,13067
Jet Airways,15/05/2019,Kolkata,Banglore,CCU → BOM → BLR,08:25,20:45,12h 20m,1 stop,In-flight meal not included,10844
SpiceJet,24/05/2019,Banglore,Delhi,BLR → DEL,05:55,08:35,2h 40m,non-stop,No info,3311
Jet Airways,1/06/2019,Mumbai,Hyderabad,BOM → HYD,07:05,08:30,1h 25m,non-stop,No info,5678
Jet Airways,12/03/2019,Banglore,New Delhi,BLR → BOM → DEL,20:35,15:15 13 Mar,18h 40m,1 stop,In-flight meal not included,11087
Jet Airways,12/05/2019,Kolkata,Banglore,CCU → BOM → BLR,21:10,12:00 13 May,14h 50m,1 stop,No info,14388
SpiceJet,21/06/2019,Banglore,Delhi,BLR → DEL,09:30,12:20,2h 50m,non-stop,No info,3625
Air India,3/03/2019,Mumbai,Hyderabad,BOM → HYD,06:20,07:40,1h 20m,non-stop,No info,4937
IndiGo,12/06/2019,Banglore,Delhi,BLR → DEL,13:00,15:50,2h 50m,non-stop,No info,3943
Multiple carriers,27/03/2019,Delhi,Cochin,DEL → BOM → COK,06:00,21:00,15h,1 stop,No info,8055
SpiceJet,24/05/2019,Banglore,Delhi,BLR → DEL,05:55,08:35,2h 40m,non-stop,No check-in baggage included,3257
Vistara,6/05/2019,Kolkata,Banglore,CCU → DEL → BLR,07:10,22:40,15h 30m,1 stop,No info,8452
Vistara,6/06/2019,Kolkata,Banglore,CCU → DEL → BLR,20:20,22:40 07 Jun,26h 20m,1 stop,No info,8662
IndiGo,1/05/2019,Chennai,Kolkata,MAA → CCU,19:35,21:55,2h 20m,non-stop,No info,3597
IndiGo,9/03/2019,Delhi,Cochin,DEL → HYD → COK,06:40,12:00,5h 20m,1 stop,No info,5647
IndiGo,9/05/2019,Delhi,Cochin,DEL → BOM → COK,15:00,01:30 10 May,10h 30m,1 stop,No info,8330
IndiGo,18/05/2019,Kolkata,Banglore,CCU → MAA → BLR,17:35,22:15,4h 40m,1 stop,No info,5699
Jet Airways,1/04/2019,Kolkata,Banglore,CCU → BOM → BLR,18:55,18:15 02 Apr,23h 20m,1 stop,No info,12681
Air India,18/05/2019,Delhi,Cochin,DEL → GOI → BOM → COK,22:00,19:15 19 May,21h 15m,2 stops,No info,10441
Jet Airways,15/06/2019,Delhi,Cochin,DEL → LKO → BOM → COK,09:25,12:35 16 Jun,27h 10m,2 stops,No info,13882
IndiGo,24/04/2019,Banglore,Delhi,BLR → DEL,16:55,19:55,3h,non-stop,No info,4823
Vistara,12/06/2019,Delhi,Cochin,DEL → COK,14:40,17:50,3h 10m,non-stop,No info,6216
Air India,03/03/2019,Banglore,New Delhi,BLR → BBI → DEL,09:30,23:45,14h 15m,1 stop,No info,11654
Air India,21/05/2019,Kolkata,Banglore,CCU → BBI → BOM → BLR,12:00,07:55 22 May,19h 55m,2 stops,No info,10676
Air India,18/05/2019,Kolkata,Banglore,CCU → BOM → COK → BLR,09:25,13:45 19 May,28h 20m,2 stops,No info,13222
Air India,1/04/2019,Kolkata,Banglore,CCU → BLR,20:45,23:20,2h 35m,non-stop,No info,4460
Air Asia,12/06/2019,Delhi,Cochin,DEL → BLR → COK,07:55,15:45,7h 50m,1 stop,No info,6152
Air India,9/06/2019,Kolkata,Banglore,CCU → BOM → BLR,09:25,18:30,9h 5m,1 stop,No info,8576
Jet Airways,01/03/2019,Banglore,New Delhi,BLR → BOM → DEL,08:55,00:45 02 Mar,15h 50m,1 stop,No info,26890
IndiGo,15/04/2019,Banglore,Delhi,BLR → DEL,18:55,21:50,2h 55m,non-stop,No info,4823
Air India,12/06/2019,Banglore,Delhi,BLR → DEL,21:05,23:55,2h 50m,non-stop,No info,5228
Air India,24/06/2019,Delhi,Cochin,DEL → HYD → MAA → COK,13:15,09:25 25 Jun,20h 10m,2 stops,No info,8839
IndiGo,27/05/2019,Delhi,Cochin,DEL → BOM → COK,17:10,01:30 28 May,8h 20m,1 stop,No info,6206
IndiGo,1/04/2019,Banglore,Delhi,BLR → DEL,06:05,08:50,2h 45m,non-stop,No info,3943
IndiGo,12/04/2019,Banglore,Delhi,BLR → DEL,21:15,00:15 13 Apr,3h,non-stop,No info,4990
Vistara,21/05/2019,Banglore,Delhi,BLR → DEL,09:45,12:35,2h 50m,non-stop,No info,4668
Multiple carriers,15/05/2019,Delhi,Cochin,DEL → BOM → COK,06:00,19:00,13h,1 stop,No info,9794
IndiGo,27/03/2019,Delhi,Cochin,DEL → HYD → COK,04:55,16:10,11h 15m,1 stop,No info,6171
Air India,9/05/2019,Kolkata,Banglore,CCU → JAI → BOM → BLR,08:20,11:10 10 May,26h 50m,2 stops,No info,11222
Air India,15/05/2019,Delhi,Cochin,DEL → GOI → BOM → COK,22:00,19:15 16 May,21h 15m,2 stops,No info,11281
Jet Airways,12/05/2019,Kolkata,Banglore,CCU → BOM → BLR,20:00,09:20 13 May,13h 20m,1 stop,No info,14388
Jet Airways,18/05/2019,Delhi,Cochin,DEL → AMD → BOM → COK,13:25,19:00 19 May,29h 35m,2 stops,No info,15129
Jet Airways,3/06/2019,Delhi,Cochin,DEL → BOM → COK,18:15,12:35 04 Jun,18h 20m,1 stop,In-flight meal not included,10262
Jet Airways,12/05/2019,Mumbai,Hyderabad,BOM → HYD,02:55,04:20,1h 25m,non-stop,No info,5678
Air Asia,12/05/2019,Kolkata,Banglore,CCU → DEL → BLR,07:35,19:25,11h 50m,1 stop,No info,5320
Jet Airways,12/06/2019,Kolkata,Banglore,CCU → BOM → BLR,08:25,20:45,12h 20m,1 stop,In-flight meal not included,9899
SpiceJet,12/06/2019,Kolkata,Banglore,CCU → MAA → BLR,15:05,20:20,5h 15m,1 stop,No info,4649
Jet Airways,15/04/2019,Delhi,Cochin,DEL → BOM → COK,11:30,19:00,7h 30m,1 stop,In-flight meal not included,6542
Jet Airways,6/06/2019,Delhi,Cochin,DEL → BOM → COK,14:00,19:00,5h,1 stop,No info,14714
Jet Airways,12/03/2019,Banglore,New Delhi,BLR → BOM → DEL,18:55,12:25 13 Mar,17h 30m,1 stop,In-flight meal not included,11087
Vistara,1/04/2019,Kolkata,Banglore,CCU → DEL → BLR,20:20,20:20 02 Apr,24h,1 stop,No info,8452
IndiGo,3/05/2019,Banglore,Delhi,BLR → DEL,16:55,19:55,3h,non-stop,No info,4823
Vistara,1/04/2019,Kolkata,Banglore,CCU → DEL → BLR,17:00,10:45 02 Apr,17h 45m,1 stop,No info,9187
Jet Airways,15/05/2019,Kolkata,Banglore,CCU → BOM → BLR,06:30,19:50,13h 20m,1 stop,No info,14781
Air India,24/06/2019,Delhi,Cochin,DEL → BOM → COK,09:00,19:15,10h 15m,1 stop,No info,9404
Jet Airways,21/03/2019,Delhi,Cochin,DEL → BHO → BOM → COK,05:40,04:25 22 Mar,22h 45m,2 stops,In-flight meal not included,9181
Vistara,9/05/2019,Kolkata,Banglore,CCU → DEL → BLR,17:00,09:05 10 May,16h 5m,1 stop,No info,9187
SpiceJet,15/04/2019,Delhi,Cochin,DEL → PNQ → COK,08:45,13:15,4h 30m,1 stop,No check-in baggage included,5726
Jet Airways Business,01/03/2019,Banglore,New Delhi,BLR → BOM → DEL,05:45,11:25,5h 40m,1 stop,Business class,79512
Jet Airways,18/03/2019,Banglore,New Delhi,BLR → BOM → DEL,16:55,23:00,6h 5m,1 stop,No info,13555
Air India,24/05/2019,Kolkata,Banglore,CCU → IXR → BBI → BLR,05:50,13:15,7h 25m,2 stops,No info,7662
Jet Airways,24/06/2019,Delhi,Cochin,DEL → BOM → COK,17:30,04:25 25 Jun,10h 55m,1 stop,In-flight meal not included,10262
Jet Airways,27/06/2019,Mumbai,Hyderabad,BOM → HYD,02:55,04:20,1h 25m,non-stop,In-flight meal not included,3210
IndiGo,6/03/2019,Delhi,Cochin,DEL → BOM → COK,07:30,13:20,5h 50m,1 stop,No info,13628
SpiceJet,21/06/2019,Chennai,Kolkata,MAA → CCU,17:45,20:05,2h 20m,non-stop,No info,3597
Multiple carriers,27/03/2019,Delhi,Cochin,DEL → HYD → MAA → COK,07:10,21:20,14h 10m,2 stops,No info,6197
IndiGo,1/05/2019,Kolkata,Banglore,CCU → BLR,15:30,18:05,2h 35m,non-stop,No info,4804
Jet Airways,1/04/2019,Kolkata,Banglore,CCU → BOM → BLR,16:30,16:20 02 Apr,23h 50m,1 stop,No info,12681
Multiple carriers,6/06/2019,Delhi,Cochin,DEL → HYD → COK,07:05,22:30,15h 25m,1 stop,No info,9646
Jet Airways,21/05/2019,Delhi,Cochin,DEL → BOM → COK,20:55,04:25 22 May,7h 30m,1 stop,In-flight meal not included,12898
Multiple carriers,15/06/2019,Delhi,Cochin,DEL → BOM → COK,10:00,19:15,9h 15m,1 stop,No info,16108
Jet Airways,12/06/2019,Kolkata,Banglore,CCU → BOM → BLR,14:05,22:35,8h 30m,1 stop,No info,13626
Jet Airways,6/05/2019,Kolkata,Banglore,CCU → BOM → BLR,20:00,04:40 07 May,8h 40m,1 stop,In-flight meal not included,9663
Jet Airways,18/05/2019,Delhi,Cochin,DEL → BOM → COK,18:15,04:25 19 May,10h 10m,1 stop,In-flight meal not included,12373
IndiGo,12/05/2019,Chennai,Kolkata,MAA → CCU,13:15,15:35,2h 20m,non-stop,No info,3597
SpiceJet,21/04/2019,Banglore,Delhi,BLR → DEL,05:55,08:35,2h 40m,non-stop,No info,4423
IndiGo,1/06/2019,Delhi,Cochin,DEL → BOM → COK,18:35,01:30 02 Jun,6h 55m,1 stop,No info,6628
Air India,27/06/2019,Delhi,Cochin,DEL → MAA → COK,09:45,09:25 28 Jun,23h 40m,1 stop,No info,7480
Jet Airways,18/05/2019,Delhi,Cochin,DEL → BOM → COK,02:15,19:00,16h 45m,1 stop,No info,15554
Air India,27/03/2019,Delhi,Cochin,DEL → HYD → MAA → COK,07:05,09:25 28 Mar,26h 20m,2 stops,No info,6565
Jet Airways,12/06/2019,Delhi,Cochin,DEL → BOM → COK,10:00,04:25 13 Jun,18h 25m,1 stop,In-flight meal not included,10262
Jet Airways,9/06/2019,Delhi,Cochin,DEL → BOM → COK,17:30,04:25 10 Jun,10h 55m,1 stop,In-flight meal not included,10262
Air Asia,6/05/2019,Banglore,Delhi,BLR → DEL,23:55,02:45 07 May,2h 50m,non-stop,No info,3383
Jet Airways,21/05/2019,Kolkata,Banglore,CCU → BOM → BLR,20:00,16:20 22 May,20h 20m,1 stop,In-flight meal not included,10844
Multiple carriers,15/05/2019,Delhi,Cochin,DEL → BOM → COK,11:40,19:15,7h 35m,1 stop,No info,9001
IndiGo,21/04/2019,Delhi,Cochin,DEL → HYD → COK,07:35,12:10,4h 35m,1 stop,No info,5703
Multiple carriers,21/05/2019,Delhi,Cochin,DEL → BOM → COK,09:00,21:00,12h,1 stop,No info,7888
IndiGo,15/05/2019,Delhi,Cochin,DEL → HYD → COK,08:35,16:10,7h 35m,1 stop,No info,6442
Jet Airways,3/06/2019,Delhi,Cochin,DEL → BOM → COK,19:15,12:35 04 Jun,17h 20m,1 stop,No info,14714
Jet Airways,18/05/2019,Kolkata,Banglore,CCU → BOM → BLR,20:00,16:20 19 May,20h 20m,1 stop,In-flight meal not included,10844
Air India,27/03/2019,Mumbai,Hyderabad,BOM → HYD,19:30,20:45,1h 15m,non-stop,No info,2575
Jet Airways,18/05/2019,Banglore,Delhi,BLR → DEL,15:15,18:10,2h 55m,non-stop,In-flight meal not included,4544
Multiple carriers,15/06/2019,Delhi,Cochin,DEL → BOM → COK,04:55,19:00,14h 5m,1 stop,No info,10678
IndiGo,9/05/2019,Delhi,Cochin,DEL → HYD → COK,06:50,12:10,5h 20m,1 stop,No info,5298
Jet Airways,9/06/2019,Kolkata,Banglore,CCU → BOM → BLR,06:30,12:00,5h 30m,1 stop,No info,14571
Jet Airways,3/06/2019,Delhi,Cochin,DEL → IDR → BOM → COK,09:35,12:35 04 Jun,27h,2 stops,No info,13292
Jet Airways,9/06/2019,Banglore,Delhi,BLR → DEL,17:45,20:45,3h,non-stop,No info,8016
Air India,6/04/2019,Banglore,Delhi,BLR → DEL,06:10,08:55,2h 45m,non-stop,No info,5176
Jet Airways,1/05/2019,Kolkata,Banglore,CCU → DEL → BLR,20:25,10:55 02 May,14h 30m,1 stop,No info,12121
Jet Airways,9/05/2019,Kolkata,Banglore,CCU → BOM → BLR,06:30,19:50,13h 20m,1 stop,No info,14781
IndiGo,15/03/2019,Banglore,New Delhi,BLR → DEL,18:25,21:20,2h 55m,non-stop,No info,8855
Air India,12/06/2019,Kolkata,Banglore,CCU → DEL → BLR,10:00,16:15,6h 15m,1 stop,No info,11936
Air India,03/03/2019,Banglore,New Delhi,BLR → CCU → GAU → DEL,11:05,22:10 07 Mar,35h 5m,2 stops,No info,11791
Air India,6/05/2019,Mumbai,Hyderabad,BOM → HYD,06:20,07:40,1h 20m,non-stop,No info,3625
Air India,03/03/2019,Banglore,New Delhi,BLR → CCU → GAU → DEL,11:05,22:10 07 Mar,35h 5m,2 stops,No info,11948
Vistara,6/03/2019,Mumbai,Hyderabad,BOM → DEL → HYD,07:30,19:55,12h 25m,1 stop,No info,12395
Jet Airways,15/05/2019,Kolkata,Banglore,CCU → BOM → BLR,18:55,08:15 16 May,13h 20m,1 stop,In-flight meal not included,9663
Air India,24/06/2019,Delhi,Cochin,DEL → RPR → NAG → BOM → COK,05:15,07:40 25 Jun,26h 25m,3 stops,No info,10493
GoAir,21/04/2019,Delhi,Cochin,DEL → HYD → COK,05:55,13:35,7h 40m,1 stop,No info,6146
Air India,3/05/2019,Banglore,Delhi,BLR → DEL,10:00,12:45,2h 45m,non-stop,No info,6121
Air India,09/03/2019,Banglore,New Delhi,BLR → VGA → DEL,10:30,11:20 13 Mar,24h 50m,1 stop,No info,10321
Air India,3/06/2019,Kolkata,Banglore,CCU → BLR,14:15,16:45,2h 30m,non-stop,No info,5510
Jet Airways,27/05/2019,Delhi,Cochin,DEL → BOM → COK,11:30,19:00,7h 30m,1 stop,No info,16079
Jet Airways,9/05/2019,Delhi,Cochin,DEL → BOM → COK,13:00,19:00,6h,1 stop,No info,15554
Multiple carriers,27/03/2019,Delhi,Cochin,DEL → BOM → COK,19:00,01:35 28 Mar,6h 35m,1 stop,No info,7845
SpiceJet,18/05/2019,Kolkata,Banglore,CCU → BLR,06:55,09:30,2h 35m,non-stop,No info,3873
Jet Airways,24/03/2019,Kolkata,Banglore,CCU → BOM → BLR,21:10,19:40 25 Mar,22h 30m,1 stop,In-flight meal not included,10031
Air India,21/04/2019,Delhi,Cochin,DEL → COK,05:10,08:00,2h 50m,non-stop,No info,6094
Multiple carriers,21/03/2019,Delhi,Cochin,DEL → BOM → COK,10:00,21:00,11h,1 stop,In-flight meal not included,8085
Jet Airways,3/06/2019,Delhi,Cochin,DEL → BOM → COK,22:50,04:25 04 Jun,5h 35m,1 stop,In-flight meal not included,10262
IndiGo,27/06/2019,Chennai,Kolkata,MAA → CCU,07:55,10:15,2h 20m,non-stop,No info,3850
IndiGo,1/06/2019,Delhi,Cochin,DEL → PNQ → COK,23:30,04:35 02 Jun,5h 5m,1 stop,No info,10112
Jet Airways,18/06/2019,Banglore,Delhi,BLR → DEL,11:10,14:05,2h 55m,non-stop,In-flight meal not included,5769
Vistara,24/03/2019,Banglore,New Delhi,BLR → DEL,16:00,18:35,2h 35m,non-stop,No info,5088
Air India,24/03/2019,Kolkata,Banglore,CCU → IXB → DEL → BLR,13:55,23:15 25 Mar,33h 20m,2 stops,No info,15292
Jet Airways,24/03/2019,Kolkata,Banglore,CCU → BOM → BLR,19:45,20:40 25 Mar,24h 55m,1 stop,In-flight meal not included,10031
Jet Airways,18/05/2019,Delhi,Cochin,DEL → JAI → BOM → COK,09:40,12:35 19 May,26h 55m,2 stops,In-flight meal not included,13029
SpiceJet,9/05/2019,Mumbai,Hyderabad,BOM → HYD,22:45,00:15 10 May,1h 30m,non-stop,No check-in baggage included,1965
Air India,18/03/2019,Banglore,New Delhi,BLR → BOM → JDH → DEL,06:45,16:20,9h 35m,2 stops,No info,12935
Vistara,18/05/2019,Kolkata,Banglore,CCU → DEL → BLR,20:20,10:45 19 May,14h 25m,1 stop,No info,9187
IndiGo,9/05/2019,Banglore,Delhi,BLR → DEL,23:30,02:20 10 May,2h 50m,non-stop,No info,3943
IndiGo,24/06/2019,Mumbai,Hyderabad,BOM → HYD,01:40,03:10,1h 30m,non-stop,No info,2754
SpiceJet,9/06/2019,Kolkata,Banglore,CCU → BLR,17:10,19:40,2h 30m,non-stop,No check-in baggage included,3841
Multiple carriers,6/03/2019,Delhi,Cochin,DEL → BOM → COK,06:00,15:30,9h 30m,1 stop,No info,15147
Jet Airways,1/05/2019,Kolkata,Banglore,CCU → BOM → BLR,20:00,08:15 02 May,12h 15m,1 stop,No info,13941
Jet Airways,21/05/2019,Kolkata,Banglore,CCU → BOM → BLR,21:10,08:15 22 May,11h 5m,1 stop,No info,14781
Air India,1/04/2019,Kolkata,Banglore,CCU → IXR → BBI → BLR,05:50,13:15,7h 25m,2 stops,No info,5562
IndiGo,9/05/2019,Kolkata,Banglore,CCU → BLR,22:15,00:50 10 May,2h 35m,non-stop,No info,4804
Vistara,6/03/2019,Mumbai,Hyderabad,BOM → DEL → HYD,15:40,09:25 07 Mar,17h 45m,1 stop,No info,12395
Jet Airways,9/05/2019,Kolkata,Banglore,CCU → DEL → BLR,17:00,23:35,6h 35m,1 stop,In-flight meal not included,7341
Air India,12/03/2019,Banglore,New Delhi,BLR → BOM → NAG → DEL,08:50,10:15 13 Mar,25h 25m,2 stops,No info,12778
SpiceJet,9/05/2019,Delhi,Cochin,DEL → PNQ → COK,08:45,13:15,4h 30m,1 stop,No info,4812
Multiple carriers,18/05/2019,Delhi,Cochin,DEL → BOM → COK,08:45,19:15,10h 30m,1 stop,No info,8476
Vistara,9/05/2019,Kolkata,Banglore,CCU → DEL → BLR,07:10,18:50,11h 40m,1 stop,No info,8610
SpiceJet,03/03/2019,Banglore,New Delhi,BLR → DEL,09:35,12:30,2h 55m,non-stop,No info,7648
Jet Airways,21/05/2019,Delhi,Cochin,DEL → AMD → BOM → COK,23:05,19:00 22 May,19h 55m,2 stops,No info,15129
IndiGo,6/05/2019,Kolkata,Banglore,CCU → BLR,22:15,00:50 07 May,2h 35m,non-stop,No info,4804
Jet Airways,27/03/2019,Delhi,Cochin,DEL → BOM → COK,02:15,04:25 28 Mar,26h 10m,1 stop,In-flight meal not included,6017
Jet Airways,15/04/2019,Banglore,Delhi,BLR → DEL,06:00,08:45,2h 45m,non-stop,No info,7229
Jet Airways,21/03/2019,Mumbai,Hyderabad,BOM → HYD,03:05,04:25,1h 20m,non-stop,In-flight meal not included,2759
Jet Airways,18/05/2019,Kolkata,Banglore,CCU → BOM → BLR,18:55,23:35 19 May,28h 40m,1 stop,In-flight meal not included,10844
Jet Airways,3/04/2019,Mumbai,Hyderabad,BOM → HYD,10:20,11:50,1h 30m,non-stop,No info,8040
Jet Airways,24/04/2019,Banglore,Delhi,BLR → DEL,17:45,20:45,3h,non-stop,In-flight meal not included,4544
Air India,15/05/2019,Kolkata,Banglore,CCU → GAU → DEL → BLR,09:50,23:15,13h 25m,2 stops,No info,14960
Jet Airways,9/06/2019,Kolkata,Banglore,CCU → BOM → BLR,06:30,18:15,11h 45m,1 stop,In-flight meal not included,10844
IndiGo,3/05/2019,Chennai,Kolkata,MAA → CCU,05:15,07:40,2h 25m,non-stop,No info,3850
IndiGo,1/05/2019,Banglore,Delhi,BLR → DEL,13:00,15:50,2h 50m,non-stop,No info,4423
Air India,3/04/2019,Mumbai,Hyderabad,BOM → HYD,06:20,07:40,1h 20m,non-stop,No info,3100
Jet Airways,18/03/2019,Banglore,New Delhi,BLR → BOM → DEL,07:00,07:40 16 Mar,24h 40m,1 stop,No info,11455
Multiple carriers,3/06/2019,Delhi,Cochin,DEL → BOM → COK,06:40,19:00,12h 20m,1 stop,No info,10877
IndiGo,12/05/2019,Chennai,Kolkata,MAA → CCU,19:35,21:55,2h 20m,non-stop,No info,3597
Jet Airways,27/06/2019,Delhi,Cochin,DEL → BOM → COK,19:15,19:00 28 Jun,23h 45m,1 stop,In-flight meal not included,10262
Multiple carriers,6/06/2019,Delhi,Cochin,DEL → BOM → COK,11:40,19:00,7h 20m,1 stop,No info,11789
Jet Airways,24/06/2019,Delhi,Cochin,DEL → BOM → COK,16:00,04:25 25 Jun,12h 25m,1 stop,In-flight meal not included,10262
Multiple carriers,6/03/2019,Delhi,Cochin,DEL → BOM → COK,10:20,01:35 07 Mar,15h 15m,1 stop,No info,15147
IndiGo,1/06/2019,Delhi,Cochin,DEL → BOM → COK,17:10,01:30 02 Jun,8h 20m,1 stop,No info,6628
IndiGo,27/04/2019,Kolkata,Banglore,CCU → BLR,11:30,14:05,2h 35m,non-stop,No info,4804
IndiGo,1/06/2019,Mumbai,Hyderabad,BOM → HYD,06:25,07:55,1h 30m,non-stop,No info,4049
Air India,6/06/2019,Delhi,Cochin,DEL → JDH → BOM → COK,12:55,19:15 07 Jun,30h 20m,2 stops,No info,12646
Jet Airways,9/05/2019,Kolkata,Banglore,CCU → BOM → BLR,21:10,08:15 10 May,11h 5m,1 stop,No info,14388
Air India,24/03/2019,Kolkata,Banglore,CCU → IXZ → MAA → BLR,05:40,14:35 25 Mar,32h 55m,2 stops,No info,11522
Jet Airways,9/05/2019,Delhi,Cochin,DEL → BOM → COK,09:00,04:25 10 May,19h 25m,1 stop,In-flight meal not included,12373
Air Asia,27/04/2019,Delhi,Cochin,DEL → BLR → COK,16:45,07:10 28 Apr,14h 25m,1 stop,No info,6451
IndiGo,3/04/2019,Banglore,Delhi,BLR → DEL,04:00,06:50,2h 50m,non-stop,No info,3943
IndiGo,1/03/2019,Mumbai,Hyderabad,BOM → HYD,06:20,07:45,1h 25m,non-stop,No info,17501
Jet Airways,6/03/2019,Mumbai,Hyderabad,BOM → DEL → HYD,17:00,16:50 07 Mar,23h 50m,1 stop,No info,19595
SpiceJet,15/05/2019,Kolkata,Banglore,CCU → IXB → BLR,11:15,18:30,7h 15m,1 stop,No info,8844
Vistara,24/04/2019,Banglore,Delhi,BLR → DEL,09:45,12:35,2h 50m,non-stop,No info,5403
Vistara,09/03/2019,Banglore,New Delhi,BLR → DEL,16:00,18:35,2h 35m,non-stop,No info,7923
Vistara,1/06/2019,Chennai,Kolkata,MAA → CCU,17:45,20:05,2h 20m,non-stop,No info,11982
Jet Airways,24/03/2019,Kolkata,Banglore,CCU → BOM → BLR,13:55,23:25,9h 30m,1 stop,No info,14231
Jet Airways,3/04/2019,Mumbai,Hyderabad,BOM → HYD,19:35,21:05,1h 30m,non-stop,No info,5678
Jet Airways,21/05/2019,Kolkata,Banglore,CCU → BOM → BLR,20:00,04:40 22 May,8h 40m,1 stop,In-flight meal not included,10844
Air India,12/06/2019,Kolkata,Banglore,CCU → DEL → BLR,20:30,20:25 13 Jun,23h 55m,1 stop,No info,10203
Multiple carriers,18/05/2019,Delhi,Cochin,DEL → HYD → COK,07:10,16:10,9h,1 stop,No info,7038
Air Asia,3/04/2019,Kolkata,Banglore,CCU → BLR,22:50,01:20 04 Apr,2h 30m,non-stop,No info,3807
Multiple carriers,21/05/2019,Delhi,Cochin,DEL → BOM → COK,11:40,21:00,9h 20m,1 stop,No info,7485
Jet Airways,27/04/2019,Banglore,Delhi,BLR → DEL,07:10,10:10,3h,non-stop,No info,7229
Jet Airways,12/06/2019,Kolkata,Banglore,CCU → BOM → BLR,06:30,18:15,11h 45m,1 stop,In-flight meal not included,9899
Jet Airways,1/06/2019,Delhi,Cochin,DEL → BOM → COK,17:30,19:00 02 Jun,25h 30m,1 stop,No info,14714
Jet Airways,21/03/2019,Delhi,Cochin,DEL → BOM → COK,09:00,18:50,9h 50m,1 stop,In-flight meal not included,7438
IndiGo,27/04/2019,Kolkata,Banglore,CCU → BLR,09:35,12:20,2h 45m,non-stop,No info,4804
Jet Airways,27/06/2019,Delhi,Cochin,DEL → AMD → BOM → COK,23:05,12:35 28 Jun,13h 30m,2 stops,In-flight meal not included,11150
Jet Airways,15/03/2019,Banglore,New Delhi,BLR → BOM → DEL,08:00,08:15 16 Mar,24h 15m,1 stop,In-flight meal not included,10405
Multiple carriers,6/03/2019,Delhi,Cochin,DEL → BOM → COK,11:30,19:15,7h 45m,1 stop,No info,15077
IndiGo,1/04/2019,Kolkata,Banglore,CCU → PNQ → BLR,21:00,02:15 02 Apr,5h 15m,1 stop,No info,5930
SpiceJet,18/05/2019,Chennai,Kolkata,MAA → CCU,08:20,10:35,2h 15m,non-stop,No info,3597
Jet Airways,3/03/2019,Delhi,Cochin,DEL → BOM → COK,09:00,18:50,9h 50m,1 stop,In-flight meal not included,15400
IndiGo,6/05/2019,Chennai,Kolkata,MAA → CCU,22:05,00:25 07 May,2h 20m,non-stop,No info,5277
Jet Airways,9/06/2019,Kolkata,Banglore,CCU → BOM → BLR,20:00,12:00 10 Jun,16h,1 stop,No info,14571
IndiGo,24/03/2019,Kolkata,Banglore,CCU → BLR,14:20,16:55,2h 35m,non-stop,No info,5618
Air India,3/06/2019,Delhi,Cochin,DEL → JAI → BOM → COK,12:00,07:40 04 Jun,19h 40m,2 stops,No info,8603
Jet Airways,09/03/2019,Banglore,New Delhi,BLR → BDQ → DEL,05:50,12:20,6h 30m,1 stop,In-flight meal not included,10037
Jet Airways,12/06/2019,Kolkata,Banglore,CCU → BOM → BLR,16:30,12:00 13 Jun,19h 30m,1 stop,In-flight meal not included,8529
Jet Airways,12/06/2019,Mumbai,Hyderabad,BOM → HYD,19:35,21:05,1h 30m,non-stop,No info,5678
SpiceJet,09/03/2019,Banglore,New Delhi,BLR → DEL,20:30,23:20,2h 50m,non-stop,No info,5126
Multiple carriers,3/06/2019,Delhi,Cochin,DEL → BOM → COK,07:30,19:15,11h 45m,1 stop,No info,9736
Air India,12/06/2019,Delhi,Cochin,DEL → BLR → COK,17:40,08:15 13 Jun,14h 35m,1 stop,No info,8991
Multiple carriers,27/05/2019,Delhi,Cochin,DEL → BOM → COK,07:30,19:15,11h 45m,1 stop,No info,10786
Jet Airways,9/05/2019,Delhi,Cochin,DEL → BOM → COK,08:00,04:25 10 May,20h 25m,1 stop,In-flight meal not included,12373
Jet Airways,15/03/2019,Banglore,New Delhi,BLR → BOM → DEL,08:00,16:10,8h 10m,1 stop,In-flight meal not included,9134
Jet Airways,6/06/2019,Kolkata,Banglore,CCU → BOM → BLR,16:30,04:40 07 Jun,12h 10m,1 stop,In-flight meal not included,6812
Jet Airways,1/04/2019,Mumbai,Hyderabad,BOM → HYD,02:55,04:20,1h 25m,non-stop,In-flight meal not included,2228
SpiceJet,1/04/2019,Mumbai,Hyderabad,BOM → HYD,05:45,07:15,1h 30m,non-stop,No check-in baggage included,1965
Jet Airways,12/06/2019,Delhi,Cochin,DEL → BOM → COK,14:00,12:35 13 Jun,22h 35m,1 stop,In-flight meal not included,10262
IndiGo,9/03/2019,Delhi,Cochin,DEL → HYD → MAA → COK,06:40,21:20,14h 40m,2 stops,No info,8146
Jet Airways,6/05/2019,Kolkata,Banglore,CCU → BOM → BLR,20:00,12:00 07 May,16h,1 stop,In-flight meal not included,9663
GoAir,18/05/2019,Delhi,Cochin,DEL → AMD → COK,07:25,13:35,6h 10m,1 stop,No info,6296
Air Asia,15/04/2019,Kolkata,Banglore,CCU → BLR,19:55,22:25,2h 30m,non-stop,No info,4409
IndiGo,9/03/2019,Delhi,Cochin,DEL → HYD → COK,07:35,12:00,4h 25m,1 stop,No info,6937
GoAir,24/03/2019,Kolkata,Banglore,CCU → BOM → BLR,22:25,07:40 25 Mar,9h 15m,1 stop,No info,10091
Jet Airways,6/06/2019,Delhi,Cochin,DEL → BOM → COK,19:45,19:00 07 Jun,23h 15m,1 stop,No info,14714
Jet Airways,15/05/2019,Delhi,Cochin,DEL → BOM → COK,02:15,12:35,10h 20m,1 stop,In-flight meal not included,12373
Air India,27/06/2019,Delhi,Cochin,DEL → JAI → BOM → COK,12:00,07:40 28 Jun,19h 40m,2 stops,No info,9653
Jet Airways,21/03/2019,Delhi,Cochin,DEL → BOM → COK,16:00,18:50 22 Mar,26h 50m,1 stop,No info,12557
Jet Airways,9/05/2019,Delhi,Cochin,DEL → BOM → COK,13:00,04:25 10 May,15h 25m,1 stop,In-flight meal not included,12373
Multiple carriers,3/03/2019,Delhi,Cochin,DEL → BOM → COK,13:55,21:00,7h 5m,1 stop,No info,17057
Vistara,6/06/2019,Kolkata,Banglore,CCU → DEL → BLR,07:10,23:25,16h 15m,1 stop,No info,8610
Jet Airways,21/05/2019,Kolkata,Banglore,CCU → DEL → BLR,17:00,18:00 22 May,25h,1 stop,No info,14151
Jet Airways,27/05/2019,Delhi,Cochin,DEL → BHO → BOM → COK,05:30,12:35,7h 5m,2 stops,In-flight meal not included,15544
IndiGo,9/03/2019,Delhi,Cochin,DEL → HYD → MAA → COK,08:35,21:20,12h 45m,2 stops,No info,8146
Jet Airways,18/05/2019,Delhi,Cochin,DEL → BOM → COK,19:45,12:35 19 May,16h 50m,1 stop,In-flight meal not included,12373
Jet Airways,12/05/2019,Kolkata,Banglore,CCU → BOM → BLR,21:10,08:15 13 May,11h 5m,1 stop,In-flight meal not included,8586
Air India,27/03/2019,Delhi,Cochin,DEL → MAA → COK,09:45,09:25 28 Mar,23h 40m,1 stop,No info,5957
Jet Airways,9/06/2019,Kolkata,Banglore,CCU → BOM → BLR,06:30,16:20,9h 50m,1 stop,In-flight meal not included,10844
Jet Airways,24/05/2019,Kolkata,Banglore,CCU → BOM → BLR,18:55,04:40 25 May,9h 45m,1 stop,In-flight meal not included,8586
Jet Airways,21/05/2019,Delhi,Cochin,DEL → BOM → COK,13:00,19:00,6h,1 stop,No info,16079
IndiGo,24/05/2019,Banglore,Delhi,BLR → DEL,22:10,01:00 25 May,2h 50m,non-stop,No info,3419
Multiple carriers,6/03/2019,Delhi,Cochin,DEL → BOM → COK,16:00,01:35 07 Mar,9h 35m,1 stop,In-flight meal not included,15136
Vistara,9/06/2019,Banglore,Delhi,BLR → DEL,09:45,12:35,2h 50m,non-stop,No info,4668
SpiceJet,9/05/2019,Mumbai,Hyderabad,BOM → HYD,13:15,14:45,1h 30m,non-stop,No info,2227
Jet Airways,9/05/2019,Kolkata,Banglore,CCU → BOM → BLR,16:30,23:35,7h 5m,1 stop,No info,14781
IndiGo,27/06/2019,Kolkata,Banglore,CCU → BLR,17:15,19:50,2h 35m,non-stop,No info,4804
Jet Airways,18/03/2019,Banglore,New Delhi,BLR → BOM → DEL,18:40,00:45 16 Mar,6h 5m,1 stop,No info,54826
IndiGo,1/04/2019,Banglore,Delhi,BLR → DEL,13:00,15:50,2h 50m,non-stop,No info,4591
Jet Airways,21/03/2019,Banglore,New Delhi,BLR → BOM → DEL,14:05,07:40 19 Mar,17h 35m,1 stop,In-flight meal not included,7832
IndiGo,3/06/2019,Delhi,Cochin,DEL → BOM → COK,04:55,21:00,16h 5m,1 stop,No info,6838
Jet Airways,9/06/2019,Banglore,Delhi,BLR → DEL,18:55,22:00,3h 5m,non-stop,In-flight meal not included,7229
Air India,12/06/2019,Kolkata,Banglore,CCU → DEL → COK → BLR,17:30,13:45 13 Jun,20h 15m,2 stops,No info,12224
Air India,12/05/2019,Kolkata,Banglore,CCU → BOM → GOI → BLR,09:25,05:35 13 May,20h 10m,2 stops,No info,11642
Vistara,9/05/2019,Kolkata,Banglore,CCU → DEL → BLR,07:10,09:05 10 May,25h 55m,1 stop,No info,9187
Jet Airways,3/06/2019,Delhi,Cochin,DEL → BOM → COK,07:05,12:35,5h 30m,1 stop,No info,14924
Multiple carriers,3/06/2019,Delhi,Cochin,DEL → BOM → COK,12:50,19:15,6h 25m,1 stop,No info,9001
Jet Airways,12/05/2019,Kolkata,Banglore,CCU → BOM → BLR,20:00,09:20 13 May,13h 20m,1 stop,In-flight meal not included,9663
Jet Airways,12/06/2019,Kolkata,Banglore,CCU → BOM → BLR,18:55,18:15 13 Jun,23h 20m,1 stop,No info,13044
Jet Airways,27/05/2019,Delhi,Cochin,DEL → BOM → COK,17:30,04:25 28 May,10h 55m,1 stop,In-flight meal not included,12898
IndiGo,15/03/2019,Mumbai,Hyderabad,BOM → HYD,02:30,04:00,1h 30m,non-stop,No info,3342
Jet Airways,18/05/2019,Kolkata,Banglore,CCU → BOM → BLR,20:00,09:20 19 May,13h 20m,1 stop,In-flight meal not included,10844
IndiGo,03/03/2019,Banglore,New Delhi,BLR → DEL,07:10,10:05,2h 55m,non-stop,No info,6860
IndiGo,1/06/2019,Mumbai,Hyderabad,BOM → HYD,09:15,10:45,1h 30m,non-stop,No info,4049
Air India,1/05/2019,Kolkata,Banglore,CCU → IXR → BBI → BLR,05:50,13:15,7h 25m,2 stops,No info,7662
Jet Airways,1/05/2019,Banglore,Delhi,BLR → DEL,08:20,11:20,3h,non-stop,In-flight meal not included,5198
IndiGo,3/06/2019,Delhi,Cochin,DEL → HYD → COK,06:50,16:10,9h 20m,1 stop,No info,7514
Jet Airways,3/03/2019,Delhi,Cochin,DEL → BOM → COK,19:15,04:25 04 Mar,9h 10m,1 stop,No info,17234
IndiGo,3/06/2019,Delhi,Cochin,DEL → HYD → COK,05:05,16:10,11h 5m,1 stop,No info,6818
Multiple carriers,6/06/2019,Delhi,Cochin,DEL → BOM → COK,10:00,21:00,11h,1 stop,No info,7933
Air India,18/05/2019,Delhi,Cochin,DEL → BOM → COK,21:00,07:40 19 May,10h 40m,1 stop,No info,8372
Air India,9/04/2019,Delhi,Cochin,DEL → BOM → COK,08:00,19:15,11h 15m,1 stop,No info,6377
Vistara,9/05/2019,Banglore,Delhi,BLR → DEL,09:45,12:35,2h 50m,non-stop,No info,4668
Jet Airways,21/05/2019,Delhi,Cochin,DEL → JAI → BOM → COK,09:40,04:25 22 May,18h 45m,2 stops,In-flight meal not included,13029
IndiGo,1/06/2019,Chennai,Kolkata,MAA → CCU,14:45,17:05,2h 20m,non-stop,No info,3597
SpiceJet,24/03/2019,Banglore,New Delhi,BLR → DEL,05:45,08:35,2h 50m,non-stop,No check-in baggage included,3527
Jet Airways,12/06/2019,Delhi,Cochin,DEL → BOM → COK,11:30,19:00,7h 30m,1 stop,No info,14714
Multiple carriers,21/03/2019,Delhi,Cochin,DEL → HYD → MAA → COK,07:05,21:20,14h 15m,2 stops,No info,6653
Jet Airways,27/05/2019,Delhi,Cochin,DEL → BOM → COK,11:30,19:00,7h 30m,1 stop,In-flight meal not included,9732
Jet Airways,1/04/2019,Mumbai,Hyderabad,BOM → HYD,19:35,21:05,1h 30m,non-stop,No info,5678
Jet Airways,27/04/2019,Banglore,Delhi,BLR → DEL,19:50,22:50,3h,non-stop,In-flight meal not included,4544
SpiceJet,15/06/2019,Kolkata,Banglore,CCU → BLR,22:20,00:40 16 Jun,2h 20m,non-stop,No info,3873
Multiple carriers,9/05/2019,Delhi,Cochin,DEL → BOM → COK,10:00,01:30 10 May,15h 30m,1 stop,No info,15078
Air India,15/05/2019,Delhi,Cochin,DEL → JAI → BOM → COK,18:45,19:15 16 May,24h 30m,2 stops,No info,13307
IndiGo,18/03/2019,Mumbai,Hyderabad,BOM → HYD,09:10,10:40,1h 30m,non-stop,No info,4049
SpiceJet,21/06/2019,Chennai,Kolkata,MAA → CCU,09:45,12:00,2h 15m,non-stop,No check-in baggage included,3543
Multiple carriers,15/05/2019,Delhi,Cochin,DEL → BOM → COK,09:15,19:15,10h,1 stop,No info,8099
Jet Airways,12/06/2019,Delhi,Cochin,DEL → ATQ → BOM → COK,20:00,19:00 13 Jun,23h,2 stops,No info,14300
Air India,15/05/2019,Delhi,Cochin,DEL → JDH → BOM → COK,12:55,19:15 16 May,30h 20m,2 stops,No info,13486
IndiGo,9/05/2019,Delhi,Cochin,DEL → HYD → COK,14:20,22:30,8h 10m,1 stop,No info,6704
Air India,21/05/2019,Delhi,Cochin,DEL → UDR → BOM → COK,13:20,19:15 22 May,29h 55m,2 stops,No info,13276
IndiGo,27/05/2019,Delhi,Cochin,DEL → HYD → COK,14:20,22:30,8h 10m,1 stop,No info,6938
IndiGo,21/06/2019,Kolkata,Banglore,CCU → BLR,20:20,22:55,2h 35m,non-stop,No info,4804
IndiGo,9/06/2019,Banglore,Delhi,BLR → DEL,21:15,00:15 10 Jun,3h,non-stop,No info,3943
Air India,15/03/2019,Banglore,New Delhi,BLR → CCU → GAU → DEL,05:50,22:10,16h 20m,2 stops,No info,10111
IndiGo,21/05/2019,Delhi,Cochin,DEL → BOM → COK,09:15,21:00,11h 45m,1 stop,No info,7318
IndiGo,1/05/2019,Banglore,Delhi,BLR → DEL,10:10,13:00,2h 50m,non-stop,No info,3943
Jet Airways,1/04/2019,Kolkata,Banglore,CCU → DEL → BLR,09:35,10:55 02 Apr,25h 20m,1 stop,No info,11467
Jet Airways,18/05/2019,Kolkata,Banglore,CCU → BOM → BLR,05:45,04:40 19 May,22h 55m,1 stop,In-flight meal not included,8586
Jet Airways,27/06/2019,Delhi,Cochin,DEL → BOM → COK,20:55,12:35 28 Jun,15h 40m,1 stop,In-flight meal not included,10262
Jet Airways,3/06/2019,Delhi,Cochin,DEL → ATQ → BOM → COK,20:00,04:25 04 Jun,8h 25m,2 stops,In-flight meal not included,15318
Air India,18/05/2019,Delhi,Cochin,DEL → BOM → COK,03:50,19:15,15h 25m,1 stop,No info,8879
Air India,9/06/2019,Kolkata,Banglore,CCU → BOM → GOI → BLR,09:25,05:35 10 Jun,20h 10m,2 stops,No info,11432
Jet Airways,6/05/2019,Kolkata,Banglore,CCU → BOM → BLR,06:30,16:20,9h 50m,1 stop,In-flight meal not included,10844
IndiGo,6/03/2019,Kolkata,Banglore,CCU → BLR,21:25,00:05 07 Mar,2h 40m,non-stop,No info,4778
Jet Airways,6/06/2019,Delhi,Cochin,DEL → IDR → BOM → COK,05:30,19:00,13h 30m,2 stops,No info,13292
Air India,18/05/2019,Delhi,Cochin,DEL → BOM → COK,08:00,19:15,11h 15m,1 stop,No info,8879
Jet Airways,12/06/2019,Delhi,Cochin,DEL → BOM → COK,13:00,12:35 13 Jun,23h 35m,1 stop,In-flight meal not included,10262
Air India,27/06/2019,Delhi,Cochin,DEL → TRV → COK,05:15,06:50 28 Jun,25h 35m,1 stop,No info,6587
Jet Airways,21/03/2019,Banglore,New Delhi,BLR → BOM → DEL,20:35,11:25 19 Mar,14h 50m,1 stop,In-flight meal not included,7832
Jet Airways,15/04/2019,Delhi,Cochin,DEL → BOM → COK,13:00,19:00,6h,1 stop,In-flight meal not included,6542
Jet Airways,12/06/2019,Delhi,Cochin,DEL → BDQ → BOM → COK,18:25,12:35 13 Jun,18h 10m,2 stops,No info,14237
IndiGo,3/03/2019,Delhi,Cochin,DEL → BOM → COK,04:45,15:30,10h 45m,1 stop,No info,14871
Multiple carriers,21/05/2019,Delhi,Cochin,DEL → HYD → COK,14:55,00:55 22 May,10h,1 stop,No info,6878
Jet Airways,6/06/2019,Delhi,Cochin,DEL → BOM → COK,07:05,04:25 07 Jun,21h 20m,1 stop,In-flight meal not included,10262
Jet Airways,21/03/2019,Delhi,Cochin,DEL → BOM → COK,08:00,18:50,10h 50m,1 stop,In-flight meal not included,6540
Jet Airways,6/05/2019,Kolkata,Banglore,CCU → GAU → BLR,10:20,17:35,7h 15m,1 stop,No info,9358
SpiceJet,09/03/2019,Banglore,New Delhi,BLR → PNQ → DEL,10:20,18:15,7h 55m,1 stop,No info,7294
Jet Airways,24/03/2019,Kolkata,Banglore,CCU → BOM → BLR,16:55,16:20 25 Mar,23h 25m,1 stop,No info,14231
Air Asia,24/03/2019,Kolkata,Banglore,CCU → BBI → BLR,19:55,23:30,3h 35m,1 stop,No info,5554
Jet Airways,24/06/2019,Delhi,Cochin,DEL → IDR → BOM → COK,09:35,04:25 25 Jun,18h 50m,2 stops,No info,13292
IndiGo,1/04/2019,Kolkata,Banglore,CCU → NAG → BLR,18:05,23:30,5h 25m,1 stop,No info,6284
Jet Airways,6/06/2019,Delhi,Cochin,DEL → BOM → COK,02:15,12:35,10h 20m,1 stop,No info,14714
IndiGo,9/04/2019,Kolkata,Banglore,CCU → HYD → BLR,19:20,23:45,4h 25m,1 stop,No info,3574
SpiceJet,24/06/2019,Kolkata,Banglore,CCU → BLR,06:55,09:30,2h 35m,non-stop,No check-in baggage included,3841
Jet Airways,27/05/2019,Delhi,Cochin,DEL → BOM → COK,18:15,19:00 28 May,24h 45m,1 stop,In-flight meal not included,12898
Vistara,1/05/2019,Kolkata,Banglore,CCU → DEL → BLR,07:10,20:20,13h 10m,1 stop,No info,8610
Vistara,12/03/2019,Mumbai,Hyderabad,BOM → DEL → HYD,07:30,09:25 13 Mar,25h 55m,1 stop,No info,12080
Jet Airways,21/05/2019,Kolkata,Banglore,CCU → BOM → BLR,14:05,10:05 22 May,20h,1 stop,In-flight meal not included,9663
Air India,18/05/2019,Delhi,Cochin,DEL → MAA → COK,12:30,09:25 19 May,20h 55m,1 stop,No info,7480
Air Asia,21/03/2019,Delhi,Cochin,DEL → BLR → COK,16:45,22:15,5h 30m,1 stop,No info,6151
Jet Airways,18/05/2019,Delhi,Cochin,DEL → BOM → COK,15:00,12:35 19 May,21h 35m,1 stop,In-flight meal not included,12373
IndiGo,9/05/2019,Kolkata,Banglore,CCU → MAA → BLR,17:35,22:15,4h 40m,1 stop,No info,5386
Jet Airways,6/03/2019,Delhi,Cochin,DEL → BOM → COK,09:55,18:50,8h 55m,1 stop,In-flight meal not included,15400
Air India,24/06/2019,Delhi,Cochin,DEL → BOM → COK,10:00,19:15,9h 15m,1 stop,No info,9194
Jet Airways,12/06/2019,Banglore,Delhi,BLR → DEL,08:20,11:20,3h,non-stop,In-flight meal not included,5769
Jet Airways,9/04/2019,Banglore,Delhi,BLR → DEL,08:20,11:20,3h,non-stop,No info,7229
Jet Airways,9/05/2019,Kolkata,Banglore,CCU → BOM → BLR,06:30,16:20,9h 50m,1 stop,In-flight meal not included,8586
IndiGo,12/06/2019,Mumbai,Hyderabad,BOM → HYD,09:10,10:40,1h 30m,non-stop,No info,4049
Air India,12/03/2019,Banglore,New Delhi,BLR → BOM → BHO → DEL,08:50,09:25 13 Mar,24h 35m,2 stops,No info,12725
Multiple carriers,1/06/2019,Delhi,Cochin,DEL → BOM → COK,17:00,01:30 02 Jun,8h 30m,1 stop,No info,7408
Air India,24/06/2019,Delhi,Cochin,DEL → CCU → BOM → COK,14:25,19:15 25 Jun,28h 50m,2 stops,No info,13381
Jet Airways,12/06/2019,Delhi,Cochin,DEL → JAI → BOM → COK,05:30,19:00,13h 30m,2 stops,No info,13014
Jet Airways,21/05/2019,Kolkata,Banglore,CCU → BOM → BLR,06:30,16:20,9h 50m,1 stop,In-flight meal not included,10844
SpiceJet,24/05/2019,Kolkata,Banglore,CCU → KNU → BLR,11:35,18:50,7h 15m,1 stop,No info,8479
GoAir,21/04/2019,Delhi,Cochin,DEL → BOM → COK,07:00,12:55,5h 55m,1 stop,No info,6591
Jet Airways,27/03/2019,Delhi,Cochin,DEL → BOM → COK,08:00,18:50,10h 50m,1 stop,No info,12242
Jet Airways,12/05/2019,Banglore,Delhi,BLR → DEL,15:15,18:10,2h 55m,non-stop,No info,7229
Jet Airways,9/06/2019,Banglore,Delhi,BLR → DEL,08:20,11:20,3h,non-stop,In-flight meal not included,7229
Air India,15/05/2019,Delhi,Cochin,DEL → JAI → BOM → COK,12:00,19:15,7h 15m,2 stops,No info,9601
Jet Airways,9/05/2019,Delhi,Cochin,DEL → BHO → BOM → COK,05:30,12:35,7h 5m,2 stops,No info,16274
Multiple carriers,27/03/2019,Delhi,Cochin,DEL → BOM → COK,07:05,15:30,8h 25m,1 stop,No info,12537
Jet Airways,9/06/2019,Kolkata,Banglore,CCU → DEL → BLR,20:25,22:05 10 Jun,25h 40m,1 stop,In-flight meal not included,10539
Jet Airways,18/06/2019,Mumbai,Hyderabad,BOM → HYD,10:20,11:50,1h 30m,non-stop,In-flight meal not included,4995
Air India,27/05/2019,Delhi,Cochin,DEL → BOM → COK,19:00,19:15 28 May,24h 15m,1 stop,No info,8372
Air India,18/05/2019,Kolkata,Banglore,CCU → JAI → BOM → BLR,08:20,21:50,13h 30m,2 stops,No info,10697
Multiple carriers,3/06/2019,Delhi,Cochin,DEL → BOM → COK,10:00,19:15,9h 15m,1 stop,No info,14848
Jet Airways,15/05/2019,Kolkata,Banglore,CCU → BOM → BLR,14:05,23:35,9h 30m,1 stop,In-flight meal not included,8586
Jet Airways,1/05/2019,Delhi,Cochin,DEL → AMD → BOM → COK,23:05,04:25 03 May,29h 20m,2 stops,No info,16704
Jet Airways,06/03/2019,Banglore,New Delhi,BLR → BOM → DEL,05:45,23:00,17h 15m,1 stop,No info,16736
Air India,9/03/2019,Kolkata,Banglore,CCU → BLR,14:15,16:45,2h 30m,non-stop,No info,4960
Jet Airways,1/05/2019,Kolkata,Banglore,CCU → BOM → BLR,06:30,08:15 02 May,25h 45m,1 stop,In-flight meal not included,9663
IndiGo,9/04/2019,Banglore,Delhi,BLR → DEL,20:00,22:50,2h 50m,non-stop,No info,4823
Jet Airways,18/05/2019,Kolkata,Banglore,CCU → DEL → BLR,20:25,22:05 19 May,25h 40m,1 stop,No info,14151
Multiple carriers,21/05/2019,Delhi,Cochin,DEL → BOM → COK,13:00,01:30 22 May,12h 30m,1 stop,No info,7888
IndiGo,3/05/2019,Kolkata,Banglore,CCU → BLR,21:25,00:05 04 May,2h 40m,non-stop,No info,4804
Multiple carriers,27/05/2019,Delhi,Cochin,DEL → BOM → COK,11:30,01:30 28 May,14h,1 stop,In-flight meal not included,6733
SpiceJet,6/06/2019,Kolkata,Banglore,CCU → PNQ → BLR,08:35,17:15,8h 40m,1 stop,No info,6643
SpiceJet,3/06/2019,Delhi,Cochin,DEL → BLR → COK,17:55,22:50,4h 55m,1 stop,No info,5409
Jet Airways,12/06/2019,Kolkata,Banglore,CCU → BOM → BLR,14:05,12:00 13 Jun,21h 55m,1 stop,In-flight meal not included,8529
Jet Airways,1/04/2019,Kolkata,Banglore,CCU → BOM → BLR,20:00,19:50 02 Apr,23h 50m,1 stop,No info,12681
Jet Airways,9/03/2019,Delhi,Cochin,DEL → BHO → BOM → COK,05:40,04:25 10 Mar,22h 45m,2 stops,No info,14861
IndiGo,21/06/2019,Chennai,Kolkata,MAA → CCU,11:35,14:00,2h 25m,non-stop,No info,3858
IndiGo,27/04/2019,Banglore,Delhi,BLR → DEL,07:10,10:05,2h 55m,non-stop,No info,4823
IndiGo,24/04/2019,Kolkata,Banglore,CCU → BLR,09:35,12:20,2h 45m,non-stop,No info,4804
Vistara,1/04/2019,Kolkata,Banglore,CCU → DEL → BLR,20:20,22:55 02 Apr,26h 35m,1 stop,No info,7770
IndiGo,15/04/2019,Banglore,Delhi,BLR → DEL,06:05,08:50,2h 45m,non-stop,No info,4423
IndiGo,21/05/2019,Kolkata,Banglore,CCU → MAA → BLR,17:35,22:15,4h 40m,1 stop,No info,5386
Jet Airways,1/06/2019,Delhi,Cochin,DEL → JAI → BOM → COK,05:30,04:25 02 Jun,22h 55m,2 stops,In-flight meal not included,10368
Multiple carriers,12/06/2019,Delhi,Cochin,DEL → BOM → COK,16:00,01:30 13 Jun,9h 30m,1 stop,No info,13377
Jet Airways,18/05/2019,Delhi,Cochin,DEL → ATQ → BOM → COK,20:00,04:25 19 May,8h 25m,2 stops,In-flight meal not included,15318
Air India,27/03/2019,Delhi,Cochin,DEL → BOM → COK,07:00,19:15,12h 15m,1 stop,No info,6377
Air Asia,15/05/2019,Delhi,Cochin,DEL → BLR → COK,16:45,07:10 16 May,14h 25m,1 stop,No info,6752
Multiple carriers,9/04/2019,Delhi,Cochin,DEL → BOM → COK,09:00,19:15,10h 15m,1 stop,No info,12853
IndiGo,27/06/2019,Chennai,Kolkata,MAA → CCU,13:15,15:35,2h 20m,non-stop,No info,3597
Air India,15/03/2019,Banglore,New Delhi,BLR → VGA → DEL,10:30,22:55,12h 25m,1 stop,No info,6383
Air Asia,27/06/2019,Banglore,Delhi,BLR → DEL,23:55,02:45 28 Jun,2h 50m,non-stop,No info,3383
IndiGo,27/06/2019,Banglore,Delhi,BLR → DEL,22:10,01:00 28 Jun,2h 50m,non-stop,No info,3419
Air Asia,27/05/2019,Banglore,Delhi,BLR → DEL,23:55,02:45 28 May,2h 50m,non-stop,No info,3383
Jet Airways,6/03/2019,Delhi,Cochin,DEL → BOM → COK,08:00,04:25 07 Mar,20h 25m,1 stop,In-flight meal not included,13843
Jet Airways,9/06/2019,Kolkata,Banglore,CCU → BOM → BLR,08:25,18:15,9h 50m,1 stop,In-flight meal not included,10844
IndiGo,6/04/2019,Kolkata,Banglore,CCU → BLR,20:20,22:55,2h 35m,non-stop,No info,4174
Vistara,18/04/2019,Banglore,Delhi,BLR → DEL,17:00,19:35,2h 35m,non-stop,No info,5613
IndiGo,15/06/2019,Banglore,Delhi,BLR → DEL,08:30,11:20,2h 50m,non-stop,No info,4823
Multiple carriers,27/06/2019,Delhi,Cochin,DEL → BOM → COK,08:30,19:00,10h 30m,1 stop,No info,11200
IndiGo,27/06/2019,Mumbai,Hyderabad,BOM → HYD,19:05,20:35,1h 30m,non-stop,No info,2754
GoAir,21/05/2019,Delhi,Cochin,DEL → BOM → COK,10:35,19:35,9h,1 stop,No info,6195
IndiGo,21/03/2019,Mumbai,Hyderabad,BOM → HYD,16:55,18:25,1h 30m,non-stop,No info,3175
Multiple carriers,21/05/2019,Delhi,Cochin,DEL → BOM → COK,10:00,01:30 22 May,15h 30m,1 stop,No info,14067
SpiceJet,9/06/2019,Kolkata,Banglore,CCU → PNQ → BLR,08:35,17:15,8h 40m,1 stop,No info,6853
Jet Airways,18/05/2019,Delhi,Cochin,DEL → BOM → COK,21:50,04:25 19 May,6h 35m,1 stop,In-flight meal not included,12373
Vistara,21/04/2019,Banglore,Delhi,BLR → DEL,11:30,14:20,2h 50m,non-stop,No info,5403
Air India,1/05/2019,Kolkata,Banglore,CCU → BOM → COK → BLR,09:25,13:45 02 May,28h 20m,2 stops,No info,16372
IndiGo,27/04/2019,Banglore,Delhi,BLR → DEL,23:30,02:20 28 Apr,2h 50m,non-stop,No info,3943
Jet Airways,6/05/2019,Kolkata,Banglore,CCU → GAU → BLR,10:20,17:35,7h 15m,1 stop,In-flight meal not included,7064
IndiGo,18/05/2019,Delhi,Cochin,DEL → BOM → COK,20:25,01:30 19 May,5h 5m,1 stop,No info,6069
Jet Airways,6/05/2019,Banglore,Delhi,BLR → DEL,06:00,08:45,2h 45m,non-stop,In-flight meal not included,5198
SpiceJet,15/04/2019,Kolkata,Banglore,CCU → BLR,17:10,19:40,2h 30m,non-stop,No info,4174
Jet Airways,15/05/2019,Banglore,Delhi,BLR → DEL,08:20,11:20,3h,non-stop,In-flight meal not included,4030
IndiGo,18/03/2019,Kolkata,Banglore,CCU → BLR,15:10,17:45,2h 35m,non-stop,No info,4462
Jet Airways,21/06/2019,Banglore,Delhi,BLR → DEL,08:20,11:20,3h,non-stop,No info,8016
IndiGo,1/04/2019,Kolkata,Banglore,CCU → BLR,09:35,12:20,2h 45m,non-stop,No info,4174
Jet Airways,24/05/2019,Kolkata,Banglore,CCU → BOM → BLR,16:30,09:20 25 May,16h 50m,1 stop,No info,14178
Vistara,6/04/2019,Banglore,Delhi,BLR → DEL,07:00,09:40,2h 40m,non-stop,No info,5613
Multiple carriers,24/06/2019,Delhi,Cochin,DEL → HYD → COK,09:45,16:10,6h 25m,1 stop,No info,9646
Jet Airways,9/05/2019,Delhi,Cochin,DEL → AMD → BOM → COK,13:25,04:25 10 May,15h,2 stops,No info,16704
Jet Airways,18/05/2019,Mumbai,Hyderabad,BOM → HYD,19:35,21:05,1h 30m,non-stop,In-flight meal not included,3210
Jet Airways,27/04/2019,Banglore,Delhi,BLR → DEL,06:00,08:45,2h 45m,non-stop,In-flight meal not included,4544
Air Asia,3/05/2019,Kolkata,Banglore,CCU → BLR,10:20,12:55,2h 35m,non-stop,No info,4409
Jet Airways,9/05/2019,Delhi,Cochin,DEL → BOM → COK,10:00,04:25 10 May,18h 25m,1 stop,In-flight meal not included,12373
IndiGo,24/03/2019,Banglore,New Delhi,BLR → DEL,10:10,13:00,2h 50m,non-stop,No info,4777
Air India,3/03/2019,Delhi,Cochin,DEL → COK,14:10,17:10,3h,non-stop,No info,7931
SpiceJet,15/04/2019,Banglore,Delhi,BLR → DEL,05:55,08:35,2h 40m,non-stop,No info,4423
IndiGo,21/05/2019,Delhi,Cochin,DEL → BLR → COK,15:10,20:50,5h 40m,1 stop,No info,6027
Jet Airways,6/05/2019,Kolkata,Banglore,CCU → BOM → BLR,08:25,19:50,11h 25m,1 stop,In-flight meal not included,10844
IndiGo,12/05/2019,Banglore,Delhi,BLR → DEL,10:10,13:00,2h 50m,non-stop,No info,3943
Jet Airways,18/03/2019,Banglore,New Delhi,BLR → BOM → DEL,11:40,20:20,8h 40m,1 stop,No info,13555
Jet Airways,18/06/2019,Banglore,Delhi,BLR → DEL,08:20,11:20,3h,non-stop,In-flight meal not included,5769
Jet Airways,9/05/2019,Delhi,Cochin,DEL → JAI → BOM → COK,09:40,04:25 10 May,18h 45m,2 stops,In-flight meal not included,13029
IndiGo,24/04/2019,Banglore,Delhi,BLR → DEL,01:30,04:15,2h 45m,non-stop,No info,3419
Jet Airways,1/05/2019,Kolkata,Banglore,CCU → DEL → BLR,20:25,23:35 02 May,27h 10m,1 stop,In-flight meal not included,9314
IndiGo,18/05/2019,Delhi,Cochin,DEL → HYD → COK,08:35,22:30,13h 55m,1 stop,No info,7144
IndiGo,1/06/2019,Delhi,Cochin,DEL → BOM → COK,04:55,21:00,16h 5m,1 stop,No info,6314
IndiGo,27/03/2019,Delhi,Cochin,DEL → HYD → MAA → COK,06:40,21:20,14h 40m,2 stops,No info,6494
Multiple carriers,15/05/2019,Delhi,Cochin,DEL → BOM → COK,10:35,19:15,8h 40m,1 stop,No info,7575
Air India,15/05/2019,Kolkata,Banglore,CCU → BOM → HBX → BLR,09:25,18:20,8h 55m,2 stops,No info,8366
Air India,21/05/2019,Delhi,Cochin,DEL → GOI → BOM → COK,22:00,19:15 22 May,21h 15m,2 stops,No info,10231
Jet Airways,1/04/2019,Banglore,Delhi,BLR → DEL,19:50,22:50,3h,non-stop,No info,7229
IndiGo,27/03/2019,Delhi,Cochin,DEL → HYD → MAA → COK,08:35,21:20,12h 45m,2 stops,No info,6494
Jet Airways,24/06/2019,Delhi,Cochin,DEL → BOM → COK,16:00,19:00 25 Jun,27h,1 stop,In-flight meal not included,10262
IndiGo,3/06/2019,Delhi,Cochin,DEL → BOM → COK,16:00,01:30 04 Jun,9h 30m,1 stop,No info,6628
IndiGo,15/03/2019,Kolkata,Banglore,CCU → BLR,20:25,23:05,2h 40m,non-stop,No info,4462
Jet Airways,1/04/2019,Kolkata,Banglore,CCU → BOM → BLR,18:55,04:40 02 Apr,9h 45m,1 stop,No info,12681
Vistara,9/06/2019,Kolkata,Banglore,CCU → DEL → BLR,07:10,10:45 10 Jun,27h 35m,1 stop,No info,9397
Multiple carriers,21/05/2019,Delhi,Cochin,DEL → BOM → COK,02:15,11:50,9h 35m,1 stop,No info,14067
SpiceJet,27/03/2019,Delhi,Cochin,DEL → PNQ → COK,08:45,13:15,4h 30m,1 stop,No info,4466
Air India,6/03/2019,Delhi,Cochin,DEL → BOM → COK,04:00,07:40 07 Mar,27h 40m,1 stop,No info,12940
Jet Airways,27/05/2019,Delhi,Cochin,DEL → BOM → COK,07:05,19:00,11h 55m,1 stop,In-flight meal not included,12898
Air India,12/06/2019,Delhi,Cochin,DEL → MAA → COK,09:45,09:25 13 Jun,23h 40m,1 stop,No info,7480
Air India,12/03/2019,Mumbai,Hyderabad,BOM → GOI → PNQ → HYD,21:10,16:55,4h 15m,2 stops,No info,16172
Vistara,1/04/2019,Banglore,Delhi,BLR → DEL,21:00,23:50,2h 50m,non-stop,No info,5403
Vistara,6/06/2019,Kolkata,Banglore,CCU → DEL → BLR,20:20,18:50 07 Jun,22h 30m,1 stop,No info,8820
Jet Airways,24/05/2019,Kolkata,Banglore,CCU → DEL → BLR,20:25,09:45 25 May,13h 20m,1 stop,In-flight meal not included,12384
Jet Airways,12/03/2019,Banglore,New Delhi,BLR → BOM → DEL,05:45,21:20,15h 35m,1 stop,No info,13817
Air Asia,9/05/2019,Kolkata,Banglore,CCU → DEL → BLR,22:40,10:40 10 May,12h,1 stop,No info,5192
Air India,6/03/2019,Delhi,Cochin,DEL → BOM → COK,07:00,07:40 07 Mar,24h 40m,1 stop,No info,15407
Jet Airways,1/05/2019,Mumbai,Hyderabad,BOM → HYD,19:35,21:05,1h 30m,non-stop,In-flight meal not included,2228
SpiceJet,12/06/2019,Banglore,Delhi,BLR → DEL,09:30,12:20,2h 50m,non-stop,No check-in baggage included,4319
Jet Airways,15/06/2019,Delhi,Cochin,DEL → BOM → COK,13:00,19:00,6h,1 stop,In-flight meal not included,10262
GoAir,18/04/2019,Banglore,Delhi,BLR → DEL,11:40,14:30,2h 50m,non-stop,No info,4937
IndiGo,24/06/2019,Delhi,Cochin,DEL → BOM → COK,17:10,01:30 25 Jun,8h 20m,1 stop,No info,5684
Jet Airways,15/05/2019,Banglore,Delhi,BLR → DEL,17:45,20:45,3h,non-stop,No info,7229
Multiple carriers Premium economy,21/03/2019,Delhi,Cochin,DEL → BOM → COK,06:00,12:35,6h 35m,1 stop,No info,13369
Jet Airways,6/03/2019,Delhi,Cochin,DEL → BOM → COK,19:45,04:25 07 Mar,8h 40m,1 stop,No info,15764
Jet Airways,06/03/2019,Banglore,New Delhi,BLR → BOM → DEL,08:00,15:15,7h 15m,1 stop,No info,19225
Jet Airways,9/05/2019,Delhi,Cochin,DEL → BOM → COK,11:30,12:35 10 May,25h 5m,1 stop,In-flight meal not included,12373
Jet Airways,27/06/2019,Delhi,Cochin,DEL → ATQ → BOM → COK,20:00,19:00 28 Jun,23h,2 stops,No info,14300
Multiple carriers,15/06/2019,Delhi,Cochin,DEL → BOM → COK,06:40,19:15,12h 35m,1 stop,No info,8614
Vistara,12/03/2019,Mumbai,Hyderabad,BOM → DEL → HYD,08:45,22:55,14h 10m,1 stop,No info,12080
IndiGo,1/06/2019,Mumbai,Hyderabad,BOM → HYD,21:20,22:50,1h 30m,non-stop,No info,2227
IndiGo,9/03/2019,Mumbai,Hyderabad,BOM → HYD,21:20,22:45,1h 25m,non-stop,No info,3838
Jet Airways,1/06/2019,Delhi,Cochin,DEL → BOM → COK,09:00,04:25 02 Jun,19h 25m,1 stop,In-flight meal not included,10262
Jet Airways,18/05/2019,Delhi,Cochin,DEL → JAI → BOM → COK,19:30,04:25 19 May,8h 55m,2 stops,In-flight meal not included,13029
Air India,12/04/2019,Kolkata,Banglore,CCU → BLR,20:45,23:20,2h 35m,non-stop,No info,4460
Air India,15/05/2019,Delhi,Cochin,DEL → AMD → BOM → COK,19:45,19:15 16 May,23h 30m,2 stops,No info,11491
IndiGo,27/05/2019,Delhi,Cochin,DEL → HYD → COK,07:35,12:10,4h 35m,1 stop,No info,5054
Air India,9/06/2019,Delhi,Cochin,DEL → BOM → COK,21:00,07:40 10 Jun,10h 40m,1 stop,No info,8372
SpiceJet,9/05/2019,Delhi,Cochin,DEL → BLR → COK,17:55,22:50,4h 55m,1 stop,No info,5975
Vistara,27/05/2019,Banglore,Delhi,BLR → DEL,17:00,19:35,2h 35m,non-stop,No info,4878
Multiple carriers,27/05/2019,Delhi,Cochin,DEL → BOM → COK,10:00,19:15,9h 15m,1 stop,In-flight meal not included,11446
Air India,21/03/2019,Mumbai,Hyderabad,BOM → HYD,19:30,20:45,1h 15m,non-stop,No info,2575
Jet Airways,6/03/2019,Delhi,Cochin,DEL → BOM → COK,11:30,04:25 07 Mar,16h 55m,1 stop,No info,15764
IndiGo,27/03/2019,Chennai,Kolkata,MAA → CCU,19:35,21:55,2h 20m,non-stop,No info,3858
Jet Airways,24/06/2019,Delhi,Cochin,DEL → BOM → COK,14:00,19:00,5h,1 stop,No info,14714
Jet Airways,9/05/2019,Kolkata,Banglore,CCU → BOM → BLR,16:30,22:35,6h 5m,1 stop,No info,14781
IndiGo,9/04/2019,Kolkata,Banglore,CCU → BLR,22:15,00:50 10 Apr,2h 35m,non-stop,No info,4174
IndiGo,9/05/2019,Delhi,Cochin,DEL → BOM → COK,16:00,01:30 10 May,9h 30m,1 stop,No info,9274
Multiple carriers,24/06/2019,Delhi,Cochin,DEL → BOM → COK,11:30,19:15,7h 45m,1 stop,No info,14848
Air India,9/05/2019,Banglore,Delhi,BLR → DEL,10:00,12:45,2h 45m,non-stop,No info,5228
Multiple carriers,1/06/2019,Delhi,Cochin,DEL → BOM → COK,13:00,21:00,8h,1 stop,No info,13587
IndiGo,1/05/2019,Kolkata,Banglore,CCU → BBI → BLR,07:10,12:40,5h 30m,1 stop,No info,6111
Jet Airways,24/05/2019,Kolkata,Banglore,CCU → BOM → BLR,20:00,08:15 25 May,12h 15m,1 stop,No info,13731
Jet Airways,6/06/2019,Delhi,Cochin,DEL → BOM → COK,16:00,04:25 07 Jun,12h 25m,1 stop,No info,14714
Jet Airways,9/06/2019,Kolkata,Banglore,CCU → DEL → BLR,20:25,21:05 10 Jun,24h 40m,1 stop,In-flight meal not included,10539
Multiple carriers,3/03/2019,Delhi,Cochin,DEL → BOM → COK,07:30,18:50,11h 20m,1 stop,No info,15135
Jet Airways,12/05/2019,Kolkata,Banglore,CCU → DEL → BLR,09:35,22:05,12h 30m,1 stop,No info,14151
Multiple carriers,27/06/2019,Delhi,Cochin,DEL → BOM → COK,06:40,19:15,12h 35m,1 stop,No info,7354
Jet Airways,1/06/2019,Delhi,Cochin,DEL → BOM → COK,18:15,19:00 02 Jun,24h 45m,1 stop,No info,14714
Jet Airways,9/06/2019,Delhi,Cochin,DEL → BOM → COK,17:30,19:00 10 Jun,25h 30m,1 stop,In-flight meal not included,10262
Jet Airways,3/06/2019,Delhi,Cochin,DEL → JAI → BOM → COK,19:30,04:25 04 Jun,8h 55m,2 stops,In-flight meal not included,10368
IndiGo,1/06/2019,Chennai,Kolkata,MAA → CCU,05:15,07:40,2h 25m,non-stop,No info,3540
Jet Airways,24/03/2019,Mumbai,Hyderabad,BOM → HYD,19:35,21:05,1h 30m,non-stop,In-flight meal not included,2470
Jet Airways,24/05/2019,Kolkata,Banglore,CCU → BOM → BLR,14:05,23:35,9h 30m,1 stop,No info,14571
IndiGo,6/03/2019,Delhi,Cochin,DEL → HYD → COK,08:35,16:10,7h 35m,1 stop,No info,7514
Air India,27/05/2019,Delhi,Cochin,DEL → COK,05:10,08:00,2h 50m,non-stop,No info,6094
Multiple carriers,27/06/2019,Delhi,Cochin,DEL → BOM → COK,09:15,19:00,9h 45m,1 stop,No info,11622
Jet Airways,9/06/2019,Kolkata,Banglore,CCU → DEL → BLR,17:00,22:05 10 Jun,29h 5m,1 stop,In-flight meal not included,10539
Jet Airways,6/05/2019,Banglore,Delhi,BLR → DEL,08:20,11:20,3h,non-stop,No info,7229
SpiceJet,15/06/2019,Banglore,Delhi,BLR → DEL,05:55,08:35,2h 40m,non-stop,No info,4423
Jet Airways,1/05/2019,Kolkata,Banglore,CCU → BOM → BLR,14:05,09:20 02 May,19h 15m,1 stop,In-flight meal not included,9663
Jet Airways,1/04/2019,Kolkata,Banglore,CCU → BOM → BLR,21:10,08:15 02 Apr,11h 5m,1 stop,No info,13364
Jet Airways,27/06/2019,Mumbai,Hyderabad,BOM → HYD,08:45,10:15,1h 30m,non-stop,No info,8040
Multiple carriers,9/05/2019,Delhi,Cochin,DEL → BOM → COK,10:20,21:00,10h 40m,1 stop,No info,7670
Jet Airways,01/03/2019,Banglore,New Delhi,BLR → BOM → DEL,08:55,18:25,9h 30m,1 stop,No info,26890
Air Asia,24/03/2019,Kolkata,Banglore,CCU → BLR,22:50,01:20 25 Mar,2h 30m,non-stop,No info,5620
Air India,1/05/2019,Chennai,Kolkata,MAA → CCU,11:40,13:55,2h 15m,non-stop,No info,4667
Air India,6/05/2019,Kolkata,Banglore,CCU → BBI → BOM → BLR,12:00,21:50,9h 50m,2 stops,No info,10151
IndiGo,3/03/2019,Delhi,Cochin,DEL → BOM → COK,08:25,21:00,12h 35m,1 stop,No info,14871
Jet Airways,21/05/2019,Kolkata,Banglore,CCU → BOM → BLR,21:10,10:05 22 May,12h 55m,1 stop,In-flight meal not included,8586
IndiGo,6/04/2019,Banglore,Delhi,BLR → DEL,06:05,08:50,2h 45m,non-stop,No info,4423
SpiceJet,3/06/2019,Kolkata,Banglore,CCU → BLR,17:10,19:40,2h 30m,non-stop,No check-in baggage included,3841
Air India,1/04/2019,Delhi,Cochin,DEL → MAA → COK,20:40,09:25 02 Apr,12h 45m,1 stop,No info,5117
Air India,9/05/2019,Delhi,Cochin,DEL → BLR → COK,06:10,23:00,16h 50m,1 stop,No info,7174
Air India,24/05/2019,Mumbai,Hyderabad,BOM → HYD,13:55,15:25,1h 30m,non-stop,No info,3100
Jet Airways,27/05/2019,Mumbai,Hyderabad,BOM → HYD,19:35,21:05,1h 30m,non-stop,No info,5678
Jet Airways,18/04/2019,Banglore,Delhi,BLR → DEL,17:45,20:45,3h,non-stop,No info,7229
IndiGo,6/05/2019,Banglore,Delhi,BLR → DEL,00:30,03:25,2h 55m,non-stop,No info,4284
SpiceJet,27/03/2019,Kolkata,Banglore,CCU → BLR,09:00,11:30,2h 30m,non-stop,No info,3847
Jet Airways,21/05/2019,Kolkata,Banglore,CCU → BOM → BLR,06:30,04:40 22 May,22h 10m,1 stop,In-flight meal not included,8586
IndiGo,21/04/2019,Kolkata,Banglore,CCU → BLR,09:35,12:20,2h 45m,non-stop,No info,4804
Vistara,15/03/2019,Banglore,New Delhi,BLR → AMD → DEL,06:40,10:25 16 Mar,27h 45m,1 stop,No info,6590
Jet Airways,15/03/2019,Mumbai,Hyderabad,BOM → HYD,15:50,17:20,1h 30m,non-stop,In-flight meal not included,2470
Jet Airways,3/06/2019,Delhi,Cochin,DEL → BOM → COK,19:15,04:25 04 Jun,9h 10m,1 stop,In-flight meal not included,10262
Jet Airways,21/03/2019,Delhi,Cochin,DEL → BOM → COK,13:00,18:50,5h 50m,1 stop,In-flight meal not included,6540
Jet Airways,24/06/2019,Delhi,Cochin,DEL → NAG → BOM → COK,14:35,04:25 25 Jun,13h 50m,2 stops,No info,13376
Jet Airways,3/06/2019,Banglore,Delhi,BLR → DEL,15:15,18:10,2h 55m,non-stop,No info,8016
Jet Airways,12/06/2019,Kolkata,Banglore,CCU → DEL → BLR,09:35,10:55 13 Jun,25h 20m,1 stop,No info,12692
IndiGo,6/06/2019,Banglore,Delhi,BLR → DEL,00:25,03:15,2h 50m,non-stop,No info,3943
IndiGo,6/03/2019,Delhi,Cochin,DEL → HYD → COK,08:35,22:20,13h 45m,1 stop,No info,7514
IndiGo,9/04/2019,Banglore,Delhi,BLR → DEL,08:30,11:20,2h 50m,non-stop,No info,4823
Jet Airways,27/05/2019,Delhi,Cochin,DEL → COK,11:00,14:15,3h 15m,non-stop,No info,9564
IndiGo,21/05/2019,Delhi,Cochin,DEL → HYD → COK,11:55,18:10,6h 15m,1 stop,No info,6442
SpiceJet,24/05/2019,Mumbai,Hyderabad,BOM → HYD,05:45,07:15,1h 30m,non-stop,No check-in baggage included,1965
Air Asia,3/03/2019,Delhi,Cochin,DEL → BLR → COK,16:45,07:10 04 Mar,14h 25m,1 stop,No info,13474
Multiple carriers,27/03/2019,Delhi,Cochin,DEL → BOM → COK,08:00,15:30,7h 30m,1 stop,No info,12537
Jet Airways,21/05/2019,Delhi,Cochin,DEL → BOM → COK,18:15,12:35 22 May,18h 20m,1 stop,In-flight meal not included,12898
Multiple carriers,15/05/2019,Delhi,Cochin,DEL → HYD → COK,14:55,22:30,7h 35m,1 stop,No info,6513
Air India,24/03/2019,Kolkata,Banglore,CCU → IXR → BBI → BLR,05:50,13:40,7h 50m,2 stops,No info,8005
IndiGo,15/04/2019,Kolkata,Banglore,CCU → MAA → BLR,06:20,10:30,4h 10m,1 stop,No info,4226
Air India,6/05/2019,Kolkata,Banglore,CCU → GAU → DEL → BLR,16:45,12:00 07 May,19h 15m,2 stops,No info,14120
Jet Airways,24/03/2019,Kolkata,Banglore,CCU → BOM → BLR,21:10,16:20 25 Mar,19h 10m,1 stop,No info,13759
IndiGo,12/06/2019,Delhi,Cochin,DEL → BLR → COK,02:00,07:45,5h 45m,1 stop,No info,6386
Jet Airways,9/04/2019,Banglore,Delhi,BLR → DEL,11:10,14:05,2h 55m,non-stop,No info,7229
Jet Airways,1/04/2019,Kolkata,Banglore,CCU → BOM → BLR,18:55,19:50 02 Apr,24h 55m,1 stop,No info,12681
Jet Airways,15/05/2019,Kolkata,Banglore,CCU → GAU → BLR,10:20,17:35,7h 15m,1 stop,No info,8355
Multiple carriers,21/05/2019,Delhi,Cochin,DEL → BOM → COK,09:00,21:00,12h,1 stop,No info,14067
Multiple carriers,9/05/2019,Delhi,Cochin,DEL → BOM → COK,06:00,19:15,13h 15m,1 stop,No info,8266
Multiple carriers,15/06/2019,Delhi,Cochin,DEL → IDR → BOM → COK,15:05,01:30 16 Jun,10h 25m,2 stops,No info,15965
Jet Airways,12/03/2019,Banglore,New Delhi,BLR → BOM → DEL,18:55,11:25 13 Mar,16h 30m,1 stop,In-flight meal not included,11087
Jet Airways,6/05/2019,Mumbai,Hyderabad,BOM → HYD,10:20,11:50,1h 30m,non-stop,No info,8040
Jet Airways,1/03/2019,Mumbai,Hyderabad,BOM → HYD,07:10,08:35,1h 25m,non-stop,No info,17501
SpiceJet,27/04/2019,Banglore,Delhi,BLR → DEL,21:10,00:05 28 Apr,2h 55m,non-stop,No info,3971
Air India,27/03/2019,Delhi,Cochin,DEL → LKO → BOM → COK,07:00,19:15,12h 15m,2 stops,No info,10913
Jet Airways,18/05/2019,Delhi,Cochin,DEL → AMD → BOM → COK,13:25,04:25 19 May,15h,2 stops,No info,16704
Multiple carriers,9/06/2019,Delhi,Cochin,DEL → BOM → COK,07:00,19:00,12h,1 stop,No info,12192
Jet Airways,24/06/2019,Delhi,Cochin,DEL → NAG → BOM → COK,14:35,12:35 25 Jun,22h,2 stops,No info,13376
Air India,6/03/2019,Mumbai,Hyderabad,BOM → DEL → HYD,10:00,23:45,13h 45m,1 stop,No info,11678
IndiGo,1/03/2019,Chennai,Kolkata,MAA → CCU,07:55,10:15,2h 20m,non-stop,No info,8580
Air India,9/05/2019,Kolkata,Banglore,CCU → DEL → COK → BLR,10:00,01:20 10 May,15h 20m,2 stops,No info,13033
Multiple carriers,6/06/2019,Delhi,Cochin,DEL → IXU → BOM → COK,17:50,01:30 07 Jun,7h 40m,2 stops,No info,18275
Jet Airways,9/06/2019,Delhi,Cochin,DEL → JAI → BOM → COK,09:40,12:35 10 Jun,26h 55m,2 stops,In-flight meal not included,10368
Jet Airways,9/06/2019,Banglore,Delhi,BLR → DEL,11:10,14:05,2h 55m,non-stop,In-flight meal not included,7229
Jet Airways,1/05/2019,Kolkata,Banglore,CCU → BOM → BLR,16:30,22:35,6h 5m,1 stop,No info,14781
Air Asia,6/06/2019,Banglore,Delhi,BLR → DEL,11:10,13:55,2h 45m,non-stop,No info,4483
Air Asia,24/05/2019,Kolkata,Banglore,CCU → IXR → DEL → BLR,15:10,23:30,8h 20m,2 stops,No info,5192
IndiGo,3/04/2019,Banglore,Delhi,BLR → DEL,07:10,10:05,2h 55m,non-stop,No info,4823
Jet Airways,1/05/2019,Kolkata,Banglore,CCU → BOM → BLR,08:25,04:40 02 May,20h 15m,1 stop,No info,13941
Jet Airways,12/03/2019,Banglore,New Delhi,BLR → BOM → DEL,16:55,10:25 13 Mar,17h 30m,1 stop,No info,13817
IndiGo,3/03/2019,Delhi,Cochin,DEL → HYD → MAA → COK,07:35,21:20,13h 45m,2 stops,No info,9413
Jet Airways,09/03/2019,Banglore,New Delhi,BLR → BOM → DEL,08:00,21:20,13h 20m,1 stop,In-flight meal not included,11087
Multiple carriers,9/03/2019,Delhi,Cochin,DEL → BOM → COK,07:00,19:45,12h 45m,1 stop,No info,15237
Jet Airways,12/06/2019,Banglore,Delhi,BLR → DEL,18:55,22:00,3h 5m,non-stop,In-flight meal not included,5769
Air India,6/03/2019,Mumbai,Hyderabad,BOM → DEL → HYD,16:00,23:45,7h 45m,1 stop,No info,11678
GoAir,24/06/2019,Delhi,Cochin,DEL → BOM → COK,14:25,19:35,5h 10m,1 stop,No info,7870
Jet Airways,6/06/2019,Kolkata,Banglore,CCU → DEL → BLR,20:25,18:00 07 Jun,21h 35m,1 stop,In-flight meal not included,10539
Jet Airways,12/05/2019,Kolkata,Banglore,CCU → BOM → BLR,14:05,22:35,8h 30m,1 stop,No info,14781
Air India,27/05/2019,Kolkata,Banglore,CCU → BLR,20:45,23:20,2h 35m,non-stop,No info,4145
IndiGo,3/04/2019,Delhi,Cochin,DEL → COK,14:20,17:35,3h 15m,non-stop,No info,4729
IndiGo,1/05/2019,Kolkata,Banglore,CCU → HYD → BLR,19:20,23:45,4h 25m,1 stop,No info,3809
Jet Airways,21/05/2019,Kolkata,Banglore,CCU → BOM → BLR,14:05,23:35,9h 30m,1 stop,In-flight meal not included,10844
IndiGo,21/05/2019,Banglore,Delhi,BLR → DEL,00:30,03:25,2h 55m,non-stop,No info,3419
Air India,6/03/2019,Mumbai,Hyderabad,BOM → IDR → DEL → HYD,12:45,19:25 07 Mar,30h 40m,2 stops,No info,13253
Jet Airways,27/04/2019,Banglore,Delhi,BLR → DEL,19:50,22:50,3h,non-stop,No info,7229
Air India,1/05/2019,Mumbai,Hyderabad,BOM → HYD,13:55,15:25,1h 30m,non-stop,No info,3625
Jet Airways,21/05/2019,Kolkata,Banglore,CCU → BOM → BLR,14:05,04:40 22 May,14h 35m,1 stop,In-flight meal not included,9663
Air India,15/05/2019,Delhi,Cochin,DEL → COK,18:05,21:10,3h 5m,non-stop,No info,6094
Jet Airways,24/03/2019,Kolkata,Banglore,CCU → BOM → BLR,13:55,12:00 25 Mar,22h 5m,1 stop,No info,14231
Jet Airways,15/05/2019,Kolkata,Banglore,CCU → GAU → BLR,10:20,17:35,7h 15m,1 stop,In-flight meal not included,5608
Multiple carriers,21/03/2019,Delhi,Cochin,DEL → BOM → COK,11:40,18:50,7h 10m,1 stop,No info,11999
Jet Airways,24/05/2019,Kolkata,Banglore,CCU → DEL → BLR,17:00,22:05 25 May,29h 5m,1 stop,No info,13067
Multiple carriers,18/05/2019,Delhi,Cochin,DEL → BOM → COK,11:30,19:15,7h 45m,1 stop,No info,14533
SpiceJet,27/04/2019,Banglore,Delhi,BLR → DEL,05:55,08:35,2h 40m,non-stop,No check-in baggage included,4319
Jet Airways,9/05/2019,Kolkata,Banglore,CCU → BOM → BLR,14:05,22:35,8h 30m,1 stop,In-flight meal not included,10844
Jet Airways,6/04/2019,Banglore,Delhi,BLR → DEL,08:20,11:20,3h,non-stop,No info,7229
Jet Airways,12/05/2019,Kolkata,Banglore,CCU → BOM → BLR,16:30,22:35,6h 5m,1 stop,No info,14781
Multiple carriers,9/04/2019,Delhi,Cochin,DEL → BOM → COK,19:00,01:30 10 Apr,6h 30m,1 stop,No info,7363
Multiple carriers,27/06/2019,Delhi,Cochin,DEL → BOM → COK,08:00,21:00,13h,1 stop,No info,13587
Jet Airways,12/05/2019,Kolkata,Banglore,CCU → BOM → BLR,08:25,18:15,9h 50m,1 stop,No info,14781
IndiGo,1/06/2019,Kolkata,Banglore,CCU → BLR,14:25,16:55,2h 30m,non-stop,No info,6064
Air India,9/06/2019,Delhi,Cochin,DEL → BOM → COK,21:00,19:15 10 Jun,22h 15m,1 stop,No info,8372
IndiGo,12/06/2019,Delhi,Cochin,DEL → PNQ → COK,23:30,04:35 13 Jun,5h 5m,1 stop,No info,10112
Jet Airways,12/03/2019,Banglore,New Delhi,BLR → BOM → DEL,22:55,12:25 13 Mar,13h 30m,1 stop,No info,13817
Jet Airways,9/05/2019,Kolkata,Banglore,CCU → BOM → BLR,16:30,04:40 10 May,12h 10m,1 stop,No info,14781
Air India,1/05/2019,Kolkata,Banglore,CCU → BBI → BOM → BLR,12:00,07:55 02 May,19h 55m,2 stops,No info,10151
Jet Airways,6/06/2019,Delhi,Cochin,DEL → BOM → COK,17:30,19:00 07 Jun,25h 30m,1 stop,In-flight meal not included,10262
Air India,6/03/2019,Mumbai,Hyderabad,BOM → GOI → PNQ → HYD,21:10,16:55,4h 15m,2 stops,No info,17327
Air India,9/06/2019,Kolkata,Banglore,CCU → DEL → AMD → BLR,10:00,05:25 10 Jun,19h 25m,2 stops,No info,12744
Jet Airways,27/03/2019,Delhi,Cochin,DEL → BOM → COK,19:45,19:45 28 Mar,24h,1 stop,In-flight meal not included,5963
Air Asia,6/04/2019,Kolkata,Banglore,CCU → BLR,19:55,22:25,2h 30m,non-stop,No info,3807
Jet Airways,6/06/2019,Kolkata,Banglore,CCU → BOM → BLR,20:00,18:15 07 Jun,22h 15m,1 stop,In-flight meal not included,10844
IndiGo,21/05/2019,Delhi,Cochin,DEL → MAA → COK,07:15,12:30,5h 15m,1 stop,No info,5636
Jet Airways,21/05/2019,Delhi,Cochin,DEL → COK,09:50,13:05,3h 15m,non-stop,No info,9564
Air India,18/05/2019,Delhi,Cochin,DEL → BOM → COK,10:00,19:15,9h 15m,1 stop,No info,8879
Jet Airways,21/05/2019,Mumbai,Hyderabad,BOM → HYD,02:55,04:20,1h 25m,non-stop,In-flight meal not included,4050
Jet Airways,6/06/2019,Kolkata,Banglore,CCU → BOM → BLR,18:55,12:00 07 Jun,17h 5m,1 stop,In-flight meal not included,10844
Jet Airways,15/06/2019,Mumbai,Hyderabad,BOM → HYD,19:35,21:05,1h 30m,non-stop,In-flight meal not included,3210
Multiple carriers,15/06/2019,Delhi,Cochin,DEL → BOM → COK,11:30,19:15,7h 45m,1 stop,No info,16108
Vistara,1/05/2019,Kolkata,Banglore,CCU → DEL → BLR,07:10,22:40,15h 30m,1 stop,No info,8452
Jet Airways,1/05/2019,Banglore,Delhi,BLR → DEL,11:10,14:05,2h 55m,non-stop,In-flight meal not included,4030
Jet Airways,12/05/2019,Kolkata,Banglore,CCU → BOM → BLR,16:30,12:00 13 May,19h 30m,1 stop,In-flight meal not included,10844
Jet Airways,21/05/2019,Delhi,Cochin,DEL → JAI → BOM → COK,19:30,04:25 22 May,8h 55m,2 stops,In-flight meal not included,13029
SpiceJet,6/05/2019,Banglore,Delhi,BLR → DEL,09:30,12:20,2h 50m,non-stop,No info,3971
IndiGo,18/05/2019,Kolkata,Banglore,CCU → BLR,20:20,22:55,2h 35m,non-stop,No info,4804
GoAir,1/06/2019,Delhi,Cochin,DEL → BOM → COK,14:25,19:35,5h 10m,1 stop,No info,10651
Multiple carriers,24/06/2019,Delhi,Cochin,DEL → BOM → COK,07:30,19:15,11h 45m,1 stop,No info,9001
Multiple carriers,3/03/2019,Delhi,Cochin,DEL → BOM → COK,08:00,18:50,10h 50m,1 stop,No info,15342
Jet Airways,27/06/2019,Delhi,Cochin,DEL → BOM → COK,02:15,19:00,16h 45m,1 stop,In-flight meal not included,10262
Jet Airways,21/05/2019,Kolkata,Banglore,CCU → BOM → BLR,20:00,09:20 22 May,13h 20m,1 stop,In-flight meal not included,10844
Jet Airways,24/06/2019,Delhi,Cochin,DEL → BOM → COK,11:30,12:35 25 Jun,25h 5m,1 stop,In-flight meal not included,10262
Jet Airways,12/06/2019,Delhi,Cochin,DEL → BOM → COK,02:15,19:00,16h 45m,1 stop,No info,14714
Jet Airways,21/03/2019,Delhi,Cochin,DEL → BDQ → BOM → COK,10:45,18:50 22 Mar,32h 5m,2 stops,No info,11093
IndiGo,9/06/2019,Kolkata,Banglore,CCU → BLR,20:20,22:55,2h 35m,non-stop,No info,4804
IndiGo,24/06/2019,Banglore,Delhi,BLR → DEL,04:00,06:50,2h 50m,non-stop,No info,3943
Jet Airways,1/04/2019,Kolkata,Banglore,CCU → BOM → BLR,20:00,16:20 02 Apr,20h 20m,1 stop,No info,12681
Jet Airways,6/06/2019,Kolkata,Banglore,CCU → BOM → BLR,18:55,04:40 07 Jun,9h 45m,1 stop,In-flight meal not included,7757
IndiGo,15/05/2019,Kolkata,Banglore,CCU → BBI → BLR,19:35,23:15,3h 40m,1 stop,No info,4226
Multiple carriers,24/06/2019,Delhi,Cochin,DEL → BOM → COK,06:00,12:35,6h 35m,1 stop,No info,12524
Air India,12/04/2019,Kolkata,Banglore,CCU → BLR,14:15,16:45,2h 30m,non-stop,No info,5195
Air India,21/03/2019,Delhi,Cochin,DEL → BOM → COK,08:00,19:15,11h 15m,1 stop,No info,7199
Jet Airways,21/03/2019,Delhi,Cochin,DEL → BOM → COK,02:15,04:25 22 Mar,26h 10m,1 stop,No info,12719
Multiple carriers,3/06/2019,Delhi,Cochin,DEL → BOM → COK,06:00,19:00,13h,1 stop,No info,13259
Air India,21/05/2019,Delhi,Cochin,DEL → COK,18:05,21:10,3h 5m,non-stop,No info,6094
Jet Airways,24/03/2019,Kolkata,Banglore,CCU → BOM → BLR,13:55,18:10 25 Mar,28h 15m,1 stop,In-flight meal not included,11134
Air India,9/05/2019,Delhi,Cochin,DEL → CCU → BOM → COK,20:15,19:15 10 May,23h,2 stops,No info,13591
Multiple carriers,21/03/2019,Delhi,Cochin,DEL → BOM → COK,17:30,01:35 22 Mar,8h 5m,1 stop,No info,13542
Air India,6/06/2019,Kolkata,Banglore,CCU → BOM → BLR,16:50,07:55 07 Jun,15h 5m,1 stop,No info,8366
Air India,1/04/2019,Kolkata,Banglore,CCU → BBI → BOM → BLR,12:00,21:50,9h 50m,2 stops,No info,9258
Multiple carriers,27/05/2019,Delhi,Cochin,DEL → BOM → COK,14:00,21:00,7h,1 stop,In-flight meal not included,7153
Jet Airways,9/05/2019,Kolkata,Banglore,CCU → BOM → BLR,20:00,04:40 10 May,8h 40m,1 stop,No info,13941
Jet Airways,6/05/2019,Kolkata,Banglore,CCU → BOM → BLR,20:00,04:40 07 May,8h 40m,1 stop,No info,14388
IndiGo,21/06/2019,Banglore,Delhi,BLR → DEL,16:55,19:55,3h,non-stop,No info,4990
Jet Airways,24/06/2019,Delhi,Cochin,DEL → AMD → BOM → COK,23:05,19:00 25 Jun,19h 55m,2 stops,No info,12819
Vistara,24/04/2019,Banglore,Delhi,BLR → DEL,19:30,22:15,2h 45m,non-stop,No info,5613
Jet Airways,12/06/2019,Kolkata,Banglore,CCU → BOM → BLR,20:00,16:20 13 Jun,20h 20m,1 stop,In-flight meal not included,8529
Multiple carriers,15/05/2019,Delhi,Cochin,DEL → BOM → COK,11:25,19:00,7h 35m,1 stop,No info,9103
Air India,15/03/2019,Banglore,New Delhi,BLR → DEL,10:00,12:45,2h 45m,non-stop,No info,7276
SpiceJet,12/06/2019,Banglore,Delhi,BLR → DEL,09:30,12:20,2h 50m,non-stop,No info,4423
Air Asia,9/06/2019,Kolkata,Banglore,CCU → BBI → BLR,06:50,10:30,3h 40m,1 stop,No info,6857
Jet Airways,12/03/2019,Banglore,New Delhi,BLR → BOM → DEL,21:25,09:30 13 Mar,12h 5m,1 stop,No info,13817
Vistara,18/04/2019,Banglore,Delhi,BLR → DEL,09:45,12:35,2h 50m,non-stop,No info,5403
Air Asia,18/06/2019,Banglore,Delhi,BLR → DEL,11:10,13:55,2h 45m,non-stop,No info,3383
Air India,1/04/2019,Kolkata,Banglore,CCU → DEL → COK → BLR,10:00,01:20 02 Apr,15h 20m,2 stops,No info,10408
Jet Airways,12/04/2019,Banglore,Delhi,BLR → DEL,11:10,14:05,2h 55m,non-stop,In-flight meal not included,5198
IndiGo,12/06/2019,Delhi,Cochin,DEL → COK,05:35,08:50,3h 15m,non-stop,No info,5601
IndiGo,24/03/2019,Kolkata,Banglore,CCU → BLR,22:10,00:55 25 Mar,2h 45m,non-stop,No info,6985
Jet Airways,3/06/2019,Banglore,Delhi,BLR → DEL,06:00,08:45,2h 45m,non-stop,In-flight meal not included,5769
Jet Airways,18/03/2019,Banglore,New Delhi,BLR → BOM → DEL,16:55,23:00,6h 5m,1 stop,In-flight meal not included,11087
Air India,15/05/2019,Delhi,Cochin,DEL → HYD → MAA → COK,13:05,09:25 16 May,20h 20m,2 stops,No info,10975
Jet Airways,9/06/2019,Delhi,Cochin,DEL → JAI → BOM → COK,09:40,12:35 10 Jun,26h 55m,2 stops,No info,13014
IndiGo,3/06/2019,Delhi,Cochin,DEL → HYD → COK,06:50,22:30,15h 40m,1 stop,No info,7514
Air India,01/03/2019,Banglore,New Delhi,BLR → CCU → BBI → HYD → VGA → DEL,05:50,11:20 02 Mar,29h 30m,4 stops,Change airports,17686
Multiple carriers,21/03/2019,Delhi,Cochin,DEL → BOM → COK,10:45,18:50,8h 5m,1 stop,No info,11622
SpiceJet,9/06/2019,Chennai,Kolkata,MAA → CCU,09:45,12:00,2h 15m,non-stop,No info,3597
Jet Airways,01/03/2019,Banglore,New Delhi,BLR → BOM → DEL,07:00,12:25,5h 25m,1 stop,No info,26890
Air India,12/04/2019,Banglore,Delhi,BLR → DEL,13:20,16:10,2h 50m,non-stop,No info,5911
Jet Airways,12/06/2019,Kolkata,Banglore,CCU → DEL → BLR,17:00,09:45 13 Jun,16h 45m,1 stop,No info,12692
Multiple carriers,15/05/2019,Delhi,Cochin,DEL → BOM → COK,06:40,19:15,12h 35m,1 stop,No info,7787
Jet Airways,6/06/2019,Kolkata,Banglore,CCU → BOM → BLR,20:00,12:00 07 Jun,16h,1 stop,In-flight meal not included,10844
SpiceJet,21/06/2019,Mumbai,Hyderabad,BOM → HYD,05:45,07:15,1h 30m,non-stop,No check-in baggage included,2647
Jet Airways,15/03/2019,Banglore,New Delhi,BLR → BOM → DEL,08:55,18:25,9h 30m,1 stop,In-flight meal not included,9134
Air India,1/04/2019,Kolkata,Banglore,CCU → HYD → BLR,19:00,09:50 02 Apr,14h 50m,1 stop,No info,4227
Vistara,9/06/2019,Kolkata,Banglore,CCU → DEL → BLR,07:10,20:20,13h 10m,1 stop,No info,9555
Multiple carriers,15/06/2019,Delhi,Cochin,DEL → BOM → COK,10:00,01:30 16 Jun,15h 30m,1 stop,No info,13377
Jet Airways,24/05/2019,Kolkata,Banglore,CCU → BOM → BLR,06:30,12:00,5h 30m,1 stop,No info,14178
Jet Airways,21/05/2019,Kolkata,Banglore,CCU → BOM → BLR,06:30,12:00,5h 30m,1 stop,In-flight meal not included,9663
Air Asia,12/05/2019,Kolkata,Banglore,CCU → DEL → BLR,22:40,10:40 13 May,12h,1 stop,No info,5192
IndiGo,15/06/2019,Chennai,Kolkata,MAA → CCU,07:55,10:15,2h 20m,non-stop,No info,3850
IndiGo,18/05/2019,Delhi,Cochin,DEL → HYD → COK,14:20,22:30,8h 10m,1 stop,No info,7640
SpiceJet,24/03/2019,Banglore,New Delhi,BLR → DEL,09:35,12:30,2h 55m,non-stop,No info,6309
Jet Airways,9/05/2019,Kolkata,Banglore,CCU → DEL → BLR,17:00,18:00 10 May,25h,1 stop,No info,10624
IndiGo,3/03/2019,Delhi,Cochin,DEL → BOM → COK,06:40,13:20,6h 40m,1 stop,No info,14871
Jet Airways,15/06/2019,Delhi,Cochin,DEL → BOM → COK,14:00,19:00,5h,1 stop,In-flight meal not included,10262
Jet Airways,6/04/2019,Banglore,Delhi,BLR → DEL,07:10,10:10,3h,non-stop,In-flight meal not included,4544
SpiceJet,6/04/2019,Delhi,Cochin,DEL → BLR → COK,17:55,22:50,4h 55m,1 stop,No info,4957
Jet Airways,27/05/2019,Delhi,Cochin,DEL → AMD → BOM → COK,13:25,19:00 28 May,29h 35m,2 stops,No info,15129
Multiple carriers,24/06/2019,Delhi,Cochin,DEL → BOM → COK,08:30,19:15,10h 45m,1 stop,No info,7354
SpiceJet,9/06/2019,Kolkata,Banglore,CCU → BLR,09:00,11:25,2h 25m,non-stop,No info,4174
Jet Airways,24/06/2019,Delhi,Cochin,DEL → BOM → COK,22:50,12:35 25 Jun,13h 45m,1 stop,In-flight meal not included,10262
Vistara,15/04/2019,Delhi,Cochin,DEL → COK,14:40,17:50,3h 10m,non-stop,No info,6216
Jet Airways,9/05/2019,Kolkata,Banglore,CCU → DEL → BLR,20:25,10:55 10 May,14h 30m,1 stop,No info,10953
IndiGo,3/05/2019,Kolkata,Banglore,CCU → BLR,11:30,14:05,2h 35m,non-stop,No info,5224
Jet Airways,24/03/2019,Kolkata,Banglore,CCU → BOM → BLR,21:10,08:10 25 Mar,11h,1 stop,In-flight meal not included,11134
Jet Airways,24/05/2019,Kolkata,Banglore,CCU → BOM → BLR,14:05,16:20 25 May,26h 15m,1 stop,In-flight meal not included,10844
Jet Airways,9/05/2019,Kolkata,Banglore,CCU → BOM → BLR,14:05,08:15 10 May,18h 10m,1 stop,In-flight meal not included,7757
IndiGo,15/05/2019,Delhi,Cochin,DEL → PNQ → COK,23:30,04:35 16 May,5h 5m,1 stop,No info,10123
IndiGo,1/06/2019,Delhi,Cochin,DEL → COK,05:35,08:50,3h 15m,non-stop,No info,6541
Jet Airways,12/03/2019,Banglore,New Delhi,BLR → BOM → DEL,18:55,13:15 13 Mar,18h 20m,1 stop,In-flight meal not included,11087
SpiceJet,3/05/2019,Mumbai,Hyderabad,BOM → HYD,05:45,07:15,1h 30m,non-stop,No check-in baggage included,1965
Jet Airways,27/05/2019,Banglore,Delhi,BLR → DEL,08:20,11:20,3h,non-stop,In-flight meal not included,4030
IndiGo,3/03/2019,Delhi,Cochin,DEL → BOM → COK,07:30,15:30,8h,1 stop,No info,14871
GoAir,24/06/2019,Kolkata,Banglore,CCU → BLR,15:20,17:55,2h 35m,non-stop,No info,3514
Jet Airways,9/03/2019,Delhi,Cochin,DEL → ATQ → BOM → COK,20:10,04:25 10 Mar,8h 15m,2 stops,No info,20904
Vistara,01/03/2019,Banglore,New Delhi,BLR → AMD → DEL,06:40,21:55,15h 15m,1 stop,No info,18387
Multiple carriers,27/05/2019,Delhi,Cochin,DEL → BOM → COK,07:00,21:00,14h,1 stop,No info,7618
Multiple carriers,6/06/2019,Delhi,Cochin,DEL → BOM → COK,10:35,19:00,8h 25m,1 stop,No info,10877
IndiGo,1/06/2019,Chennai,Kolkata,MAA → CCU,11:35,14:00,2h 25m,non-stop,No info,3858
Jet Airways,21/03/2019,Delhi,Cochin,DEL → MAA → BOM → COK,16:10,18:50 22 Mar,26h 40m,2 stops,No info,13180
IndiGo,27/03/2019,Delhi,Cochin,DEL → BOM → COK,06:40,15:30,8h 50m,1 stop,No info,8574
Jet Airways,15/06/2019,Delhi,Cochin,DEL → NAG → BOM → COK,14:35,12:35 16 Jun,22h,2 stops,No info,13376
Vistara,27/06/2019,Chennai,Kolkata,MAA → CCU,07:05,09:20,2h 15m,non-stop,No info,3687
Jet Airways,21/05/2019,Delhi,Cochin,DEL → BOM → COK,07:05,19:00,11h 55m,1 stop,In-flight meal not included,12239
IndiGo,3/06/2019,Delhi,Cochin,DEL → HYD → COK,08:35,16:10,7h 35m,1 stop,No info,6442
Vistara,6/03/2019,Mumbai,Hyderabad,BOM → DEL → HYD,08:45,09:25 07 Mar,24h 40m,1 stop,No info,12395
Air Asia,1/06/2019,Banglore,Delhi,BLR → DEL,23:55,02:45 02 Jun,2h 50m,non-stop,No info,7120
Air India,21/05/2019,Kolkata,Banglore,CCU → IXR → DEL → BLR,05:50,23:15,17h 25m,2 stops,No info,13143
Vistara,15/05/2019,Kolkata,Banglore,CCU → DEL → BLR,07:10,23:25,16h 15m,1 stop,No info,9345
Jet Airways,15/05/2019,Kolkata,Banglore,CCU → BOM → BLR,18:55,10:05 16 May,15h 10m,1 stop,In-flight meal not included,9663
IndiGo,27/04/2019,Delhi,Cochin,DEL → HYD → COK,05:05,16:10,11h 5m,1 stop,No info,6171
IndiGo,18/06/2019,Delhi,Cochin,DEL → COK,14:20,17:35,3h 15m,non-stop,No info,5000
Jet Airways,3/06/2019,Delhi,Cochin,DEL → BHO → BOM → COK,05:30,12:35,7h 5m,2 stops,No info,14441
SpiceJet,12/04/2019,Banglore,Delhi,BLR → DEL,21:10,00:05 13 Apr,2h 55m,non-stop,No info,5621
Air India,18/05/2019,Delhi,Cochin,DEL → HYD → MAA → COK,13:15,09:25 19 May,20h 10m,2 stops,No info,11307
Air India,24/03/2019,Kolkata,Banglore,CCU → DEL → BLR,20:30,20:25 25 Mar,23h 55m,1 stop,No info,12173
Multiple carriers,24/06/2019,Delhi,Cochin,DEL → IDR → BOM → COK,15:05,01:30 25 Jun,10h 25m,2 stops,No info,15965
Jet Airways,24/05/2019,Kolkata,Banglore,CCU → BOM → BLR,18:55,23:35 25 May,28h 40m,1 stop,In-flight meal not included,10844
SpiceJet,3/03/2019,Chennai,Kolkata,MAA → CCU,08:20,10:35,2h 15m,non-stop,No info,7050
GoAir,15/05/2019,Kolkata,Banglore,CCU → AMD → BLR,16:40,00:15 16 May,7h 35m,1 stop,No info,7831
SpiceJet,6/05/2019,Kolkata,Banglore,CCU → BLR,17:10,19:40,2h 30m,non-stop,No info,4491
IndiGo,1/06/2019,Banglore,Delhi,BLR → DEL,07:10,10:05,2h 55m,non-stop,No info,4823
SpiceJet,21/03/2019,Mumbai,Hyderabad,BOM → HYD,05:45,07:05,1h 20m,non-stop,No info,3173
Jet Airways,15/05/2019,Kolkata,Banglore,CCU → BOM → BLR,18:55,08:15 16 May,13h 20m,1 stop,No info,14388
IndiGo,9/04/2019,Banglore,Delhi,BLR → DEL,23:30,02:20 10 Apr,2h 50m,non-stop,No info,4591
Air India,3/06/2019,Delhi,Cochin,DEL → GOI → BOM → COK,10:55,19:15,8h 20m,2 stops,No info,12173
Vistara,15/05/2019,Kolkata,Banglore,CCU → DEL → BLR,20:20,20:20 16 May,24h,1 stop,No info,8610
SpiceJet,18/03/2019,Mumbai,Hyderabad,BOM → HYD,13:10,14:30,1h 20m,non-stop,No check-in baggage included,2385
GoAir,27/04/2019,Delhi,Cochin,DEL → AMD → COK,07:25,13:35,6h 10m,1 stop,No info,5140
Multiple carriers,21/03/2019,Delhi,Cochin,DEL → BOM → COK,18:15,01:35 22 Mar,7h 20m,1 stop,No info,13542
Jet Airways,18/06/2019,Banglore,Delhi,BLR → DEL,11:10,14:05,2h 55m,non-stop,No info,8016
Jet Airways,27/05/2019,Delhi,Cochin,DEL → AMD → BOM → COK,19:10,12:35 28 May,17h 25m,2 stops,No info,15129
Jet Airways,3/06/2019,Delhi,Cochin,DEL → BOM → COK,16:00,04:25 04 Jun,12h 25m,1 stop,No info,14714
Multiple carriers,6/03/2019,Delhi,Cochin,DEL → BOM → COK,09:00,15:30,6h 30m,1 stop,In-flight meal not included,15136
Air India,9/06/2019,Kolkata,Banglore,CCU → BOM → BLR,09:25,07:55 10 Jun,22h 30m,1 stop,No info,8366
IndiGo,15/03/2019,Kolkata,Banglore,CCU → BLR,09:35,12:20,2h 45m,non-stop,No info,4148
Jet Airways,6/03/2019,Delhi,Cochin,DEL → BOM → COK,18:15,04:25 07 Mar,10h 10m,1 stop,No info,17024
Jet Airways,27/05/2019,Delhi,Cochin,DEL → BOM → COK,22:50,19:00 28 May,20h 10m,1 stop,No info,16079
Jet Airways,9/05/2019,Delhi,Cochin,DEL → BOM → COK,07:05,12:35,5h 30m,1 stop,In-flight meal not included,12373
Jet Airways,15/04/2019,Banglore,Delhi,BLR → DEL,11:10,14:05,2h 55m,non-stop,No info,7229
Air India,9/03/2019,Delhi,Cochin,DEL → BHO → BOM → COK,05:55,19:15 10 Mar,37h 20m,2 stops,No info,14483
Air India,18/05/2019,Kolkata,Banglore,CCU → IXR → DEL → BLR,05:50,20:25,14h 35m,2 stops,No info,12093
Multiple carriers,24/05/2019,Delhi,Cochin,DEL → BOM → COK,09:00,19:00,10h,1 stop,No info,10197
IndiGo,27/03/2019,Delhi,Cochin,DEL → BOM → COK,04:45,13:20,8h 35m,1 stop,No info,7048
IndiGo,15/03/2019,Chennai,Kolkata,MAA → CCU,07:55,10:15,2h 20m,non-stop,No info,6297
Jet Airways,9/05/2019,Delhi,Cochin,DEL → BOM → COK,21:50,19:00 10 May,21h 10m,1 stop,No info,15554
Jet Airways,12/05/2019,Kolkata,Banglore,CCU → BOM → BLR,16:30,04:40 13 May,12h 10m,1 stop,No info,14388
Jet Airways,24/03/2019,Banglore,New Delhi,BLR → BOM → DEL,11:40,09:00 19 Mar,21h 20m,1 stop,In-flight meal not included,8147
Air India,03/03/2019,Banglore,New Delhi,BLR → DEL,10:00,12:45,2h 45m,non-stop,No info,8588
Air India,03/03/2019,Banglore,New Delhi,BLR → AMD → DEL,00:30,23:55,23h 25m,1 stop,No info,10394
Multiple carriers,9/06/2019,Delhi,Cochin,DEL → HYD → COK,07:05,22:30,15h 25m,1 stop,No info,9646
IndiGo,09/03/2019,Banglore,New Delhi,BLR → DEL,18:25,21:20,2h 55m,non-stop,No info,6860
Jet Airways,18/05/2019,Kolkata,Banglore,CCU → DEL → BLR,09:35,14:25 19 May,28h 50m,1 stop,No info,13067
Jet Airways,24/06/2019,Delhi,Cochin,DEL → BOM → COK,15:00,12:35 25 Jun,21h 35m,1 stop,In-flight meal not included,10262
Jet Airways,1/05/2019,Kolkata,Banglore,CCU → BOM → BLR,20:00,09:20 02 May,13h 20m,1 stop,In-flight meal not included,9663
Jet Airways,15/03/2019,Banglore,New Delhi,BLR → BOM → DEL,11:40,18:25,6h 45m,1 stop,In-flight meal not included,9134
SpiceJet,27/04/2019,Kolkata,Banglore,CCU → BLR,09:00,11:25,2h 25m,non-stop,No check-in baggage included,3841
Jet Airways,9/04/2019,Delhi,Cochin,DEL → JAI → BOM → COK,09:40,04:25 10 Apr,18h 45m,2 stops,No info,10909
Air India,9/06/2019,Mumbai,Hyderabad,BOM → HYD,15:00,16:25,1h 25m,non-stop,No info,3100
Air India,15/06/2019,Chennai,Kolkata,MAA → CCU,11:40,13:55,2h 15m,non-stop,No info,4667
Jet Airways,21/03/2019,Delhi,Cochin,DEL → AMD → BOM → COK,19:10,04:25 23 Mar,33h 15m,2 stops,No info,10929
Air India,6/03/2019,Mumbai,Hyderabad,BOM → BHO → DEL → HYD,06:00,11:55 07 Mar,29h 55m,2 stops,No info,14219
Multiple carriers,6/03/2019,Delhi,Cochin,DEL → BOM → COK,13:55,21:00,7h 5m,1 stop,In-flight meal not included,15136
Jet Airways,18/03/2019,Banglore,New Delhi,BLR → BOM → DEL,08:00,15:15,7h 15m,1 stop,No info,12284
Jet Airways,21/03/2019,Banglore,New Delhi,BLR → BOM → DEL,05:45,16:10,10h 25m,1 stop,In-flight meal not included,7832
Air India,24/03/2019,Kolkata,Banglore,CCU → BBI → IXR → DEL → BLR,12:00,23:15 25 Mar,35h 15m,3 stops,No info,14221
Air Asia,9/05/2019,Kolkata,Banglore,CCU → BLR,22:50,01:20 10 May,2h 30m,non-stop,No info,3807
Jet Airways,3/06/2019,Delhi,Cochin,DEL → BOM → COK,07:05,19:00,11h 55m,1 stop,In-flight meal not included,10577
IndiGo,9/04/2019,Banglore,Delhi,BLR → DEL,21:15,00:15 10 Apr,3h,non-stop,No info,3943
SpiceJet,9/03/2019,Delhi,Cochin,DEL → BLR → COK,16:35,22:50,6h 15m,1 stop,No info,7084
IndiGo,24/03/2019,Kolkata,Banglore,CCU → BLR,17:15,20:00,2h 45m,non-stop,No info,6565
Air Asia,15/03/2019,Kolkata,Banglore,CCU → BLR,10:20,12:55,2h 35m,non-stop,No info,4384
IndiGo,09/03/2019,Banglore,New Delhi,BLR → DEL,16:55,19:45,2h 50m,non-stop,No info,7648
SpiceJet,21/03/2019,Kolkata,Banglore,CCU → BLR,17:15,19:45,2h 30m,non-stop,No info,3847
Jet Airways,21/06/2019,Banglore,Delhi,BLR → DEL,15:15,18:10,2h 55m,non-stop,No info,8016
IndiGo,6/03/2019,Kolkata,Banglore,CCU → BLR,14:20,16:55,2h 35m,non-stop,No info,5618
Jet Airways,21/05/2019,Kolkata,Banglore,CCU → BOM → BLR,21:10,16:20 22 May,19h 10m,1 stop,In-flight meal not included,10844
Air India,27/06/2019,Delhi,Cochin,DEL → COK,14:10,17:10,3h,non-stop,No info,5201
Jet Airways,12/03/2019,Banglore,New Delhi,BLR → BOM → DEL,20:35,09:30 13 Mar,12h 55m,1 stop,In-flight meal not included,11087
Jet Airways,18/05/2019,Delhi,Cochin,DEL → BOM → COK,21:50,04:25 19 May,6h 35m,1 stop,No info,15554
Air India,9/05/2019,Delhi,Cochin,DEL → UDR → BOM → COK,13:20,07:40 10 May,18h 20m,2 stops,No info,13538
SpiceJet,6/06/2019,Banglore,Delhi,BLR → DEL,21:10,00:05 07 Jun,2h 55m,non-stop,No check-in baggage included,3257
Multiple carriers,21/03/2019,Delhi,Cochin,DEL → BOM → COK,10:45,19:15,8h 30m,1 stop,No info,7154
Multiple carriers,9/05/2019,Delhi,Cochin,DEL → BOM → COK,18:15,01:30 10 May,7h 15m,1 stop,No info,15078
Vistara,24/05/2019,Kolkata,Banglore,CCU → DEL → BLR,20:20,20:20 25 May,24h,1 stop,No info,9345
Multiple carriers,9/06/2019,Delhi,Cochin,DEL → HYD → COK,09:45,16:10,6h 25m,1 stop,No info,9646
Jet Airways,9/05/2019,Kolkata,Banglore,CCU → BOM → BLR,14:05,18:15 10 May,28h 10m,1 stop,In-flight meal not included,7757
Jet Airways,9/03/2019,Delhi,Cochin,DEL → BOM → COK,21:50,04:25 10 Mar,6h 35m,1 stop,No info,15029
SpiceJet,9/06/2019,Kolkata,Banglore,CCU → IXB → BLR,11:15,18:30,7h 15m,1 stop,No info,9946
Multiple carriers,27/05/2019,Delhi,Cochin,DEL → BOM → COK,11:30,21:00,9h 30m,1 stop,No info,13587
Jet Airways,15/06/2019,Delhi,Cochin,DEL → JAI → BOM → COK,09:40,04:25 16 Jun,18h 45m,2 stops,No info,13014
Jet Airways,18/05/2019,Delhi,Cochin,DEL → BOM → COK,18:15,12:35 19 May,18h 20m,1 stop,In-flight meal not included,12373
Jet Airways,3/03/2019,Mumbai,Hyderabad,BOM → HYD,19:35,21:05,1h 30m,non-stop,No info,5678
Air India,21/05/2019,Delhi,Cochin,DEL → CCU → BOM → COK,20:15,19:15 22 May,23h,2 stops,No info,13381
IndiGo,1/03/2019,Chennai,Kolkata,MAA → CCU,11:35,14:00,2h 25m,non-stop,No info,7900
Jet Airways,9/05/2019,Delhi,Cochin,DEL → BOM → COK,07:05,04:25 10 May,21h 20m,1 stop,In-flight meal not included,12373
Jet Airways,9/06/2019,Kolkata,Banglore,CCU → DEL → BLR,09:35,21:05,11h 30m,1 stop,In-flight meal not included,13994
Jet Airways,27/03/2019,Delhi,Cochin,DEL → IXC → BOM → COK,06:20,04:25 28 Mar,22h 5m,2 stops,No info,12273
Multiple carriers,1/06/2019,Delhi,Cochin,DEL → BOM → COK,09:00,21:00,12h,1 stop,No info,7933
Air India,21/05/2019,Delhi,Cochin,DEL → GOI → BOM → COK,22:00,19:15 22 May,21h 15m,2 stops,No info,10231
Air India,9/03/2019,Delhi,Cochin,DEL → LKO → BOM → COK,18:30,19:15 10 Mar,24h 45m,2 stops,No info,18211
IndiGo,6/04/2019,Kolkata,Banglore,CCU → BLR,15:30,18:05,2h 35m,non-stop,No info,4174
Jet Airways,18/03/2019,Mumbai,Hyderabad,BOM → HYD,15:50,17:20,1h 30m,non-stop,In-flight meal not included,2228
SpiceJet,27/03/2019,Chennai,Kolkata,MAA → CCU,08:20,10:35,2h 15m,non-stop,No check-in baggage included,3332
Multiple carriers,1/06/2019,Delhi,Cochin,DEL → BOM → COK,09:15,19:00,9h 45m,1 stop,No info,12042
SpiceJet,6/03/2019,Mumbai,Hyderabad,BOM → JLR → HYD,14:10,22:25,8h 15m,1 stop,No info,13552
SpiceJet,3/06/2019,Banglore,Delhi,BLR → DEL,09:30,12:20,2h 50m,non-stop,No info,3971
IndiGo,21/03/2019,Kolkata,Banglore,CCU → BLR,05:30,08:20,2h 50m,non-stop,No info,4148
Jet Airways,24/05/2019,Delhi,Cochin,DEL → AMD → BOM → COK,23:05,19:00 25 May,19h 55m,2 stops,No info,15129
Jet Airways,12/05/2019,Kolkata,Banglore,CCU → BOM → BLR,14:05,19:50,5h 45m,1 stop,In-flight meal not included,10844
IndiGo,21/05/2019,Delhi,Cochin,DEL → BOM → COK,10:35,21:00,10h 25m,1 stop,No info,6794
Air India,1/04/2019,Mumbai,Hyderabad,BOM → HYD,21:05,22:25,1h 20m,non-stop,No info,2050
Air India,18/05/2019,Kolkata,Banglore,CCU → JAI → BOM → BLR,08:20,18:30,10h 10m,2 stops,No info,10907
Jet Airways,24/05/2019,Kolkata,Banglore,CCU → BOM → BLR,16:30,23:35,7h 5m,1 stop,No info,14571
Multiple carriers,6/06/2019,Delhi,Cochin,DEL → IDR → BOM → COK,15:05,01:30 07 Jun,10h 25m,2 stops,No info,15965
Jet Airways,6/03/2019,Delhi,Cochin,DEL → BOM → COK,02:15,04:25 07 Mar,26h 10m,1 stop,No info,17024
Air India,15/05/2019,Kolkata,Banglore,CCU → DEL → COK → BLR,10:00,13:45 16 May,27h 45m,2 stops,No info,16057
Jet Airways,1/04/2019,Mumbai,Hyderabad,BOM → HYD,02:55,04:20,1h 25m,non-stop,No info,5678
Jet Airways,24/03/2019,Kolkata,Banglore,CCU → BOM → BLR,06:30,22:35,16h 5m,1 stop,No info,13339
IndiGo,1/04/2019,Kolkata,Banglore,CCU → BLR,20:20,22:55,2h 35m,non-stop,No info,4488
Multiple carriers,27/03/2019,Delhi,Cochin,DEL → BOM → COK,10:00,18:50,8h 50m,1 stop,No info,11667
Vistara,27/06/2019,Banglore,Delhi,BLR → DEL,09:45,12:35,2h 50m,non-stop,No info,4668
Multiple carriers,18/05/2019,Delhi,Cochin,DEL → BOM → COK,06:00,21:00,15h,1 stop,No info,7670
IndiGo,1/05/2019,Chennai,Kolkata,MAA → CCU,13:15,15:35,2h 20m,non-stop,No info,3597
Jet Airways,27/05/2019,Delhi,Cochin,DEL → BOM → COK,22:50,04:25 28 May,5h 35m,1 stop,In-flight meal not included,12898
Jet Airways,24/06/2019,Banglore,Delhi,BLR → DEL,18:55,22:00,3h 5m,non-stop,No info,8016
IndiGo,12/06/2019,Kolkata,Banglore,CCU → NAG → BLR,18:05,23:30,5h 25m,1 stop,No info,6218
Air India,6/05/2019,Kolkata,Banglore,CCU → GAU → DEL → BLR,16:45,08:55 07 May,16h 10m,2 stops,No info,13227
SpiceJet,15/03/2019,Mumbai,Hyderabad,BOM → HYD,13:10,14:30,1h 20m,non-stop,No check-in baggage included,2385
IndiGo,24/05/2019,Banglore,Delhi,BLR → DEL,23:30,02:20 25 May,2h 50m,non-stop,No info,4591
Jet Airways,27/05/2019,Delhi,Cochin,DEL → BOM → COK,19:15,19:00 28 May,23h 45m,1 stop,No info,16079
Jet Airways,6/05/2019,Kolkata,Banglore,CCU → DEL → BLR,20:25,23:35 07 May,27h 10m,1 stop,No info,10953
SpiceJet,3/04/2019,Mumbai,Hyderabad,BOM → HYD,05:45,07:15,1h 30m,non-stop,No check-in baggage included,1965
Air Asia,1/05/2019,Kolkata,Banglore,CCU → IXR → DEL → BLR,15:10,23:30,8h 20m,2 stops,No info,5192
Jet Airways,12/05/2019,Kolkata,Banglore,CCU → DEL → BLR,17:00,23:35,6h 35m,1 stop,No info,14151
IndiGo,18/06/2019,Mumbai,Hyderabad,BOM → HYD,09:15,10:45,1h 30m,non-stop,No info,4049
Vistara,6/04/2019,Banglore,Delhi,BLR → DEL,17:00,19:35,2h 35m,non-stop,No info,5613
Air India,24/05/2019,Kolkata,Banglore,CCU → BOM → COK → BLR,09:25,01:20 25 May,15h 55m,2 stops,No info,12718
Multiple carriers,6/03/2019,Delhi,Cochin,DEL → BOM → COK,09:00,15:30,6h 30m,1 stop,No info,15078
Air India,12/06/2019,Delhi,Cochin,DEL → LKO → BOM → COK,18:30,19:15 13 Jun,24h 45m,2 stops,No info,12488
Jet Airways,1/06/2019,Banglore,Delhi,BLR → DEL,15:15,18:10,2h 55m,non-stop,No info,8016
SpiceJet,27/03/2019,Mumbai,Hyderabad,BOM → HYD,13:10,14:30,1h 20m,non-stop,No info,2017
IndiGo,3/03/2019,Mumbai,Hyderabad,BOM → HYD,09:10,10:40,1h 30m,non-stop,No info,5755
Air Asia,15/05/2019,Kolkata,Banglore,CCU → BLR,19:55,22:25,2h 30m,non-stop,No info,4409
IndiGo,9/06/2019,Chennai,Kolkata,MAA → CCU,14:45,17:05,2h 20m,non-stop,No info,3597
Multiple carriers,3/03/2019,Delhi,Cochin,DEL → BOM → COK,15:25,01:35 04 Mar,10h 10m,1 stop,No info,15147
SpiceJet,9/05/2019,Kolkata,Banglore,CCU → BLR,22:20,00:40 10 May,2h 20m,non-stop,No info,3873
Air India,12/06/2019,Kolkata,Banglore,CCU → GAU → DEL → BLR,16:45,12:30 13 Jun,19h 45m,2 stops,No info,14960
Air India,18/05/2019,Kolkata,Banglore,CCU → JAI → BOM → BLR,08:20,11:10 19 May,26h 50m,2 stops,No info,11222
GoAir,27/06/2019,Banglore,Delhi,BLR → DEL,07:45,10:40,2h 55m,non-stop,No info,3419
Jet Airways,9/05/2019,Kolkata,Banglore,CCU → BOM → BLR,14:05,12:00 10 May,21h 55m,1 stop,In-flight meal not included,9663
IndiGo,3/04/2019,Kolkata,Banglore,CCU → BLR,09:35,12:20,2h 45m,non-stop,No info,4174
Jet Airways,6/06/2019,Delhi,Cochin,DEL → BOM → COK,20:55,04:25 07 Jun,7h 30m,1 stop,In-flight meal not included,10262
Jet Airways,9/06/2019,Kolkata,Banglore,CCU → BOM → BLR,21:10,22:35 10 Jun,25h 25m,1 stop,In-flight meal not included,10844
Air India,9/04/2019,Delhi,Cochin,DEL → BLR → COK,20:30,08:15 10 Apr,11h 45m,1 stop,No info,5683
IndiGo,15/05/2019,Kolkata,Banglore,CCU → BLR,14:25,16:55,2h 30m,non-stop,No info,5224
Multiple carriers,9/03/2019,Delhi,Cochin,DEL → BOM → COK,07:30,19:45,12h 15m,1 stop,No info,12615
Air India,3/03/2019,Delhi,Cochin,DEL → MAA → COK,09:45,09:25 04 Mar,23h 40m,1 stop,No info,24017
IndiGo,3/03/2019,Delhi,Cochin,DEL → HYD → MAA → COK,08:35,21:20,12h 45m,2 stops,No info,8049
IndiGo,21/03/2019,Chennai,Kolkata,MAA → CCU,07:55,10:15,2h 20m,non-stop,No info,3384
Jet Airways,18/05/2019,Banglore,Delhi,BLR → DEL,08:20,11:20,3h,non-stop,In-flight meal not included,6144
Multiple carriers,27/05/2019,Delhi,Cochin,DEL → BOM → COK,11:40,21:00,9h 20m,1 stop,No info,7005
Air India,6/06/2019,Kolkata,Banglore,CCU → MAA → BLR,14:35,14:35 07 Jun,24h,1 stop,No info,6528
Multiple carriers,3/06/2019,Delhi,Cochin,DEL → HYD → COK,07:10,16:10,9h,1 stop,No info,7878
SpiceJet,18/04/2019,Banglore,Delhi,BLR → DEL,21:10,00:05 19 Apr,2h 55m,non-stop,No info,5621
Jet Airways,9/05/2019,Kolkata,Banglore,CCU → DEL → BLR,17:00,09:45 10 May,16h 45m,1 stop,No info,12121
Jet Airways,18/05/2019,Kolkata,Banglore,CCU → DEL → BLR,20:25,19:10 19 May,22h 45m,1 stop,No info,14151
IndiGo,18/05/2019,Banglore,Delhi,BLR → DEL,13:00,15:50,2h 50m,non-stop,No info,4423
IndiGo,15/05/2019,Delhi,Cochin,DEL → HYD → COK,06:50,22:30,15h 40m,1 stop,No info,6442
Air India,24/03/2019,Banglore,New Delhi,BLR → DEL,17:00,19:45,2h 45m,non-stop,No info,7486
Jet Airways,9/03/2019,Delhi,Cochin,DEL → IXC → BOM → COK,13:45,04:25 10 Mar,14h 40m,2 stops,No info,17019
IndiGo,18/03/2019,Banglore,New Delhi,BLR → DEL,22:20,01:10 19 Mar,2h 50m,non-stop,No info,4545
Jet Airways,24/05/2019,Kolkata,Banglore,CCU → BOM → BLR,18:55,19:50 25 May,24h 55m,1 stop,In-flight meal not included,10844
SpiceJet,1/05/2019,Mumbai,Hyderabad,BOM → HYD,22:45,00:15 02 May,1h 30m,non-stop,No info,2017
IndiGo,15/05/2019,Delhi,Cochin,DEL → HYD → COK,06:50,12:10,5h 20m,1 stop,No info,5298
Air India,24/06/2019,Delhi,Cochin,DEL → BLR → COK,13:30,23:00,9h 30m,1 stop,No info,8907
Air India,1/04/2019,Kolkata,Banglore,CCU → BBI → BLR,09:10,13:15,4h 5m,1 stop,No info,5793
Jet Airways,12/06/2019,Kolkata,Banglore,CCU → BOM → BLR,18:55,12:00 13 Jun,17h 5m,1 stop,No info,13044
Vistara,1/05/2019,Kolkata,Banglore,CCU → DEL → BLR,07:10,18:50,11h 40m,1 stop,No info,9345
Vistara,21/05/2019,Banglore,Delhi,BLR → DEL,17:00,19:35,2h 35m,non-stop,No info,4878
Jet Airways,21/05/2019,Delhi,Cochin,DEL → AMD → BOM → COK,23:05,12:35 22 May,13h 30m,2 stops,No info,15129
Jet Airways,1/06/2019,Delhi,Cochin,DEL → JAI → BOM → COK,05:30,04:25 02 Jun,22h 55m,2 stops,No info,13014
Multiple carriers,12/06/2019,Delhi,Cochin,DEL → BOM → COK,18:15,01:30 13 Jun,7h 15m,1 stop,No info,13377
Multiple carriers,12/06/2019,Delhi,Cochin,DEL → BOM → COK,04:55,19:15,14h 20m,1 stop,No info,7155
Jet Airways,9/06/2019,Delhi,Cochin,DEL → BOM → COK,22:50,04:25 10 Jun,5h 35m,1 stop,No info,14714
Multiple carriers,3/06/2019,Delhi,Cochin,DEL → BOM → COK,10:00,01:30 04 Jun,15h 30m,1 stop,No info,9508
SpiceJet,6/05/2019,Mumbai,Hyderabad,BOM → HYD,22:45,00:15 07 May,1h 30m,non-stop,No check-in baggage included,2175
Jet Airways,6/05/2019,Mumbai,Hyderabad,BOM → HYD,07:05,08:30,1h 25m,non-stop,In-flight meal not included,4995
Multiple carriers,9/03/2019,Delhi,Cochin,DEL → BOM → COK,08:40,21:00,12h 20m,1 stop,No info,18228
Jet Airways,9/05/2019,Delhi,Cochin,DEL → JAI → BOM → COK,05:30,19:00,13h 30m,2 stops,In-flight meal not included,13029
Jet Airways,3/06/2019,Delhi,Cochin,DEL → BOM → COK,19:15,19:00 04 Jun,23h 45m,1 stop,In-flight meal not included,10262
Air India,1/05/2019,Kolkata,Banglore,CCU → BOM → HBX → BLR,09:25,18:20,8h 55m,2 stops,No info,8366
Jet Airways,21/05/2019,Delhi,Cochin,DEL → BOM → COK,11:30,19:00,7h 30m,1 stop,No info,16079
SpiceJet,24/03/2019,Banglore,New Delhi,BLR → DEL,09:35,12:30,2h 55m,non-stop,No check-in baggage included,4273
Jet Airways,9/03/2019,Delhi,Cochin,DEL → BOM → COK,02:15,04:25 10 Mar,26h 10m,1 stop,No info,15029
IndiGo,24/03/2019,Banglore,New Delhi,BLR → DEL,10:10,13:00,2h 50m,non-stop,No info,10067
Jet Airways,12/06/2019,Delhi,Cochin,DEL → BOM → COK,21:50,04:25 13 Jun,6h 35m,1 stop,In-flight meal not included,10262
Multiple carriers,1/06/2019,Delhi,Cochin,DEL → BOM → COK,12:50,19:15,6h 25m,1 stop,No info,9526
Air India,12/06/2019,Kolkata,Banglore,CCU → GAU → DEL → BLR,09:50,08:55 13 Jun,23h 5m,2 stops,No info,14960
Jet Airways,3/03/2019,Delhi,Cochin,DEL → IDR → BOM → COK,05:25,04:25 05 Mar,47h,2 stops,No info,20064
IndiGo,1/06/2019,Delhi,Cochin,DEL → BOM → COK,20:25,01:30 02 Jun,5h 5m,1 stop,No info,6593
Jet Airways,21/03/2019,Banglore,New Delhi,BLR → BOM → DEL,11:40,23:00,11h 20m,1 stop,In-flight meal not included,6992
Multiple carriers,12/06/2019,Delhi,Cochin,DEL → BOM → COK,09:00,19:00,10h,1 stop,No info,12192
Jet Airways,6/06/2019,Delhi,Cochin,DEL → BOM → COK,07:05,12:35,5h 30m,1 stop,In-flight meal not included,10262
Air India,12/05/2019,Kolkata,Banglore,CCU → BBI → BLR,12:00,13:15 13 May,25h 15m,1 stop,No info,6612
Jet Airways,1/04/2019,Kolkata,Banglore,CCU → BOM → BLR,06:30,08:15 02 Apr,25h 45m,1 stop,In-flight meal not included,7064
Jet Airways,01/03/2019,Banglore,New Delhi,BLR → BOM → DEL,14:05,08:15 02 Mar,18h 10m,1 stop,No info,22270
IndiGo,18/05/2019,Delhi,Cochin,DEL → COK,14:25,17:40,3h 15m,non-stop,No info,6015
IndiGo,12/05/2019,Kolkata,Banglore,CCU → MAA → BLR,17:35,22:15,4h 40m,1 stop,No info,6669
Jet Airways,09/03/2019,Banglore,New Delhi,BLR → BOM → DEL,05:45,08:15 13 Mar,26h 30m,1 stop,In-flight meal not included,9134
Jet Airways,18/06/2019,Banglore,Delhi,BLR → DEL,06:00,08:45,2h 45m,non-stop,No info,8016
Jet Airways,6/05/2019,Kolkata,Banglore,CCU → BOM → BLR,16:30,04:40 07 May,12h 10m,1 stop,In-flight meal not included,8586
IndiGo,27/06/2019,Delhi,Cochin,DEL → BOM → COK,18:35,01:30 28 Jun,6h 55m,1 stop,No info,5883
Jet Airways,3/04/2019,Delhi,Cochin,DEL → BOM → COK,14:00,19:00,5h,1 stop,In-flight meal not included,5177
Air India,12/03/2019,Banglore,New Delhi,BLR → BOM → DEL,06:45,23:15,16h 30m,1 stop,No info,11602
Air India,24/06/2019,Delhi,Cochin,DEL → BLR → COK,17:40,23:00,5h 20m,1 stop,No info,7174
Jet Airways,1/05/2019,Kolkata,Banglore,CCU → BOM → BLR,14:05,22:35,8h 30m,1 stop,No info,14781
Jet Airways,12/03/2019,Banglore,New Delhi,BLR → BOM → DEL,21:25,11:25 13 Mar,14h,1 stop,No info,13817
Jet Airways,1/06/2019,Delhi,Cochin,DEL → BOM → COK,19:15,19:00 02 Jun,23h 45m,1 stop,In-flight meal not included,10262
Jet Airways,24/05/2019,Kolkata,Banglore,CCU → BOM → BLR,06:30,09:20 25 May,26h 50m,1 stop,No info,14178
Jet Airways,01/03/2019,Banglore,New Delhi,BLR → BOM → DEL,14:05,09:30 02 Mar,19h 25m,1 stop,No info,25735
Vistara,6/05/2019,Banglore,Delhi,BLR → DEL,17:00,19:35,2h 35m,non-stop,No info,4878
Jet Airways,12/06/2019,Kolkata,Banglore,CCU → DEL → BLR,09:35,23:35,14h,1 stop,No info,12692
Jet Airways,12/06/2019,Kolkata,Banglore,CCU → DEL → BLR,09:35,21:05,11h 30m,1 stop,No info,12692
Jet Airways,18/05/2019,Kolkata,Banglore,CCU → BOM → BLR,21:10,10:05 19 May,12h 55m,1 stop,No info,13941
Jet Airways,12/04/2019,Banglore,Delhi,BLR → DEL,11:10,14:05,2h 55m,non-stop,No info,7229
IndiGo,21/06/2019,Banglore,Delhi,BLR → DEL,22:10,01:00 22 Jun,2h 50m,non-stop,No info,3943
Multiple carriers,18/05/2019,Delhi,Cochin,DEL → BOM → COK,06:00,19:00,13h,1 stop,No info,9794
Vistara,27/05/2019,Banglore,Delhi,BLR → DEL,07:00,09:40,2h 40m,non-stop,No info,4668
Multiple carriers,27/05/2019,Delhi,Cochin,DEL → BOM → COK,08:45,19:15,10h 30m,1 stop,No info,10051
SpiceJet,6/05/2019,Chennai,Kolkata,MAA → CCU,09:45,12:00,2h 15m,non-stop,No check-in baggage included,3543
Jet Airways,1/04/2019,Kolkata,Banglore,CCU → DEL → BLR,09:35,19:10,9h 35m,1 stop,No info,11467
Jet Airways,12/06/2019,Delhi,Cochin,DEL → BOM → COK,15:00,12:35 13 Jun,21h 35m,1 stop,In-flight meal not included,10262
Jet Airways,12/05/2019,Kolkata,Banglore,CCU → BOM → BLR,06:30,04:40 13 May,22h 10m,1 stop,No info,13941
Air Asia,21/04/2019,Delhi,Cochin,DEL → BLR → COK,07:55,13:25,5h 30m,1 stop,No info,7452
Jet Airways,12/05/2019,Mumbai,Hyderabad,BOM → HYD,02:55,04:20,1h 25m,non-stop,In-flight meal not included,4050
IndiGo,6/03/2019,Kolkata,Banglore,CCU → BLR,05:30,08:20,2h 50m,non-stop,No info,4778
Jet Airways,15/06/2019,Delhi,Cochin,DEL → BOM → COK,02:15,04:25 16 Jun,26h 10m,1 stop,In-flight meal not included,10262
Jet Airways,6/03/2019,Mumbai,Hyderabad,BOM → DEL → HYD,20:45,16:50 07 Mar,20h 5m,1 stop,No info,19595
IndiGo,21/03/2019,Mumbai,Hyderabad,BOM → HYD,19:05,20:30,1h 25m,non-stop,No info,2754
IndiGo,18/04/2019,Delhi,Cochin,DEL → COK,05:35,08:50,3h 15m,non-stop,No info,6015
Multiple carriers,9/06/2019,Delhi,Cochin,DEL → BOM → COK,18:15,01:30 10 Jun,7h 15m,1 stop,No info,13587
IndiGo,15/06/2019,Delhi,Cochin,DEL → BLR → COK,17:05,22:25,5h 20m,1 stop,No info,6147
GoAir,3/06/2019,Banglore,Delhi,BLR → DEL,20:55,23:40,2h 45m,non-stop,No info,3419
Vistara,18/06/2019,Banglore,Delhi,BLR → DEL,09:45,12:35,2h 50m,non-stop,No info,4668
Jet Airways,1/04/2019,Banglore,Delhi,BLR → DEL,15:15,18:10,2h 55m,non-stop,No info,7229
Multiple carriers,1/06/2019,Delhi,Cochin,DEL → HYD → COK,07:05,22:30,15h 25m,1 stop,No info,9646
Jet Airways,21/05/2019,Kolkata,Banglore,CCU → BOM → BLR,21:10,12:00 22 May,14h 50m,1 stop,In-flight meal not included,10844
Multiple carriers,3/06/2019,Delhi,Cochin,DEL → BOM → COK,03:50,19:00,15h 10m,1 stop,No info,12192
Jet Airways,3/06/2019,Delhi,Cochin,DEL → BOM → COK,02:15,19:00,16h 45m,1 stop,No info,14714
Multiple carriers,3/03/2019,Delhi,Cochin,DEL → BOM → COK,06:40,18:50,12h 10m,1 stop,No info,15135
Vistara,1/04/2019,Kolkata,Banglore,CCU → DEL → BLR,17:00,18:50 02 Apr,25h 50m,1 stop,No info,8610
SpiceJet,3/05/2019,Chennai,Kolkata,MAA → CCU,17:45,20:05,2h 20m,non-stop,No info,3597
Vistara,1/06/2019,Banglore,Delhi,BLR → DEL,21:00,23:50,2h 50m,non-stop,No info,4668
Jet Airways,9/06/2019,Kolkata,Banglore,CCU → BOM → BLR,08:25,18:15,9h 50m,1 stop,No info,14571
IndiGo,27/05/2019,Delhi,Cochin,DEL → LKO → COK,21:50,03:35 28 May,5h 45m,1 stop,No info,6769
IndiGo,01/03/2019,Banglore,New Delhi,BLR → HYD → DEL,05:15,10:00,4h 45m,1 stop,No Info,8064
Jet Airways,3/05/2019,Banglore,Delhi,BLR → DEL,07:10,10:10,3h,non-stop,No info,7229
Air India,1/04/2019,Kolkata,Banglore,CCU → DEL → BLR,20:30,23:15 02 Apr,26h 45m,1 stop,No info,7211
Jet Airways,24/05/2019,Kolkata,Banglore,CCU → BOM → BLR,18:55,20:45 25 May,25h 50m,1 stop,In-flight meal not included,10844
Air India,1/05/2019,Kolkata,Banglore,CCU → GAU → DEL → BLR,09:50,23:15,13h 25m,2 stops,No info,13227
IndiGo,27/06/2019,Kolkata,Banglore,CCU → BLR,11:30,14:05,2h 35m,non-stop,No info,4804
Multiple carriers,18/05/2019,Delhi,Cochin,DEL → BOM → COK,09:00,19:00,10h,1 stop,No info,10197
Air India,3/03/2019,Delhi,Cochin,DEL → AMD → BOM → COK,16:40,19:15 04 Mar,26h 35m,2 stops,No info,14011
Jet Airways,1/05/2019,Kolkata,Banglore,CCU → BOM → BLR,16:30,22:35,6h 5m,1 stop,In-flight meal not included,10844
Jet Airways,06/03/2019,Banglore,New Delhi,BLR → BOM → DEL,14:05,09:00 07 Mar,18h 55m,1 stop,No info,17261
IndiGo,9/05/2019,Chennai,Kolkata,MAA → CCU,13:15,15:35,2h 20m,non-stop,No info,3597
SpiceJet,15/04/2019,Kolkata,Banglore,CCU → BLR,06:55,09:30,2h 35m,non-stop,No check-in baggage included,3841
Jet Airways,1/04/2019,Mumbai,Hyderabad,BOM → HYD,10:20,11:50,1h 30m,non-stop,In-flight meal not included,3205
Air India,27/05/2019,Kolkata,Banglore,CCU → BLR,14:15,16:45,2h 30m,non-stop,No info,5510
Multiple carriers,6/05/2019,Delhi,Cochin,DEL → BOM → COK,19:00,01:30 07 May,6h 30m,1 stop,No info,8073
Jet Airways,9/06/2019,Delhi,Cochin,DEL → JAI → BOM → COK,09:40,04:25 10 Jun,18h 45m,2 stops,In-flight meal not included,10368
Jet Airways,01/03/2019,Banglore,New Delhi,BLR → BOM → DEL,08:00,08:15 02 Mar,24h 15m,1 stop,No info,22270
Jet Airways,3/03/2019,Mumbai,Hyderabad,BOM → HYD,07:10,08:35,1h 25m,non-stop,No info,5678
Jet Airways,1/06/2019,Delhi,Cochin,DEL → BOM → COK,08:00,04:25 02 Jun,20h 25m,1 stop,In-flight meal not included,10262
Jet Airways,21/05/2019,Kolkata,Banglore,CCU → BOM → BLR,08:25,20:45,12h 20m,1 stop,In-flight meal not included,10844
IndiGo,3/03/2019,Chennai,Kolkata,MAA → CCU,05:15,07:35,2h 20m,non-stop,No info,6482
Jet Airways,03/03/2019,Banglore,New Delhi,BLR → BOM → DEL,05:45,05:05 07 Mar,23h 20m,1 stop,In-flight meal not included,11087
IndiGo,18/06/2019,Chennai,Kolkata,MAA → CCU,11:35,14:00,2h 25m,non-stop,No info,3858
Air India,12/05/2019,Kolkata,Banglore,CCU → DEL → COK → BLR,07:00,01:20 13 May,18h 20m,2 stops,No info,12140
Jet Airways,24/05/2019,Kolkata,Banglore,CCU → BOM → BLR,16:30,12:00 25 May,19h 30m,1 stop,In-flight meal not included,10844
Air Asia,27/04/2019,Delhi,Cochin,DEL → BLR → COK,20:45,07:10 28 Apr,10h 25m,1 stop,No info,6451
Jet Airways,24/05/2019,Kolkata,Banglore,CCU → BOM → BLR,16:30,04:40 25 May,12h 10m,1 stop,In-flight meal not included,10844
Jet Airways,24/04/2019,Banglore,Delhi,BLR → DEL,07:10,10:10,3h,non-stop,No info,7229
IndiGo,3/06/2019,Delhi,Cochin,DEL → BOM → COK,06:40,21:00,14h 20m,1 stop,No info,6093
Jet Airways Business,01/03/2019,Banglore,New Delhi,BLR → MAA → DEL,09:45,14:25,4h 40m,1 stop,Business class,57209
Multiple carriers,15/05/2019,Delhi,Cochin,DEL → BOM → COK,08:00,19:15,11h 15m,1 stop,No info,14533
Jet Airways,21/06/2019,Mumbai,Hyderabad,BOM → HYD,07:05,08:30,1h 25m,non-stop,No info,8040
Vistara,6/03/2019,Mumbai,Hyderabad,BOM → DEL → HYD,21:55,09:25 07 Mar,11h 30m,1 stop,No info,12395
IndiGo,9/05/2019,Delhi,Cochin,DEL → MAA → COK,02:00,07:25,5h 25m,1 stop,No info,6582
SpiceJet,24/06/2019,Mumbai,Hyderabad,BOM → HYD,13:15,14:45,1h 30m,non-stop,No info,2017
Air Asia,24/04/2019,Banglore,Delhi,BLR → DEL,04:55,07:45,2h 50m,non-stop,No info,3383
IndiGo,3/06/2019,Kolkata,Banglore,CCU → BLR,04:40,07:15,2h 35m,non-stop,No info,5224
SpiceJet,6/03/2019,Kolkata,Banglore,CCU → BLR,17:15,19:45,2h 30m,non-stop,No info,4622
IndiGo,6/06/2019,Kolkata,Banglore,CCU → MAA → BLR,08:10,13:00,4h 50m,1 stop,No info,5069
Vistara,27/05/2019,Banglore,Delhi,BLR → DEL,09:45,12:35,2h 50m,non-stop,No info,4668
Air India,3/06/2019,Delhi,Cochin,DEL → LKO → BOM → COK,18:30,19:15 04 Jun,24h 45m,2 stops,No info,12488
Vistara,9/06/2019,Kolkata,Banglore,CCU → DEL → BLR,17:00,18:50 10 Jun,25h 50m,1 stop,No info,9135
IndiGo,18/03/2019,Kolkata,Banglore,CCU → BLR,05:30,08:20,2h 50m,non-stop,No info,4462
Multiple carriers,15/06/2019,Delhi,Cochin,DEL → BOM → COK,10:35,19:15,8h 40m,1 stop,No info,8614
Jet Airways,3/04/2019,Banglore,Delhi,BLR → DEL,11:10,14:05,2h 55m,non-stop,No info,7229
IndiGo,6/04/2019,Kolkata,Banglore,CCU → HYD → BLR,15:15,20:30,5h 15m,1 stop,No info,4268
Air Asia,1/05/2019,Banglore,Delhi,BLR → DEL,04:55,07:45,2h 50m,non-stop,No info,4282
Air India,6/06/2019,Kolkata,Banglore,CCU → DEL → BLR,07:00,20:25,13h 25m,1 stop,No info,10203
Multiple carriers,6/06/2019,Delhi,Cochin,DEL → BOM → COK,08:00,21:00,13h,1 stop,No info,13587
IndiGo,1/06/2019,Banglore,Delhi,BLR → DEL,01:30,04:15,2h 45m,non-stop,No info,4077
Jet Airways,6/05/2019,Kolkata,Banglore,CCU → BOM → BLR,06:30,10:05 07 May,27h 35m,1 stop,In-flight meal not included,8586
SpiceJet,15/06/2019,Mumbai,Hyderabad,BOM → HYD,05:45,07:15,1h 30m,non-stop,No check-in baggage included,2647
Vistara,24/05/2019,Kolkata,Banglore,CCU → DEL → BLR,17:00,09:05 25 May,16h 5m,1 stop,No info,10027
IndiGo,27/04/2019,Delhi,Cochin,DEL → LKO → COK,21:50,03:35 28 Apr,5h 45m,1 stop,No info,6307
IndiGo,9/03/2019,Chennai,Kolkata,MAA → CCU,11:35,14:00,2h 25m,non-stop,No info,6297
Vistara,27/04/2019,Banglore,Delhi,BLR → DEL,19:30,22:15,2h 45m,non-stop,No info,5613
IndiGo,27/05/2019,Banglore,Delhi,BLR → DEL,07:10,10:05,2h 55m,non-stop,No info,4823
Jet Airways,27/06/2019,Delhi,Cochin,DEL → BOM → COK,22:50,04:25 28 Jun,5h 35m,1 stop,In-flight meal not included,12898
Multiple carriers,3/06/2019,Delhi,Cochin,DEL → BOM → COK,11:40,01:30 04 Jun,13h 50m,1 stop,No info,7530
Jet Airways,1/05/2019,Kolkata,Banglore,CCU → BOM → BLR,14:05,08:15 02 May,18h 10m,1 stop,No info,13941
Multiple carriers,15/05/2019,Delhi,Cochin,DEL → BOM → COK,08:00,21:00,13h,1 stop,No info,13937
Jet Airways,6/06/2019,Kolkata,Banglore,CCU → BOM → BLR,18:55,20:45 07 Jun,25h 50m,1 stop,In-flight meal not included,10844
SpiceJet,24/03/2019,Chennai,Kolkata,MAA → CCU,09:30,12:05,2h 35m,non-stop,No check-in baggage included,3807
IndiGo,1/04/2019,Kolkata,Banglore,CCU → BBI → BLR,19:35,23:15,3h 40m,1 stop,No info,4226
IndiGo,15/05/2019,Delhi,Cochin,DEL → HYD → COK,07:35,22:30,14h 55m,1 stop,No info,6442
IndiGo,12/03/2019,Kolkata,Banglore,CCU → BLR,05:30,08:20,2h 50m,non-stop,No info,4148
Jet Airways,6/05/2019,Kolkata,Banglore,CCU → BOM → BLR,14:05,04:40 07 May,14h 35m,1 stop,In-flight meal not included,9663
IndiGo,12/05/2019,Kolkata,Banglore,CCU → BLR,17:15,19:50,2h 35m,non-stop,No info,4804
SpiceJet,27/05/2019,Chennai,Kolkata,MAA → CCU,08:20,10:35,2h 15m,non-stop,No check-in baggage included,3543
Air India,27/05/2019,Banglore,Delhi,BLR → DEL,17:00,19:45,2h 45m,non-stop,No info,6961
Jet Airways,1/06/2019,Delhi,Cochin,DEL → JAI → BOM → COK,09:40,04:25 02 Jun,18h 45m,2 stops,In-flight meal not included,10368
Vistara,01/03/2019,Banglore,New Delhi,BLR → DEL,19:40,22:20,2h 40m,non-stop,No info,21730
Jet Airways,9/04/2019,Banglore,Delhi,BLR → DEL,15:50,18:45,2h 55m,non-stop,No info,7229
Air India,21/05/2019,Delhi,Cochin,DEL → TRV → COK,05:15,06:50 22 May,25h 35m,1 stop,No info,7480
Jet Airways,9/03/2019,Delhi,Cochin,DEL → BOM → COK,19:15,04:25 10 Mar,9h 10m,1 stop,No info,16289
Jet Airways,6/05/2019,Banglore,Delhi,BLR → DEL,15:15,18:10,2h 55m,non-stop,No info,7229
IndiGo,18/05/2019,Delhi,Cochin,DEL → BOM → COK,17:10,01:30 19 May,8h 20m,1 stop,No info,7081
Jet Airways,15/06/2019,Delhi,Cochin,DEL → JAI → BOM → COK,09:40,12:35 16 Jun,26h 55m,2 stops,In-flight meal not included,10368
Jet Airways,27/06/2019,Delhi,Cochin,DEL → BOM → COK,09:00,19:00,10h,1 stop,No info,14714
Jet Airways,27/03/2019,Delhi,Cochin,DEL → IXC → BOM → COK,06:20,18:50,12h 30m,2 stops,No info,11538
Multiple carriers,15/05/2019,Delhi,Cochin,DEL → GWL → IDR → BOM → COK,11:35,21:00,9h 25m,3 stops,No info,16294
Jet Airways,18/05/2019,Kolkata,Banglore,CCU → BOM → BLR,20:00,09:20 19 May,13h 20m,1 stop,No info,14781
IndiGo,21/04/2019,Kolkata,Banglore,CCU → BLR,15:15,17:45,2h 30m,non-stop,No info,5224
Jet Airways,15/05/2019,Kolkata,Banglore,CCU → BOM → BLR,16:30,22:35,6h 5m,1 stop,In-flight meal not included,10844
Jet Airways,6/06/2019,Delhi,Cochin,DEL → BOM → COK,08:00,19:00,11h,1 stop,No info,14714
IndiGo,27/05/2019,Mumbai,Hyderabad,BOM → HYD,21:20,22:50,1h 30m,non-stop,No info,2227
Air India,1/06/2019,Delhi,Cochin,DEL → BLR → COK,13:30,23:00,9h 30m,1 stop,No info,8907
Air India,12/03/2019,Mumbai,Hyderabad,BOM → BHO → DEL → HYD,06:00,19:25 13 Mar,37h 25m,2 stops,No info,12119
Air Asia,3/04/2019,Kolkata,Banglore,CCU → BLR,10:20,12:55,2h 35m,non-stop,No info,4107
IndiGo,1/06/2019,Delhi,Cochin,DEL → MAA → COK,02:00,07:25,5h 25m,1 stop,No info,5636
SpiceJet,12/04/2019,Kolkata,Banglore,CCU → BLR,17:10,19:40,2h 30m,non-stop,No check-in baggage included,3841
SpiceJet,12/05/2019,Chennai,Kolkata,MAA → CCU,09:45,12:00,2h 15m,non-stop,No check-in baggage included,3543
Jet Airways,27/06/2019,Delhi,Cochin,DEL → BOM → COK,11:30,19:00,7h 30m,1 stop,No info,14714
Air India,1/04/2019,Kolkata,Banglore,CCU → DEL → AMD → BLR,07:00,05:25 02 Apr,22h 25m,2 stops,No info,12849
Air India,24/06/2019,Delhi,Cochin,DEL → AMD → BOM → COK,16:40,19:15 25 Jun,26h 35m,2 stops,No info,9443
Jet Airways,18/05/2019,Kolkata,Banglore,CCU → DEL → BLR,09:35,18:00,8h 25m,1 stop,No info,14151
Air Asia,12/06/2019,Kolkata,Banglore,CCU → BLR,10:20,12:55,2h 35m,non-stop,No info,3807
Vistara,6/05/2019,Chennai,Kolkata,MAA → CCU,07:05,09:20,2h 15m,non-stop,No info,3687
Jet Airways,6/04/2019,Delhi,Cochin,DEL → BOM → COK,14:00,19:00,5h,1 stop,In-flight meal not included,5177
Air India,21/05/2019,Kolkata,Banglore,CCU → BOM → GOI → BLR,09:25,05:35 22 May,20h 10m,2 stops,No info,11432
Jet Airways,24/06/2019,Delhi,Cochin,DEL → JDH → BOM → COK,11:40,19:00,7h 20m,2 stops,No info,18804
Vistara,1/04/2019,Banglore,Delhi,BLR → DEL,19:30,22:15,2h 45m,non-stop,No info,5613
Jet Airways,21/05/2019,Banglore,Delhi,BLR → DEL,18:55,22:00,3h 5m,non-stop,In-flight meal not included,4030
IndiGo,27/06/2019,Kolkata,Banglore,CCU → BLR,21:25,00:05 28 Jun,2h 40m,non-stop,No info,4804
Jet Airways,9/06/2019,Delhi,Cochin,DEL → BOM → COK,18:15,19:00 10 Jun,24h 45m,1 stop,In-flight meal not included,10577
Jet Airways,9/06/2019,Delhi,Cochin,DEL → JAI → BOM → COK,19:30,12:35 10 Jun,17h 5m,2 stops,In-flight meal not included,10368
Air Asia,18/04/2019,Banglore,Delhi,BLR → DEL,11:10,13:55,2h 45m,non-stop,No info,4483
Air India,6/05/2019,Kolkata,Banglore,CCU → BLR,20:45,23:20,2h 35m,non-stop,No info,4145
IndiGo,27/03/2019,Delhi,Cochin,DEL → BOM → COK,04:45,21:00,16h 15m,1 stop,No info,7258
Air India,21/05/2019,Kolkata,Banglore,CCU → BOM → GOI → BLR,16:50,05:35 22 May,12h 45m,2 stops,No info,12324
Jet Airways,1/06/2019,Delhi,Cochin,DEL → BOM → COK,14:00,04:25 02 Jun,14h 25m,1 stop,No info,14714
IndiGo,12/06/2019,Banglore,Delhi,BLR → DEL,07:10,10:05,2h 55m,non-stop,No info,4823
Jet Airways,9/06/2019,Delhi,Cochin,DEL → JAI → BOM → COK,19:30,04:25 10 Jun,8h 55m,2 stops,In-flight meal not included,10368
SpiceJet,03/03/2019,Banglore,New Delhi,BLR → PNQ → DEL,10:20,18:15,7h 55m,1 stop,No info,11401
SpiceJet,24/06/2019,Delhi,Cochin,DEL → MAA → COK,15:45,22:05,6h 20m,1 stop,No info,5583
IndiGo,01/03/2019,Banglore,New Delhi,BLR → HYD → DEL,16:55,21:50,4h 55m,1 stop,No Info,8153
IndiGo,24/03/2019,Banglore,New Delhi,BLR → DEL,08:30,11:30,3h,non-stop,No info,6144
Air India,9/05/2019,Kolkata,Banglore,CCU → JAI → BOM → BLR,08:20,07:55 10 May,23h 35m,2 stops,No info,10697
Jet Airways,24/03/2019,Banglore,New Delhi,BLR → DEL,18:55,21:55,3h,non-stop,No info,7229
IndiGo,12/05/2019,Mumbai,Hyderabad,BOM → HYD,19:05,20:35,1h 30m,non-stop,No info,2754
Multiple carriers Premium economy,21/03/2019,Delhi,Cochin,DEL → BOM → COK,06:00,21:00,15h,1 stop,No info,9845
Jet Airways,6/03/2019,Delhi,Cochin,DEL → BOM → COK,16:00,04:25 07 Mar,12h 25m,1 stop,No info,15764
Jet Airways,12/06/2019,Delhi,Cochin,DEL → COK,11:00,14:15,3h 15m,non-stop,In-flight meal not included,7202
Air India,21/05/2019,Delhi,Cochin,DEL → HYD → BOM → COK,17:15,19:15 22 May,26h,2 stops,No info,11989
Multiple carriers,21/05/2019,Delhi,Cochin,DEL → BOM → COK,09:00,19:15,10h 15m,1 stop,No info,14848
Jet Airways,12/06/2019,Delhi,Cochin,DEL → BHO → BOM → COK,05:30,12:35,7h 5m,2 stops,In-flight meal not included,13344
Jet Airways,06/03/2019,Banglore,New Delhi,BLR → BOM → DEL,08:55,15:15,6h 20m,1 stop,No info,19225
Air India,9/05/2019,Delhi,Cochin,DEL → GOI → BOM → COK,10:55,19:15,8h 20m,2 stops,No info,11753
Air India,27/05/2019,Delhi,Cochin,DEL → CCU → BOM → COK,14:25,19:15 28 May,28h 50m,2 stops,No info,13381
IndiGo,6/06/2019,Delhi,Cochin,DEL → BOM → COK,11:25,21:00,9h 35m,1 stop,No info,6093
Jet Airways,6/06/2019,Delhi,Cochin,DEL → BOM → COK,11:30,19:00,7h 30m,1 stop,No info,14714
Jet Airways,06/03/2019,Banglore,New Delhi,BLR → BOM → DEL,08:00,08:15 07 Mar,24h 15m,1 stop,No info,17996
Multiple carriers,27/03/2019,Delhi,Cochin,DEL → BOM → COK,09:55,21:00,11h 5m,1 stop,No info,12537
Air India,1/04/2019,Kolkata,Banglore,CCU → DEL → BLR,17:30,12:00 02 Apr,18h 30m,1 stop,No info,7893
Air India,9/05/2019,Kolkata,Banglore,CCU → GAU → BLR,16:45,21:05 10 May,28h 20m,1 stop,No info,7662
Multiple carriers,15/05/2019,Delhi,Cochin,DEL → BOM → COK,08:30,19:15,10h 45m,1 stop,No info,8099
IndiGo,1/05/2019,Banglore,Delhi,BLR → DEL,23:30,02:20 02 May,2h 50m,non-stop,No info,4591
Jet Airways,12/06/2019,Delhi,Cochin,DEL → LKO → BOM → COK,11:45,12:35 13 Jun,24h 50m,2 stops,No info,13882
Jet Airways,12/05/2019,Banglore,Delhi,BLR → DEL,08:20,11:20,3h,non-stop,No info,7229
IndiGo,27/06/2019,Delhi,Cochin,DEL → BOM → COK,17:30,01:30 28 Jun,8h,1 stop,No info,5684
Air India,9/06/2019,Delhi,Cochin,DEL → HYD → MAA → COK,09:45,09:25 10 Jun,23h 40m,2 stops,No info,11185
IndiGo,6/06/2019,Delhi,Cochin,DEL → BOM → COK,08:30,21:00,12h 30m,1 stop,No info,6416
Jet Airways,21/05/2019,Delhi,Cochin,DEL → BHO → BOM → COK,05:30,12:35,7h 5m,2 stops,No info,16274
Air India,24/03/2019,Banglore,New Delhi,BLR → DEL,17:00,19:45,2h 45m,non-stop,No info,5176
Jet Airways,12/06/2019,Delhi,Cochin,DEL → ATQ → BOM → COK,12:15,04:25 13 Jun,16h 10m,2 stops,No info,14300
Multiple carriers,15/05/2019,Delhi,Cochin,DEL → BOM → COK,12:50,01:30 16 May,12h 40m,1 stop,No info,7670
IndiGo,03/03/2019,Banglore,New Delhi,BLR → HYD → DEL,12:10,17:05,4h 55m,1 stop,No info,8738
Air India,18/05/2019,Delhi,Cochin,DEL → AMD → BOM → COK,19:45,19:15 19 May,23h 30m,2 stops,No info,10651
SpiceJet,6/05/2019,Chennai,Kolkata,MAA → CCU,17:45,20:05,2h 20m,non-stop,No info,3597
Jet Airways,27/05/2019,Delhi,Cochin,DEL → BOM → COK,11:30,04:25 28 May,16h 55m,1 stop,In-flight meal not included,12898
Jet Airways,21/05/2019,Delhi,Cochin,DEL → JAI → BOM → COK,05:30,19:00,13h 30m,2 stops,In-flight meal not included,13029
GoAir,18/04/2019,Banglore,Delhi,BLR → DEL,20:55,23:40,2h 45m,non-stop,No info,5048
Air India,21/03/2019,Banglore,New Delhi,BLR → VGA → DEL,10:30,22:55,12h 25m,1 stop,No info,6383
Multiple carriers,1/06/2019,Delhi,Cochin,DEL → BOM → COK,10:20,19:15,8h 55m,1 stop,No info,9526
Jet Airways,27/06/2019,Delhi,Cochin,DEL → AMD → BOM → COK,23:05,12:35 28 Jun,13h 30m,2 stops,No info,12819
IndiGo,12/06/2019,Mumbai,Hyderabad,BOM → HYD,19:05,20:35,1h 30m,non-stop,No info,2754
IndiGo,9/06/2019,Delhi,Cochin,DEL → BOM → COK,11:25,21:00,9h 35m,1 stop,No info,6416
Jet Airways,15/05/2019,Kolkata,Banglore,CCU → DEL → BLR,09:35,14:25 16 May,28h 50m,1 stop,In-flight meal not included,9314
SpiceJet,6/04/2019,Kolkata,Banglore,CCU → BLR,06:55,09:30,2h 35m,non-stop,No check-in baggage included,3841
Air India,27/03/2019,Delhi,Cochin,DEL → HYD → BOM → COK,17:15,07:40 28 Mar,14h 25m,2 stops,No info,8367
Air India,3/06/2019,Delhi,Cochin,DEL → JDH → BOM → COK,12:55,19:15 04 Jun,30h 20m,2 stops,No info,12436
Air Asia,6/03/2019,Kolkata,Banglore,CCU → BLR,10:20,12:55,2h 35m,non-stop,No info,4384
Jet Airways,15/05/2019,Kolkata,Banglore,CCU → BOM → BLR,18:55,09:20 16 May,14h 25m,1 stop,In-flight meal not included,9663
SpiceJet,3/03/2019,Delhi,Cochin,DEL → MAA → COK,06:10,11:20,5h 10m,1 stop,No info,9748
Jet Airways,24/06/2019,Delhi,Cochin,DEL → JAI → BOM → COK,05:30,19:00,13h 30m,2 stops,No info,13014
Jet Airways,15/06/2019,Delhi,Cochin,DEL → BOM → COK,17:30,04:25 16 Jun,10h 55m,1 stop,In-flight meal not included,10262
IndiGo,9/03/2019,Kolkata,Banglore,CCU → BLR,20:25,23:05,2h 40m,non-stop,No info,4148
IndiGo,6/03/2019,Delhi,Cochin,DEL → BOM → COK,04:45,21:00,16h 15m,1 stop,No info,13611
Jet Airways,15/05/2019,Kolkata,Banglore,CCU → DEL → BLR,09:35,23:35,14h,1 stop,No info,14151
Air India,1/06/2019,Delhi,Cochin,DEL → COK,14:10,17:10,3h,non-stop,No info,6934
Jet Airways,9/03/2019,Delhi,Cochin,DEL → BOM → COK,18:15,18:50 10 Mar,24h 35m,1 stop,In-flight meal not included,14053
Jet Airways,12/06/2019,Kolkata,Banglore,CCU → BOM → BLR,18:55,23:35 13 Jun,28h 40m,1 stop,In-flight meal not included,8529
Jet Airways,3/06/2019,Delhi,Cochin,DEL → NAG → BOM → COK,14:35,12:35 04 Jun,22h,2 stops,No info,13376
Air India,15/05/2019,Delhi,Cochin,DEL → UDR → BOM → COK,13:20,07:40 16 May,18h 20m,2 stops,No info,13538
Air India,6/03/2019,Mumbai,Hyderabad,BOM → JDH → DEL → HYD,09:40,15:15 07 Mar,29h 35m,2 stops,No info,25139
SpiceJet,27/03/2019,Mumbai,Hyderabad,BOM → HYD,05:45,07:05,1h 20m,non-stop,No info,1759
SpiceJet,12/05/2019,Kolkata,Banglore,CCU → IXB → BLR,11:15,18:30,7h 15m,1 stop,No info,11468
Jet Airways,3/06/2019,Delhi,Cochin,DEL → BOM → COK,13:00,12:35 04 Jun,23h 35m,1 stop,In-flight meal not included,10262
SpiceJet,15/03/2019,Banglore,New Delhi,BLR → DEL,05:45,08:35,2h 50m,non-stop,No info,5575
Air India,15/05/2019,Delhi,Cochin,DEL → CCU → BOM → COK,06:50,07:40 16 May,24h 50m,2 stops,No info,14431
Air India,24/06/2019,Delhi,Cochin,DEL → BOM → COK,13:00,19:15,6h 15m,1 stop,No info,8372
Multiple carriers,9/04/2019,Delhi,Cochin,DEL → BOM → COK,17:45,01:30 10 Apr,7h 45m,1 stop,No info,8535
Air Asia,15/06/2019,Delhi,Cochin,DEL → BLR → COK,20:45,07:10 16 Jun,10h 25m,1 stop,No info,6253
Air India,15/06/2019,Delhi,Cochin,DEL → JDH → BOM → COK,12:55,19:15 16 Jun,30h 20m,2 stops,No info,12646
SpiceJet,9/06/2019,Banglore,Delhi,BLR → DEL,05:55,08:35,2h 40m,non-stop,No info,3625
IndiGo,6/05/2019,Kolkata,Banglore,CCU → BLR,15:30,18:05,2h 35m,non-stop,No info,4804
Jet Airways,21/05/2019,Kolkata,Banglore,CCU → BOM → BLR,14:05,04:40 22 May,14h 35m,1 stop,No info,14388
Air Asia,12/05/2019,Kolkata,Banglore,CCU → BLR,10:20,12:55,2h 35m,non-stop,No info,5216
Jet Airways,27/05/2019,Delhi,Cochin,DEL → AMD → BOM → COK,23:05,19:00 28 May,19h 55m,2 stops,No info,15129
Air India,01/03/2019,Banglore,New Delhi,BLR → CCU → DEL,05:50,22:45,16h 55m,1 stop,No info,14069
IndiGo,1/06/2019,Delhi,Cochin,DEL → HYD → COK,16:10,22:30,6h 20m,1 stop,No info,6938
Air India,15/05/2019,Banglore,Delhi,BLR → DEL,10:00,12:45,2h 45m,non-stop,No info,6961
Jet Airways,9/06/2019,Delhi,Cochin,DEL → JAI → BOM → COK,05:30,04:25 10 Jun,22h 55m,2 stops,No info,13014
Multiple carriers,21/05/2019,Delhi,Cochin,DEL → BOM → COK,10:20,19:15,8h 55m,1 stop,No info,8266
Air India,15/05/2019,Kolkata,Banglore,CCU → IXR → DEL → BLR,05:50,12:30 16 May,30h 40m,2 stops,No info,12723
Multiple carriers,15/05/2019,Delhi,Cochin,DEL → BOM → COK,07:00,21:00,14h,1 stop,No info,8073
Jet Airways,6/06/2019,Delhi,Cochin,DEL → IDR → BOM → COK,21:25,12:35 07 Jun,15h 10m,2 stops,In-flight meal not included,11270
Jet Airways,1/06/2019,Delhi,Cochin,DEL → BOM → COK,14:00,04:25 02 Jun,14h 25m,1 stop,In-flight meal not included,10262
Vistara,9/06/2019,Kolkata,Banglore,CCU → DEL → BLR,07:10,23:25,16h 15m,1 stop,No info,9345
Jet Airways,1/05/2019,Banglore,Delhi,BLR → DEL,19:50,22:50,3h,non-stop,No info,7229
Multiple carriers,21/03/2019,Delhi,Cochin,DEL → HYD → COK,07:10,22:20,15h 10m,1 stop,In-flight meal not included,5999
Jet Airways,9/06/2019,Delhi,Cochin,DEL → BOM → COK,13:00,19:00,6h,1 stop,No info,14714
Multiple carriers,1/06/2019,Delhi,Cochin,DEL → BOM → COK,08:30,19:15,10h 45m,1 stop,No info,8937
Jet Airways,27/06/2019,Delhi,Cochin,DEL → BOM → COK,18:15,12:35 28 Jun,18h 20m,1 stop,In-flight meal not included,10262
Multiple carriers,21/03/2019,Delhi,Cochin,DEL → BOM → COK,10:20,21:00,10h 40m,1 stop,No info,7215
IndiGo,15/05/2019,Delhi,Cochin,DEL → HYD → COK,07:35,16:10,8h 35m,1 stop,No info,6442
IndiGo,18/06/2019,Banglore,Delhi,BLR → DEL,00:25,03:15,2h 50m,non-stop,No info,3419
Jet Airways,27/06/2019,Banglore,Delhi,BLR → DEL,17:45,20:45,3h,non-stop,In-flight meal not included,7229
Jet Airways,9/06/2019,Delhi,Cochin,DEL → BOM → COK,21:50,19:00 10 Jun,21h 10m,1 stop,No info,14714
SpiceJet,21/06/2019,Kolkata,Banglore,CCU → BLR,17:10,19:40,2h 30m,non-stop,No check-in baggage included,3841
IndiGo,18/04/2019,Kolkata,Banglore,CCU → BLR,15:30,18:05,2h 35m,non-stop,No info,4174
Jet Airways,12/05/2019,Kolkata,Banglore,CCU → BOM → BLR,08:25,20:45,12h 20m,1 stop,No info,14781
Air India,15/04/2019,Banglore,Delhi,BLR → DEL,21:05,23:55,2h 50m,non-stop,No info,5228
Jet Airways,12/06/2019,Delhi,Cochin,DEL → BOM → COK,19:15,19:00 13 Jun,23h 45m,1 stop,In-flight meal not included,10262
Jet Airways,24/05/2019,Kolkata,Banglore,CCU → DEL → BLR,09:35,14:25 25 May,28h 50m,1 stop,In-flight meal not included,10703
Air India,27/03/2019,Mumbai,Hyderabad,BOM → HYD,13:55,15:25,1h 30m,non-stop,No info,2050
Jet Airways,12/05/2019,Kolkata,Banglore,CCU → BOM → BLR,16:30,22:35,6h 5m,1 stop,In-flight meal not included,10844
Air India,6/03/2019,Delhi,Cochin,DEL → BHO → BOM → COK,05:55,19:15,13h 20m,2 stops,No info,13748
Vistara,24/06/2019,Banglore,Delhi,BLR → DEL,07:00,09:40,2h 40m,non-stop,No info,4668
Air Asia,3/06/2019,Banglore,Delhi,BLR → DEL,23:55,02:45 04 Jun,2h 50m,non-stop,No info,7120
Multiple carriers,27/05/2019,Delhi,Cochin,DEL → BOM → COK,14:00,01:30 28 May,11h 30m,1 stop,In-flight meal not included,6943
Jet Airways,15/05/2019,Banglore,Delhi,BLR → DEL,11:10,14:05,2h 55m,non-stop,In-flight meal not included,4030
SpiceJet,1/03/2019,Kolkata,Banglore,CCU → BLR,06:55,09:35,2h 40m,non-stop,No info,4622
Multiple carriers,18/05/2019,Delhi,Cochin,DEL → BOM → COK,07:30,19:15,11h 45m,1 stop,No info,7564
IndiGo,21/05/2019,Banglore,Delhi,BLR → DEL,22:10,01:00 22 May,2h 50m,non-stop,No info,3625
IndiGo,1/05/2019,Banglore,Delhi,BLR → DEL,07:10,10:05,2h 55m,non-stop,No info,4823
Vistara,24/05/2019,Banglore,Delhi,BLR → DEL,19:30,22:15,2h 45m,non-stop,No info,5823
Jet Airways,18/05/2019,Delhi,Cochin,DEL → BOM → COK,19:15,19:00 19 May,23h 45m,1 stop,In-flight meal not included,12373
Jet Airways,3/06/2019,Delhi,Cochin,DEL → BOM → COK,22:50,19:00 04 Jun,20h 10m,1 stop,In-flight meal not included,10262
SpiceJet,18/05/2019,Kolkata,Banglore,CCU → MAA → BLR,15:05,20:20,5h 15m,1 stop,No info,4963
IndiGo,6/03/2019,Delhi,Cochin,DEL → BOM → COK,15:00,01:35 07 Mar,10h 35m,1 stop,No info,14871
Air Asia,24/03/2019,Kolkata,Banglore,CCU → BLR,19:35,22:05,2h 30m,non-stop,No info,5964
IndiGo,9/03/2019,Chennai,Kolkata,MAA → CCU,22:05,00:25 10 Mar,2h 20m,non-stop,No info,6297
IndiGo,27/05/2019,Banglore,Delhi,BLR → DEL,23:30,02:20 28 May,2h 50m,non-stop,No info,3943
Air India,03/03/2019,Banglore,New Delhi,BLR → BBI → DEL,09:30,16:20,6h 50m,1 stop,No info,11654
Air India,24/05/2019,Kolkata,Banglore,CCU → HYD → BLR,19:00,04:40 25 May,9h 40m,1 stop,No info,6327
IndiGo,24/03/2019,Banglore,New Delhi,BLR → DEL,21:20,00:15 28 Mar,2h 55m,non-stop,No info,5694
Air India,21/05/2019,Kolkata,Banglore,CCU → BOM → GOI → BLR,16:50,05:35 22 May,12h 45m,2 stops,No info,12324
Jet Airways,12/05/2019,Kolkata,Banglore,CCU → DEL → BLR,17:00,21:05 13 May,28h 5m,1 stop,In-flight meal not included,10703
Jet Airways,21/03/2019,Delhi,Cochin,DEL → IXC → BOM → COK,06:20,04:25 22 Mar,22h 5m,2 stops,No info,12273
GoAir,27/03/2019,Delhi,Cochin,DEL → AMD → COK,06:00,13:20,7h 20m,1 stop,No info,4563
Air India,12/03/2019,Banglore,New Delhi,BLR → TRV → COK → DEL,07:30,11:05 13 Mar,27h 35m,2 stops,No info,11602
Jet Airways,27/06/2019,Delhi,Cochin,DEL → BOM → COK,08:00,19:00,11h,1 stop,In-flight meal not included,10262
IndiGo,15/06/2019,Delhi,Cochin,DEL → BOM → COK,16:00,01:30 16 Jun,9h 30m,1 stop,No info,6316
Jet Airways,18/06/2019,Mumbai,Hyderabad,BOM → HYD,10:20,11:50,1h 30m,non-stop,No info,8040
IndiGo,27/05/2019,Delhi,Cochin,DEL → BOM → COK,16:00,01:30 28 May,9h 30m,1 stop,No info,7048
Air India,18/06/2019,Banglore,Delhi,BLR → DEL,10:00,12:45,2h 45m,non-stop,No info,6961
Air India,9/03/2019,Delhi,Cochin,DEL → RPR → NAG → BOM → COK,05:15,19:15 10 Mar,38h,3 stops,No info,15586
Jet Airways,12/06/2019,Kolkata,Banglore,CCU → BOM → BLR,18:55,16:20 13 Jun,21h 25m,1 stop,No info,13044
Multiple carriers,15/06/2019,Delhi,Cochin,DEL → BOM → COK,18:00,01:30 16 Jun,7h 30m,1 stop,No info,7408
Air India,15/03/2019,Banglore,New Delhi,BLR → DEL,13:20,16:10,2h 50m,non-stop,No info,7276
Jet Airways,15/05/2019,Mumbai,Hyderabad,BOM → HYD,02:55,04:20,1h 25m,non-stop,In-flight meal not included,3210
SpiceJet,12/04/2019,Banglore,Delhi,BLR → DEL,05:55,08:35,2h 40m,non-stop,No info,4423
IndiGo,21/05/2019,Delhi,Cochin,DEL → HYD → COK,08:35,18:10,9h 35m,1 stop,No info,6442
Air India,18/06/2019,Mumbai,Hyderabad,BOM → HYD,15:00,16:25,1h 25m,non-stop,No info,3100
IndiGo,24/05/2019,Kolkata,Banglore,CCU → BLR,15:30,18:05,2h 35m,non-stop,No info,4804
Jet Airways,12/06/2019,Kolkata,Banglore,CCU → BOM → BLR,21:10,04:40 13 Jun,7h 30m,1 stop,In-flight meal not included,7594
IndiGo,1/04/2019,Banglore,Delhi,BLR → DEL,16:55,19:55,3h,non-stop,No info,4823
Multiple carriers,21/03/2019,Delhi,Cochin,DEL → BOM → COK,12:50,01:35 22 Mar,12h 45m,1 stop,No info,7695
IndiGo,12/05/2019,Kolkata,Banglore,CCU → NAG → BLR,18:05,23:30,5h 25m,1 stop,No info,6218
Jet Airways,21/05/2019,Kolkata,Banglore,CCU → BOM → BLR,20:00,08:15 22 May,12h 15m,1 stop,In-flight meal not included,10844
Air India,9/04/2019,Delhi,Cochin,DEL → BHO → BOM → COK,05:55,07:40 10 Apr,25h 45m,2 stops,No info,10021
Multiple carriers,6/06/2019,Delhi,Cochin,DEL → BOM → COK,17:00,01:30 07 Jun,8h 30m,1 stop,No info,7198
Jet Airways,21/03/2019,Delhi,Cochin,DEL → BOM → COK,15:00,04:25 22 Mar,13h 25m,1 stop,In-flight meal not included,6017
Air Asia,24/03/2019,Kolkata,Banglore,CCU → BLR,10:20,12:55,2h 35m,non-stop,No info,5620
Jet Airways,12/06/2019,Delhi,Cochin,DEL → ATQ → BOM → COK,18:20,19:00 13 Jun,24h 40m,2 stops,No info,14300
Air India,24/06/2019,Delhi,Cochin,DEL → BOM → COK,03:50,19:15,15h 25m,1 stop,No info,8669
Jet Airways,21/04/2019,Banglore,Delhi,BLR → DEL,18:55,22:00,3h 5m,non-stop,No info,7229
Jet Airways,6/06/2019,Kolkata,Banglore,CCU → DEL → BLR,17:00,19:10 07 Jun,26h 10m,1 stop,No info,14151
GoAir,18/06/2019,Banglore,Delhi,BLR → DEL,20:55,23:40,2h 45m,non-stop,No info,3419
Jet Airways,27/03/2019,Delhi,Cochin,DEL → BOM → COK,09:00,04:25 28 Mar,19h 25m,1 stop,No info,12242
SpiceJet,21/03/2019,Banglore,New Delhi,BLR → DEL,09:35,12:30,2h 55m,non-stop,No check-in baggage included,4839
IndiGo,12/05/2019,Kolkata,Banglore,CCU → BLR,09:35,12:20,2h 45m,non-stop,No info,4804
Air India,12/05/2019,Kolkata,Banglore,CCU → DEL → BLR,20:30,08:55 13 May,12h 25m,1 stop,No info,10203
GoAir,27/05/2019,Banglore,Delhi,BLR → DEL,11:40,14:30,2h 50m,non-stop,No info,3398
IndiGo,21/03/2019,Delhi,Cochin,DEL → BOM → COK,06:40,21:00,14h 20m,1 stop,No info,8784
Jet Airways,6/05/2019,Kolkata,Banglore,CCU → BOM → BLR,20:00,08:15 07 May,12h 15m,1 stop,In-flight meal not included,9663
Jet Airways,24/05/2019,Kolkata,Banglore,CCU → BOM → BLR,14:05,22:35,8h 30m,1 stop,In-flight meal not included,10844
Multiple carriers,9/05/2019,Delhi,Cochin,DEL → BOM → COK,06:40,19:15,12h 35m,1 stop,No info,7787
Jet Airways,27/06/2019,Delhi,Cochin,DEL → BOM → COK,14:00,19:00,5h,1 stop,In-flight meal not included,10262
IndiGo,3/06/2019,Banglore,Delhi,BLR → DEL,06:05,08:50,2h 45m,non-stop,No info,3943
Air India,21/03/2019,Delhi,Cochin,DEL → RPR → NAG → BOM → COK,05:15,19:15 22 Mar,38h,3 stops,No info,9128
Multiple carriers,27/05/2019,Delhi,Cochin,DEL → BOM → COK,11:30,19:15,7h 45m,1 stop,No info,15898
Vistara,9/06/2019,Banglore,Delhi,BLR → DEL,17:00,19:35,2h 35m,non-stop,No info,4878
Air India,9/05/2019,Delhi,Cochin,DEL → AMD → BOM → COK,05:00,19:15 10 May,38h 15m,2 stops,No info,10441
Jet Airways,6/05/2019,Delhi,Cochin,DEL → BOM → COK,13:00,04:25 07 May,15h 25m,1 stop,No info,15554
Air India,21/05/2019,Kolkata,Banglore,CCU → BBI → BOM → BLR,12:00,21:50,9h 50m,2 stops,No info,10151
IndiGo,09/03/2019,Banglore,New Delhi,BLR → DEL,06:00,08:45,2h 45m,non-stop,No info,7648
Jet Airways,15/03/2019,Banglore,New Delhi,BLR → BOM → DEL,07:00,12:15,5h 15m,1 stop,No info,17524
Jet Airways,18/05/2019,Kolkata,Banglore,CCU → DEL → BLR,17:00,23:35,6h 35m,1 stop,No info,14151
IndiGo,15/04/2019,Banglore,Delhi,BLR → DEL,07:10,10:05,2h 55m,non-stop,No info,4823
Multiple carriers,15/06/2019,Delhi,Cochin,DEL → BOM → COK,13:00,01:30 16 Jun,12h 30m,1 stop,No info,7198
Air Asia,1/05/2019,Kolkata,Banglore,CCU → BLR,19:55,22:25,2h 30m,non-stop,No info,5989
Jet Airways,18/03/2019,Mumbai,Hyderabad,BOM → HYD,19:35,21:05,1h 30m,non-stop,In-flight meal not included,2071
Multiple carriers,21/05/2019,Delhi,Cochin,DEL → BOM → COK,10:20,21:00,10h 40m,1 stop,No info,7485
IndiGo,6/06/2019,Kolkata,Banglore,CCU → BLR,15:15,17:45,2h 30m,non-stop,No info,4804
Jet Airways,3/04/2019,Banglore,Delhi,BLR → DEL,06:00,08:45,2h 45m,non-stop,No info,7229
Air India,27/03/2019,Delhi,Cochin,DEL → BLR → COK,13:30,08:15 28 Mar,18h 45m,1 stop,No info,6681
IndiGo,18/05/2019,Kolkata,Banglore,CCU → BLR,21:25,00:05 19 May,2h 40m,non-stop,No info,4804
Jet Airways,9/06/2019,Kolkata,Banglore,CCU → BOM → BLR,20:00,23:35 10 Jun,27h 35m,1 stop,In-flight meal not included,10844
Multiple carriers,18/05/2019,Delhi,Cochin,DEL → BOM → COK,11:30,21:00,9h 30m,1 stop,No info,13727
Jet Airways,27/03/2019,Delhi,Cochin,DEL → BOM → COK,23:05,19:45 28 Mar,20h 40m,1 stop,In-flight meal not included,7438
Multiple carriers,21/05/2019,Delhi,Cochin,DEL → HYD → COK,07:05,18:10,11h 5m,1 stop,No info,9646
Jet Airways,6/06/2019,Kolkata,Banglore,CCU → DEL → BLR,09:35,19:10,9h 35m,1 stop,In-flight meal not included,13469
Air India,24/03/2019,Banglore,New Delhi,BLR → HYD → VGA → DEL,17:00,22:55 19 Mar,29h 55m,2 stops,No info,8114
SpiceJet,9/05/2019,Mumbai,Hyderabad,BOM → HYD,05:45,07:15,1h 30m,non-stop,No info,2017
IndiGo,9/05/2019,Delhi,Cochin,DEL → COK,05:35,08:50,3h 15m,non-stop,No info,5000
IndiGo,15/03/2019,Kolkata,Banglore,CCU → BLR,21:25,00:05 16 Mar,2h 40m,non-stop,No info,4148
Multiple carriers,27/05/2019,Delhi,Cochin,DEL → HYD → COK,07:10,22:30,15h 20m,1 stop,No info,7878
Jet Airways,01/03/2019,Banglore,New Delhi,BLR → BOM → DEL,07:00,15:15,8h 15m,1 stop,No info,26890
IndiGo,21/03/2019,Chennai,Kolkata,MAA → CCU,11:35,14:00,2h 25m,non-stop,No info,3858
IndiGo,9/06/2019,Kolkata,Banglore,CCU → HYD → BLR,15:15,20:30,5h 15m,1 stop,No info,5380
SpiceJet,15/04/2019,Kolkata,Banglore,CCU → BLR,06:55,09:30,2h 35m,non-stop,No info,3873
Multiple carriers,1/06/2019,Delhi,Cochin,DEL → BOM → COK,12:50,21:00,8h 10m,1 stop,No info,7005
Air India,6/05/2019,Banglore,Delhi,BLR → DEL,06:10,08:55,2h 45m,non-stop,No info,6121
Air Asia,9/06/2019,Kolkata,Banglore,CCU → IXR → DEL → BLR,15:10,23:30,8h 20m,2 stops,No info,7870
IndiGo,9/06/2019,Chennai,Kolkata,MAA → CCU,11:35,14:00,2h 25m,non-stop,No info,3858
Jet Airways,9/06/2019,Delhi,Cochin,DEL → NAG → BOM → COK,06:45,04:25 10 Jun,21h 40m,2 stops,No info,13376
Jet Airways,24/03/2019,Kolkata,Banglore,CCU → BOM → BLR,18:55,18:10 25 Mar,23h 15m,1 stop,No info,14231
Jet Airways,12/05/2019,Kolkata,Banglore,CCU → BOM → BLR,18:55,10:05 13 May,15h 10m,1 stop,In-flight meal not included,9663
Jet Airways,18/05/2019,Kolkata,Banglore,CCU → BOM → BLR,08:25,22:35,14h 10m,1 stop,In-flight meal not included,10844
Jet Airways,15/05/2019,Kolkata,Banglore,CCU → BOM → BLR,21:10,04:40 16 May,7h 30m,1 stop,In-flight meal not included,9663
Jet Airways,24/05/2019,Kolkata,Banglore,CCU → DEL → BLR,20:25,23:35 25 May,27h 10m,1 stop,No info,14151
Jet Airways,06/03/2019,Banglore,New Delhi,BLR → BOM → DEL,16:55,09:00 07 Mar,16h 5m,1 stop,No info,17261
Air India,1/06/2019,Delhi,Cochin,DEL → HYD → BOM → COK,17:15,19:15 02 Jun,26h,2 stops,No info,12970
Air India,21/03/2019,Delhi,Cochin,DEL → AMD → BOM → COK,19:45,19:15 22 Mar,23h 30m,2 stops,No info,8236
Air India,9/04/2019,Banglore,Delhi,BLR → DEL,05:45,08:45,3h,non-stop,No info,4441
Jet Airways,24/05/2019,Delhi,Cochin,DEL → AMD → BOM → COK,23:05,04:25 26 May,29h 20m,2 stops,No info,15129
GoAir,6/05/2019,Kolkata,Banglore,CCU → BOM → BLR,23:30,07:45 07 May,8h 15m,1 stop,No info,7451
Air India,12/06/2019,Delhi,Cochin,DEL → LKO → BOM → COK,12:20,19:15 13 Jun,30h 55m,2 stops,No info,12488
Jet Airways,12/04/2019,Banglore,Delhi,BLR → DEL,18:55,22:00,3h 5m,non-stop,No info,7229
IndiGo,6/04/2019,Banglore,Delhi,BLR → DEL,10:10,13:00,2h 50m,non-stop,No info,4423
Air India,24/05/2019,Kolkata,Banglore,CCU → DEL → COK → BLR,10:00,01:20 25 May,15h 20m,2 stops,No info,14083
SpiceJet,6/05/2019,Kolkata,Banglore,CCU → IXB → BLR,11:15,18:30,7h 15m,1 stop,No info,9736
Jet Airways,21/05/2019,Kolkata,Banglore,CCU → BOM → BLR,08:25,18:15,9h 50m,1 stop,In-flight meal not included,10844
Multiple carriers,15/05/2019,Delhi,Cochin,DEL → BOM → COK,07:30,19:00,11h 30m,1 stop,No info,10529
SpiceJet,15/03/2019,Kolkata,Banglore,CCU → BLR,06:55,09:35,2h 40m,non-stop,No check-in baggage included,3815
SpiceJet,21/04/2019,Delhi,Cochin,DEL → PNQ → COK,08:45,13:15,4h 30m,1 stop,No check-in baggage included,6356
SpiceJet,21/06/2019,Kolkata,Banglore,CCU → BLR,09:00,11:25,2h 25m,non-stop,No check-in baggage included,3841
Jet Airways,18/05/2019,Kolkata,Banglore,CCU → DEL → BLR,09:35,09:45 19 May,24h 10m,1 stop,No info,14151
Jet Airways,1/05/2019,Banglore,Delhi,BLR → DEL,18:55,22:00,3h 5m,non-stop,No info,7229
Air India,18/03/2019,Chennai,Kolkata,MAA → CCU,11:40,13:55,2h 15m,non-stop,No info,4405
Vistara,24/03/2019,Banglore,New Delhi,BLR → DEL,11:30,14:10,2h 40m,non-stop,No info,5403
Air Asia,6/04/2019,Kolkata,Banglore,CCU → BLR,10:20,12:55,2h 35m,non-stop,No info,3807
Jet Airways,21/05/2019,Delhi,Cochin,DEL → BOM → COK,14:00,19:00,5h,1 stop,In-flight meal not included,12898
SpiceJet,21/05/2019,Mumbai,Hyderabad,BOM → HYD,05:45,07:15,1h 30m,non-stop,No info,2017
Jet Airways,01/03/2019,Banglore,New Delhi,BLR → BOM → DEL,14:05,10:25 02 Mar,20h 20m,1 stop,No info,20800
Air India,24/06/2019,Banglore,Delhi,BLR → DEL,06:10,08:55,2h 45m,non-stop,No info,6961
Jet Airways,9/05/2019,Delhi,Cochin,DEL → BOM → COK,10:00,12:35 10 May,26h 35m,1 stop,In-flight meal not included,12373
Jet Airways,9/06/2019,Delhi,Cochin,DEL → BOM → COK,09:00,04:25 10 Jun,19h 25m,1 stop,In-flight meal not included,10262
SpiceJet,15/03/2019,Banglore,New Delhi,BLR → DEL,05:45,08:35,2h 50m,non-stop,No check-in baggage included,5469
IndiGo,9/06/2019,Delhi,Cochin,DEL → BLR → COK,05:10,10:05,4h 55m,1 stop,No info,6496
Multiple carriers,27/05/2019,Delhi,Cochin,DEL → BOM → COK,10:20,01:30 28 May,15h 10m,1 stop,No info,6795
Jet Airways,12/03/2019,Banglore,New Delhi,BLR → BOM → DEL,22:55,10:45 13 Mar,11h 50m,1 stop,In-flight meal not included,11087
Jet Airways,24/06/2019,Delhi,Cochin,DEL → LKO → BOM → COK,09:25,12:35 25 Jun,27h 10m,2 stops,No info,13882
Multiple carriers,6/03/2019,Delhi,Cochin,DEL → HYD → COK,09:45,22:20,12h 35m,1 stop,No info,10276
SpiceJet,6/06/2019,Mumbai,Hyderabad,BOM → HYD,13:15,14:45,1h 30m,non-stop,No check-in baggage included,1965
IndiGo,9/03/2019,Delhi,Cochin,DEL → MAA → COK,02:05,07:10,5h 5m,1 stop,No info,10482
Vistara,12/06/2019,Kolkata,Banglore,CCU → DEL → BLR,17:00,09:05 13 Jun,16h 5m,1 stop,No info,7927
Jet Airways,6/06/2019,Banglore,Delhi,BLR → DEL,08:20,11:20,3h,non-stop,In-flight meal not included,6478
Air India,27/03/2019,Delhi,Cochin,DEL → BLR → COK,06:10,08:15 28 Mar,26h 5m,1 stop,No info,6681
Air India,9/06/2019,Banglore,Delhi,BLR → DEL,17:00,19:45,2h 45m,non-stop,No info,7171
Air India,21/03/2019,Banglore,New Delhi,BLR → HYD → VGA → DEL,08:15,11:20 19 Mar,27h 5m,2 stops,No info,7642
Jet Airways,27/05/2019,Delhi,Cochin,DEL → BOM → COK,09:00,04:25 28 May,19h 25m,1 stop,In-flight meal not included,12898
Multiple carriers,21/05/2019,Delhi,Cochin,DEL → BOM → COK,11:25,19:15,7h 50m,1 stop,No info,7575
Air India,9/05/2019,Kolkata,Banglore,CCU → BOM → COK → BLR,09:25,13:45 10 May,28h 20m,2 stops,No info,11542
SpiceJet,21/05/2019,Banglore,Delhi,BLR → DEL,05:55,08:35,2h 40m,non-stop,No info,3311
Vistara,1/04/2019,Delhi,Cochin,DEL → COK,14:40,17:50,3h 10m,non-stop,No info,4851
Jet Airways,9/05/2019,Kolkata,Banglore,CCU → DEL → BLR,20:25,10:55 10 May,14h 30m,1 stop,In-flight meal not included,8066
Multiple carriers,18/05/2019,Delhi,Cochin,DEL → BOM → COK,08:30,19:15,10h 45m,1 stop,No info,7887
Jet Airways,9/06/2019,Delhi,Cochin,DEL → IDR → BOM → COK,05:30,04:25 10 Jun,22h 55m,2 stops,No info,13292
Air India,6/03/2019,Mumbai,Hyderabad,BOM → BHO → DEL → HYD,06:00,15:15 07 Mar,33h 15m,2 stops,No info,14219
Jet Airways,6/06/2019,Kolkata,Banglore,CCU → BOM → BLR,14:05,22:35,8h 30m,1 stop,No info,14571
Jet Airways,6/06/2019,Delhi,Cochin,DEL → BOM → COK,14:00,04:25 07 Jun,14h 25m,1 stop,No info,14714
Jet Airways,24/06/2019,Banglore,Delhi,BLR → DEL,07:10,10:10,3h,non-stop,In-flight meal not included,5769
Multiple carriers,21/05/2019,Delhi,Cochin,DEL → BOM → COK,08:00,19:00,11h,1 stop,No info,10197
Jet Airways,12/06/2019,Delhi,Cochin,DEL → JAI → BOM → COK,09:40,19:00,9h 20m,2 stops,No info,13014
SpiceJet,15/03/2019,Kolkata,Banglore,CCU → BLR,22:20,00:40 16 Mar,2h 20m,non-stop,No check-in baggage included,3815
Jet Airways,21/03/2019,Banglore,New Delhi,BLR → BOM → DEL,08:00,20:20,12h 20m,1 stop,In-flight meal not included,7832
IndiGo,03/03/2019,Banglore,New Delhi,BLR → DEL,18:55,21:45,2h 50m,non-stop,No info,8855
Air India,21/05/2019,Delhi,Cochin,DEL → BOM → COK,09:00,19:15,10h 15m,1 stop,No info,8372
Jet Airways,6/06/2019,Banglore,Delhi,BLR → DEL,07:10,10:10,3h,non-stop,In-flight meal not included,6478
IndiGo,9/05/2019,Delhi,Cochin,DEL → BLR → COK,05:10,10:05,4h 55m,1 stop,No info,6496
Jet Airways,9/03/2019,Delhi,Cochin,DEL → BOM → COK,20:50,18:50 10 Mar,22h,1 stop,No info,16289
SpiceJet,9/04/2019,Banglore,Delhi,BLR → DEL,09:30,12:20,2h 50m,non-stop,No check-in baggage included,4319
Jet Airways,21/03/2019,Delhi,Cochin,DEL → UDR → BOM → COK,18:20,04:25 23 Mar,34h 5m,2 stops,No info,13082
Air India,21/05/2019,Delhi,Cochin,DEL → HYD → MAA → COK,09:45,09:25 22 May,23h 40m,2 stops,No info,10975
Air India,6/05/2019,Kolkata,Banglore,CCU → BOM → COK → BLR,09:25,01:20 07 May,15h 55m,2 stops,No info,11458
Jet Airways,24/05/2019,Kolkata,Banglore,CCU → BOM → BLR,06:30,16:20,9h 50m,1 stop,In-flight meal not included,10844
IndiGo,21/03/2019,Delhi,Cochin,DEL → HYD → COK,07:35,12:00,4h 25m,1 stop,No info,5073
IndiGo,18/05/2019,Banglore,Delhi,BLR → DEL,23:30,02:20 19 May,2h 50m,non-stop,No info,4591
IndiGo,12/04/2019,Kolkata,Banglore,CCU → BLR,22:15,00:50 13 Apr,2h 35m,non-stop,No info,4174
Multiple carriers,15/05/2019,Delhi,Cochin,DEL → BOM → COK,10:00,01:30 16 May,15h 30m,1 stop,No info,8073
Jet Airways,15/05/2019,Banglore,Delhi,BLR → DEL,06:00,08:45,2h 45m,non-stop,In-flight meal not included,4030
SpiceJet,21/03/2019,Delhi,Cochin,DEL → MAA → COK,15:55,21:55,6h,1 stop,No info,5511
IndiGo,9/05/2019,Delhi,Cochin,DEL → LKO → COK,21:50,03:35 10 May,5h 45m,1 stop,No info,6058
Jet Airways,18/03/2019,Mumbai,Hyderabad,BOM → HYD,07:10,08:35,1h 25m,non-stop,In-flight meal not included,4995
Air India,1/04/2019,Kolkata,Banglore,CCU → GAU → DEL → BLR,16:45,20:25 02 Apr,27h 40m,2 stops,No info,9920
IndiGo,6/06/2019,Chennai,Kolkata,MAA → CCU,05:15,07:40,2h 25m,non-stop,No info,3540
Jet Airways,24/04/2019,Banglore,Delhi,BLR → DEL,19:50,22:50,3h,non-stop,In-flight meal not included,4544
Air India,12/06/2019,Kolkata,Banglore,CCU → BLR,20:45,23:20,2h 35m,non-stop,No info,4145
IndiGo,3/05/2019,Banglore,Delhi,BLR → DEL,18:55,21:50,2h 55m,non-stop,No info,4823
Air India,15/05/2019,Kolkata,Banglore,CCU → DEL → BLR,20:30,20:25 16 May,23h 55m,1 stop,No info,10203
SpiceJet,24/04/2019,Banglore,Delhi,BLR → DEL,21:10,00:05 25 Apr,2h 55m,non-stop,No check-in baggage included,3573
Air India,06/03/2019,Banglore,New Delhi,BLR → BOM → DEL,06:45,12:15,5h 30m,1 stop,No info,13912
Jet Airways,12/03/2019,Banglore,New Delhi,BLR → BOM → DEL,16:55,09:30 13 Mar,16h 35m,1 stop,No info,13817
IndiGo,24/06/2019,Banglore,Delhi,BLR → DEL,13:00,15:50,2h 50m,non-stop,No info,3943
Air India,21/05/2019,Kolkata,Banglore,CCU → GAU → DEL → BLR,16:45,08:55 22 May,16h 10m,2 stops,No info,14960
Air India,24/06/2019,Delhi,Cochin,DEL → CCU → BOM → COK,06:50,07:40 25 Jun,24h 50m,2 stops,No info,13381
SpiceJet,6/06/2019,Banglore,Delhi,BLR → DEL,05:55,08:35,2h 40m,non-stop,No check-in baggage included,3573
Jet Airways,24/05/2019,Kolkata,Banglore,CCU → BOM → BLR,06:30,04:40 25 May,22h 10m,1 stop,In-flight meal not included,8586
Air India,9/03/2019,Delhi,Cochin,DEL → GOI → BOM → COK,22:00,19:15 10 Mar,21h 15m,2 stops,No info,16373
Air India,21/05/2019,Kolkata,Banglore,CCU → JAI → BOM → BLR,08:20,11:10 22 May,26h 50m,2 stops,No info,11222
Air India,21/05/2019,Delhi,Cochin,DEL → UDR → BOM → COK,13:20,07:40 22 May,18h 20m,2 stops,No info,13538
Jet Airways,21/03/2019,Banglore,New Delhi,BLR → BOM → DEL,07:00,15:15,8h 15m,1 stop,In-flight meal not included,7832
Jet Airways,15/05/2019,Kolkata,Banglore,CCU → BOM → BLR,20:00,08:15 16 May,12h 15m,1 stop,No info,13941
Jet Airways,9/05/2019,Banglore,Delhi,BLR → DEL,11:10,14:05,2h 55m,non-stop,No info,7229
Multiple carriers,9/06/2019,Delhi,Cochin,DEL → BOM → COK,17:00,01:30 10 Jun,8h 30m,1 stop,No info,7408
Air India,3/03/2019,Delhi,Cochin,DEL → HYD → BOM → COK,21:30,19:15 04 Mar,21h 45m,2 stops,No info,12287
IndiGo,15/03/2019,Banglore,New Delhi,BLR → AMD → DEL,14:25,19:25,5h,1 stop,No info,9165
IndiGo,3/04/2019,Mumbai,Hyderabad,BOM → HYD,19:05,20:35,1h 30m,non-stop,No info,2754
Vistara,15/06/2019,Chennai,Kolkata,MAA → CCU,07:05,09:20,2h 15m,non-stop,No info,3687
Jet Airways,21/06/2019,Banglore,Delhi,BLR → DEL,15:15,18:10,2h 55m,non-stop,In-flight meal not included,7229
Vistara,09/03/2019,Banglore,New Delhi,BLR → DEL,11:30,14:10,2h 40m,non-stop,No info,7240
Air India,24/06/2019,Delhi,Cochin,DEL → BOM → COK,19:00,07:40 25 Jun,12h 40m,1 stop,No info,8372
Jet Airways,27/05/2019,Delhi,Cochin,DEL → JAI → BOM → COK,09:40,04:25 28 May,18h 45m,2 stops,In-flight meal not included,13029
Air India,1/04/2019,Mumbai,Hyderabad,BOM → HYD,06:20,07:40,1h 20m,non-stop,No info,3100
Multiple carriers,1/06/2019,Delhi,Cochin,DEL → BOM → COK,08:45,21:00,12h 15m,1 stop,No info,7740
Jet Airways,12/05/2019,Banglore,Delhi,BLR → DEL,08:20,11:20,3h,non-stop,In-flight meal not included,6144
Jet Airways,6/05/2019,Kolkata,Banglore,CCU → BOM → BLR,16:30,04:40 07 May,12h 10m,1 stop,No info,13941
Jet Airways,12/05/2019,Kolkata,Banglore,CCU → DEL → BLR,17:00,22:05 13 May,29h 5m,1 stop,No info,13067
IndiGo,3/06/2019,Kolkata,Banglore,CCU → BLR,14:25,16:55,2h 30m,non-stop,No info,5644
Vistara,9/04/2019,Banglore,Delhi,BLR → DEL,09:45,12:35,2h 50m,non-stop,No info,5403
Multiple carriers,18/05/2019,Delhi,Cochin,DEL → BOM → COK,11:40,19:15,7h 35m,1 stop,No info,9211
Jet Airways,6/05/2019,Kolkata,Banglore,CCU → DEL → BLR,09:35,09:45 07 May,24h 10m,1 stop,In-flight meal not included,8066
IndiGo,09/03/2019,Banglore,New Delhi,BLR → IDR → DEL,17:55,22:55,5h,1 stop,No info,6351
Air India,27/06/2019,Delhi,Cochin,DEL → HYD → BOM → COK,17:15,07:40 28 Jun,14h 25m,2 stops,No info,13039
Vistara,24/05/2019,Kolkata,Banglore,CCU → DEL → BLR,07:10,20:20,13h 10m,1 stop,No info,9555
IndiGo,3/03/2019,Delhi,Cochin,DEL → BOM → COK,08:25,15:30,7h 5m,1 stop,No info,14871
IndiGo,12/05/2019,Chennai,Kolkata,MAA → CCU,14:45,17:05,2h 20m,non-stop,No info,3858
Jet Airways,6/03/2019,Delhi,Cochin,DEL → BOM → COK,02:15,18:50,16h 35m,1 stop,No info,17024
Air India,12/03/2019,Mumbai,Hyderabad,BOM → RPR → VTZ → HYD,10:05,19:10,9h 5m,2 stops,No info,9736
IndiGo,21/03/2019,Delhi,Cochin,DEL → BOM → COK,04:45,21:00,16h 15m,1 stop,No info,6314
IndiGo,24/03/2019,Kolkata,Banglore,CCU → BLR,15:20,17:55,2h 35m,non-stop,No info,6985
IndiGo,27/03/2019,Chennai,Kolkata,MAA → CCU,13:20,15:35,2h 15m,non-stop,No info,3384
Multiple carriers,18/05/2019,Delhi,Cochin,DEL → BOM → COK,07:00,19:00,12h,1 stop,No info,10197
IndiGo,21/03/2019,Banglore,New Delhi,BLR → DEL,20:00,22:55,2h 55m,non-stop,No info,6144
Jet Airways,24/05/2019,Kolkata,Banglore,CCU → DEL → BLR,09:35,18:00,8h 25m,1 stop,No info,14151
Jet Airways,1/05/2019,Delhi,Cochin,DEL → JAI → BOM → COK,05:30,04:25 02 May,22h 55m,2 stops,No info,15129
Air India,21/04/2019,Kolkata,Banglore,CCU → BLR,14:15,16:45,2h 30m,non-stop,No info,6245
Jet Airways,6/06/2019,Kolkata,Banglore,CCU → BOM → BLR,18:55,08:15 07 Jun,13h 20m,1 stop,No info,14571
Jet Airways,1/04/2019,Kolkata,Banglore,CCU → BOM → BLR,21:10,08:15 02 Apr,11h 5m,1 stop,In-flight meal not included,8849
Multiple carriers,1/06/2019,Delhi,Cochin,DEL → BOM → COK,10:00,19:15,9h 15m,1 stop,No info,16108
IndiGo,21/03/2019,Delhi,Cochin,DEL → BOM → COK,04:45,13:20,8h 35m,1 stop,No info,7738
Air India,6/03/2019,Mumbai,Hyderabad,BOM → AMD → ISK → HYD,17:20,14:50,2h 30m,2 stops,No info,11972
Multiple carriers,3/06/2019,Delhi,Cochin,DEL → HYD → COK,07:10,22:30,15h 20m,1 stop,No info,7878
IndiGo,3/04/2019,Banglore,Delhi,BLR → DEL,21:15,00:15 04 Apr,3h,non-stop,No info,3943
Jet Airways,3/04/2019,Banglore,Delhi,BLR → DEL,07:10,10:10,3h,non-stop,In-flight meal not included,4544
IndiGo,24/03/2019,Kolkata,Banglore,CCU → BLR,05:30,08:20,2h 50m,non-stop,No info,4778
IndiGo,3/05/2019,Banglore,Delhi,BLR → DEL,23:30,02:20 04 May,2h 50m,non-stop,No info,4591
Air India,6/03/2019,Mumbai,Hyderabad,BOM → MAA → HYD,05:55,22:00,16h 5m,1 stop,No info,10366
Vistara,1/04/2019,Kolkata,Banglore,CCU → DEL → BLR,17:00,23:25,6h 25m,1 stop,No info,8610
Jet Airways,3/06/2019,Delhi,Cochin,DEL → BOM → COK,10:00,19:00,9h,1 stop,In-flight meal not included,10262
GoAir,6/04/2019,Delhi,Cochin,DEL → BOM → COK,07:00,12:55,5h 55m,1 stop,No info,5135
Jet Airways,6/03/2019,Delhi,Cochin,DEL → BOM → COK,13:00,04:25 07 Mar,15h 25m,1 stop,No info,15764
Jet Airways,21/05/2019,Delhi,Cochin,DEL → BOM → COK,21:50,12:35 22 May,14h 45m,1 stop,In-flight meal not included,12898
Vistara,9/04/2019,Banglore,Delhi,BLR → DEL,19:30,22:15,2h 45m,non-stop,No info,5613
Multiple carriers,3/06/2019,Delhi,Cochin,DEL → BOM → COK,08:30,19:15,10h 45m,1 stop,No info,7677
Jet Airways,1/05/2019,Kolkata,Banglore,CCU → DEL → BLR,17:00,22:05 02 May,29h 5m,1 stop,No info,14151
SpiceJet,24/04/2019,Banglore,Delhi,BLR → DEL,09:30,12:20,2h 50m,non-stop,No info,3971
Multiple carriers,1/06/2019,Delhi,Cochin,DEL → BOM → COK,10:20,01:30 02 Jun,15h 10m,1 stop,No info,6795
Air India,27/03/2019,Delhi,Cochin,DEL → MAA → COK,06:05,09:25 28 Mar,27h 20m,1 stop,No info,5117
Jet Airways,18/03/2019,Banglore,New Delhi,BLR → BOM → DEL,14:05,19:10,5h 5m,1 stop,In-flight meal not included,13502
SpiceJet,21/05/2019,Kolkata,Banglore,CCU → BLR,09:00,11:25,2h 25m,non-stop,No info,4174
IndiGo,18/05/2019,Kolkata,Banglore,CCU → BLR,15:30,18:05,2h 35m,non-stop,No info,4804
IndiGo,27/05/2019,Delhi,Cochin,DEL → HYD → COK,06:50,12:10,5h 20m,1 stop,No info,5530
Jet Airways,9/06/2019,Kolkata,Banglore,CCU → DEL → BLR,09:35,10:55 10 Jun,25h 20m,1 stop,No info,14151
Multiple carriers,6/06/2019,Delhi,Cochin,DEL → BOM → COK,06:00,19:15,13h 15m,1 stop,No info,8266
Vistara,15/04/2019,Banglore,Delhi,BLR → DEL,19:30,22:15,2h 45m,non-stop,No info,5613
Air India,3/03/2019,Delhi,Cochin,DEL → BHO → BOM → COK,05:55,07:40 04 Mar,25h 45m,2 stops,No info,15113
IndiGo,12/06/2019,Banglore,Delhi,BLR → DEL,00:30,03:25,2h 55m,non-stop,No info,3419
Jet Airways,1/04/2019,Kolkata,Banglore,CCU → BOM → BLR,08:25,19:50,11h 25m,1 stop,In-flight meal not included,7064
Air India,9/06/2019,Delhi,Cochin,DEL → GOI → BOM → COK,22:00,19:15 10 Jun,21h 15m,2 stops,No info,10651
Jet Airways,12/03/2019,Banglore,New Delhi,BLR → BOM → DEL,07:00,23:00,16h,1 stop,No info,13817
GoAir,24/04/2019,Delhi,Cochin,DEL → BOM → COK,10:35,19:35,9h,1 stop,No info,5430
Multiple carriers,9/06/2019,Delhi,Cochin,DEL → BOM → COK,19:00,01:30 10 Jun,6h 30m,1 stop,No info,7530
Air Asia,12/06/2019,Delhi,Cochin,DEL → BLR → COK,07:55,22:25,14h 30m,1 stop,No info,6152
Vistara,18/04/2019,Delhi,Cochin,DEL → COK,06:00,09:10,3h 10m,non-stop,No info,6741
Jet Airways,27/06/2019,Delhi,Cochin,DEL → LKO → BOM → COK,11:45,12:35 28 Jun,24h 50m,2 stops,No info,13882
IndiGo,12/06/2019,Banglore,Delhi,BLR → DEL,18:55,21:50,2h 55m,non-stop,No info,4823
Multiple carriers,21/03/2019,Delhi,Cochin,DEL → BOM → COK,14:00,21:00,7h,1 stop,No info,13062
Jet Airways,12/05/2019,Kolkata,Banglore,CCU → BOM → BLR,16:30,09:20 13 May,16h 50m,1 stop,In-flight meal not included,9663
Multiple carriers,3/06/2019,Delhi,Cochin,DEL → BOM → COK,10:35,19:15,8h 40m,1 stop,No info,7354
Jet Airways,27/06/2019,Banglore,Delhi,BLR → DEL,17:45,20:45,3h,non-stop,No info,8016
Jet Airways,9/04/2019,Delhi,Cochin,DEL → AMD → BOM → COK,13:25,19:00 10 Apr,29h 35m,2 stops,No info,9483
IndiGo,1/06/2019,Banglore,Delhi,BLR → DEL,21:15,00:15 02 Jun,3h,non-stop,No info,3943
SpiceJet,3/03/2019,Kolkata,Banglore,CCU → BLR,17:15,19:45,2h 30m,non-stop,No info,6251
Jet Airways,21/03/2019,Delhi,Cochin,DEL → BDQ → BOM → COK,10:45,18:50 22 Mar,32h 5m,2 stops,In-flight meal not included,7791
Air India,27/05/2019,Delhi,Cochin,DEL → COK,14:10,17:10,3h,non-stop,No info,6934
Air India,06/03/2019,Banglore,New Delhi,BLR → MAA → DEL,11:50,19:50,8h,1 stop,No info,14594
Jet Airways,9/03/2019,Delhi,Cochin,DEL → BOM → COK,15:05,04:25 10 Mar,13h 20m,1 stop,In-flight meal not included,14053
Air India,27/06/2019,Delhi,Cochin,DEL → BLR → COK,13:30,23:00,9h 30m,1 stop,No info,8907
IndiGo,24/03/2019,Banglore,New Delhi,BLR → DEL,13:00,15:50,2h 50m,non-stop,No info,8033
IndiGo,9/06/2019,Kolkata,Banglore,CCU → MAA → BLR,08:10,13:00,4h 50m,1 stop,No info,5069
Multiple carriers,3/06/2019,Delhi,Cochin,DEL → BOM → COK,19:00,01:30 04 Jun,6h 30m,1 stop,No info,7198
IndiGo,9/03/2019,Delhi,Cochin,DEL → COK,05:35,08:50,3h 15m,non-stop,No info,6885
Air India,15/06/2019,Delhi,Cochin,DEL → AMD → BOM → COK,19:45,19:15 16 Jun,23h 30m,2 stops,No info,9653
Jet Airways,27/06/2019,Delhi,Cochin,DEL → AMD → BOM → COK,13:25,12:35 28 Jun,23h 10m,2 stops,No info,15339
IndiGo,12/04/2019,Banglore,Delhi,BLR → DEL,06:05,08:50,2h 45m,non-stop,No info,4990
Jet Airways,9/05/2019,Delhi,Cochin,DEL → BOM → COK,17:30,19:00 10 May,25h 30m,1 stop,No info,15554
GoAir,18/04/2019,Banglore,Delhi,BLR → DEL,07:45,10:40,2h 55m,non-stop,No info,5048
Jet Airways,9/05/2019,Delhi,Cochin,DEL → JAI → BOM → COK,05:30,04:25 10 May,22h 55m,2 stops,In-flight meal not included,13029
Multiple carriers,9/03/2019,Delhi,Cochin,DEL → IXU → BOM → COK,17:50,01:35 10 Mar,7h 45m,2 stops,No info,23583
Air India,6/06/2019,Kolkata,Banglore,CCU → BBI → BLR,12:00,13:15 07 Jun,25h 15m,1 stop,No info,7662
IndiGo,6/05/2019,Kolkata,Banglore,CCU → MAA → BLR,06:20,10:20,4h,1 stop,No info,4226
Vistara,18/05/2019,Kolkata,Banglore,CCU → DEL → BLR,20:20,18:50 19 May,22h 30m,1 stop,No info,9555
Jet Airways,18/03/2019,Banglore,New Delhi,BLR → BOM → DEL,05:45,16:10,10h 25m,1 stop,No info,12284
Air India,03/03/2019,Banglore,New Delhi,BLR → HYD → DEL,08:15,21:25,13h 10m,1 stop,No info,6781
Vistara,21/05/2019,Kolkata,Banglore,CCU → DEL → BLR,17:00,20:20 22 May,27h 20m,1 stop,No info,9345
Jet Airways,18/05/2019,Delhi,Cochin,DEL → BOM → COK,19:45,04:25 19 May,8h 40m,1 stop,In-flight meal not included,12373
Jet Airways,9/06/2019,Kolkata,Banglore,CCU → BOM → BLR,06:30,18:15,11h 45m,1 stop,No info,14571
Jet Airways,27/03/2019,Delhi,Cochin,DEL → AMD → BOM → COK,19:10,19:45 28 Mar,24h 35m,2 stops,No info,10976
SpiceJet,15/06/2019,Kolkata,Banglore,CCU → BLR,14:55,17:25,2h 30m,non-stop,No info,3873
Air India,6/03/2019,Delhi,Cochin,DEL → BLR → COK,20:30,23:00 07 Mar,26h 30m,1 stop,No info,8854
SpiceJet,21/05/2019,Delhi,Cochin,DEL → PNQ → COK,08:45,13:15,4h 30m,1 stop,No check-in baggage included,5158
Vistara,27/04/2019,Banglore,Delhi,BLR → DEL,21:00,23:50,2h 50m,non-stop,No info,5403
SpiceJet,12/06/2019,Delhi,Cochin,DEL → PNQ → COK,08:45,13:15,4h 30m,1 stop,No info,5264
Air India,21/05/2019,Kolkata,Banglore,CCU → VNS → DEL → BLR,14:30,08:55 22 May,18h 25m,2 stops,No info,15107
Jet Airways,15/04/2019,Banglore,Delhi,BLR → DEL,07:10,10:10,3h,non-stop,No info,7229
IndiGo,9/03/2019,Delhi,Cochin,DEL → BOM → COK,16:00,21:00,5h,1 stop,No info,7725
Jet Airways,27/06/2019,Delhi,Cochin,DEL → IDR → BOM → COK,21:25,19:00 28 Jun,21h 35m,2 stops,In-flight meal not included,11507
Multiple carriers,6/06/2019,Delhi,Cochin,DEL → BOM → COK,13:00,01:30 07 Jun,12h 30m,1 stop,No info,7198
Jet Airways,24/03/2019,Kolkata,Banglore,CCU → BOM → BLR,21:10,10:05 25 Mar,12h 55m,1 stop,In-flight meal not included,12446
Jet Airways,18/03/2019,Banglore,New Delhi,BLR → BOM → DEL,08:55,16:10,7h 15m,1 stop,No info,12284
SpiceJet,18/06/2019,Kolkata,Banglore,CCU → BLR,09:00,11:25,2h 25m,non-stop,No check-in baggage included,3841
Jet Airways,6/05/2019,Kolkata,Banglore,CCU → DEL → BLR,20:25,19:10 07 May,22h 45m,1 stop,No info,13067
Air India,12/06/2019,Kolkata,Banglore,CCU → IXR → BBI → BLR,05:50,13:15,7h 25m,2 stops,No info,7662
IndiGo,6/05/2019,Delhi,Cochin,DEL → BOM → COK,18:35,01:30 07 May,6h 55m,1 stop,No info,7191
Multiple carriers,15/06/2019,Delhi,Cochin,DEL → BOM → COK,07:05,19:15,12h 10m,1 stop,No info,16108
Jet Airways,6/04/2019,Banglore,Delhi,BLR → DEL,15:15,18:10,2h 55m,non-stop,No info,7229
Multiple carriers,21/03/2019,Delhi,Cochin,DEL → BOM → COK,11:40,01:35 22 Mar,13h 55m,1 stop,No info,7695
Jet Airways,21/05/2019,Delhi,Cochin,DEL → BOM → COK,19:45,04:25 22 May,8h 40m,1 stop,No info,16079
Jet Airways,21/05/2019,Delhi,Cochin,DEL → BOM → COK,19:45,04:25 22 May,8h 40m,1 stop,In-flight meal not included,12898
Air India,3/06/2019,Delhi,Cochin,DEL → JAI → BOM → COK,12:00,19:15,7h 15m,2 stops,No info,8603
Jet Airways,21/04/2019,Banglore,Delhi,BLR → DEL,11:10,14:05,2h 55m,non-stop,No info,7229
Multiple carriers,3/03/2019,Delhi,Cochin,DEL → HYD → MAA → COK,13:05,21:20,8h 15m,2 stops,No info,11966
Jet Airways,24/06/2019,Delhi,Cochin,DEL → BOM → COK,20:55,04:25 25 Jun,7h 30m,1 stop,In-flight meal not included,10262
Jet Airways,18/05/2019,Delhi,Cochin,DEL → BOM → COK,20:55,04:25 19 May,7h 30m,1 stop,In-flight meal not included,12373
Jet Airways,21/03/2019,Delhi,Cochin,DEL → BHO → BOM → COK,05:40,04:25 22 Mar,22h 45m,2 stops,No info,11543
Jet Airways,9/06/2019,Delhi,Cochin,DEL → NAG → BOM → COK,14:35,04:25 10 Jun,13h 50m,2 stops,No info,13376
Air India,6/03/2019,Delhi,Cochin,DEL → HYD → MAA → COK,17:15,09:25 07 Mar,16h 10m,2 stops,No info,9417
Jet Airways,1/04/2019,Kolkata,Banglore,CCU → BOM → BLR,20:00,08:15 02 Apr,12h 15m,1 stop,No info,12681
IndiGo,01/03/2019,Banglore,New Delhi,BLR → NAG → DEL,16:50,21:35,4h 45m,1 stop,No info,13302
Air Asia,21/06/2019,Banglore,Delhi,BLR → DEL,23:55,02:45 22 Jun,2h 50m,non-stop,No info,3383
Jet Airways,15/06/2019,Delhi,Cochin,DEL → BOM → COK,19:15,04:25 16 Jun,9h 10m,1 stop,In-flight meal not included,10262
Multiple carriers,6/06/2019,Delhi,Cochin,DEL → BOM → COK,13:00,21:00,8h,1 stop,No info,13587
Jet Airways,27/03/2019,Delhi,Cochin,DEL → MAA → BOM → COK,05:10,04:25 28 Mar,23h 15m,2 stops,In-flight meal not included,9412
Jet Airways,21/05/2019,Kolkata,Banglore,CCU → BOM → BLR,18:55,08:15 22 May,13h 20m,1 stop,No info,14388
Multiple carriers,21/03/2019,Delhi,Cochin,DEL → BOM → COK,06:40,18:50,12h 10m,1 stop,No info,13568
IndiGo,6/06/2019,Banglore,Delhi,BLR → DEL,18:25,21:20,2h 55m,non-stop,No info,4823
Jet Airways,6/06/2019,Delhi,Cochin,DEL → JAI → BOM → COK,09:40,12:35 07 Jun,26h 55m,2 stops,In-flight meal not included,11733
IndiGo,1/05/2019,Chennai,Kolkata,MAA → CCU,05:15,07:40,2h 25m,non-stop,No info,3850
Air India,24/03/2019,Kolkata,Banglore,CCU → BOM → BLR,09:25,18:30,9h 5m,1 stop,No info,10493
Multiple carriers,24/06/2019,Delhi,Cochin,DEL → BOM → COK,09:00,19:00,10h,1 stop,No info,12927
Air India,27/03/2019,Delhi,Cochin,DEL → BLR → COK,09:45,08:15 28 Mar,22h 30m,1 stop,No info,7416
Air India,15/06/2019,Delhi,Cochin,DEL → HYD → MAA → COK,07:05,09:25 16 Jun,26h 20m,2 stops,No info,10975
Vistara,9/06/2019,Kolkata,Banglore,CCU → DEL → BLR,20:20,10:45 10 Jun,14h 25m,1 stop,No info,9397
Air India,1/05/2019,Banglore,Delhi,BLR → DEL,10:00,12:45,2h 45m,non-stop,No info,6121
Jet Airways,18/06/2019,Banglore,Delhi,BLR → DEL,07:10,10:10,3h,non-stop,In-flight meal not included,5769
Jet Airways,18/05/2019,Delhi,Cochin,DEL → BOM → COK,14:00,04:25 19 May,14h 25m,1 stop,In-flight meal not included,12373
IndiGo,3/06/2019,Banglore,Delhi,BLR → DEL,08:30,11:20,2h 50m,non-stop,No info,4823
Multiple carriers,24/06/2019,Delhi,Cochin,DEL → BOM → COK,04:55,19:00,14h 5m,1 stop,No info,10678
IndiGo,9/03/2019,Kolkata,Banglore,CCU → BLR,17:15,19:55,2h 40m,non-stop,No info,4778
Jet Airways,1/04/2019,Kolkata,Banglore,CCU → BOM → BLR,21:10,04:40 02 Apr,7h 30m,1 stop,In-flight meal not included,8849
GoAir,3/03/2019,Delhi,Cochin,DEL → HYD → COK,07:30,13:20,5h 50m,1 stop,No info,6112
Jet Airways,9/05/2019,Delhi,Cochin,DEL → BOM → COK,21:50,04:25 10 May,6h 35m,1 stop,No info,15554
IndiGo,6/05/2019,Mumbai,Hyderabad,BOM → HYD,19:05,20:35,1h 30m,non-stop,No info,2754
IndiGo,18/04/2019,Kolkata,Banglore,CCU → BLR,04:40,07:15,2h 35m,non-stop,No info,4174
IndiGo,9/06/2019,Delhi,Cochin,DEL → BLR → COK,02:00,07:45,5h 45m,1 stop,No info,6386
IndiGo,24/06/2019,Banglore,Delhi,BLR → DEL,06:05,08:50,2h 45m,non-stop,No info,3943
IndiGo,9/06/2019,Delhi,Cochin,DEL → HYD → COK,07:35,22:30,14h 55m,1 stop,No info,6442
Jet Airways,18/05/2019,Kolkata,Banglore,CCU → BOM → BLR,14:05,16:20 19 May,26h 15m,1 stop,In-flight meal not included,10844
Multiple carriers,27/05/2019,Delhi,Cochin,DEL → HYD → COK,13:15,22:30,9h 15m,1 stop,No info,9646
Multiple carriers,1/06/2019,Delhi,Cochin,DEL → BOM → COK,13:00,19:15,6h 15m,1 stop,No info,16108
Jet Airways,15/05/2019,Banglore,Delhi,BLR → DEL,07:10,10:10,3h,non-stop,In-flight meal not included,5198
GoAir,6/06/2019,Banglore,Delhi,BLR → DEL,07:45,10:40,2h 55m,non-stop,No info,3898
Jet Airways,12/06/2019,Banglore,Delhi,BLR → DEL,15:15,18:10,2h 55m,non-stop,In-flight meal not included,5769
Jet Airways,15/06/2019,Delhi,Cochin,DEL → JDH → BOM → COK,11:40,19:00,7h 20m,2 stops,In-flight meal not included,15812
SpiceJet,24/03/2019,Banglore,New Delhi,BLR → DEL,09:35,12:30,2h 55m,non-stop,No info,3925
Jet Airways,12/06/2019,Kolkata,Banglore,CCU → DEL → BLR,20:25,18:00 13 Jun,21h 35m,1 stop,No info,12692
Vistara,27/05/2019,Delhi,Cochin,DEL → COK,14:40,17:50,3h 10m,non-stop,No info,6216
Jet Airways,15/03/2019,Banglore,New Delhi,BLR → MAA → DEL,09:45,14:25,4h 40m,1 stop,No info,8578
Multiple carriers,1/06/2019,Delhi,Cochin,DEL → BOM → COK,07:05,21:00,13h 55m,1 stop,In-flight meal not included,10406
Jet Airways,6/06/2019,Delhi,Cochin,DEL → BOM → COK,17:30,04:25 07 Jun,10h 55m,1 stop,In-flight meal not included,10262
Jet Airways,12/06/2019,Kolkata,Banglore,CCU → BOM → BLR,16:30,19:50 13 Jun,27h 20m,1 stop,In-flight meal not included,8529
Jet Airways,18/05/2019,Kolkata,Banglore,CCU → BOM → BLR,05:45,12:00,6h 15m,1 stop,In-flight meal not included,8586
IndiGo,12/05/2019,Banglore,Delhi,BLR → DEL,01:30,04:15,2h 45m,non-stop,No info,3943
IndiGo,18/05/2019,Banglore,Delhi,BLR → DEL,07:10,10:05,2h 55m,non-stop,No info,4823
Air India,18/05/2019,Delhi,Cochin,DEL → MAA → COK,17:20,09:25 19 May,16h 5m,1 stop,No info,7690
Air India,6/05/2019,Kolkata,Banglore,CCU → GAU → DEL → BLR,09:50,08:55 07 May,23h 5m,2 stops,No info,13227
Multiple carriers,27/06/2019,Delhi,Cochin,DEL → HYD → COK,07:05,16:10,9h 5m,1 stop,No info,9646
Jet Airways,15/05/2019,Kolkata,Banglore,CCU → DEL → BLR,09:35,22:05,12h 30m,1 stop,No info,12121
IndiGo,9/06/2019,Delhi,Cochin,DEL → BOM → COK,10:35,21:00,10h 25m,1 stop,No info,6314
Multiple carriers,27/06/2019,Delhi,Cochin,DEL → BOM → COK,07:30,19:00,11h 30m,1 stop,No info,10877
Jet Airways,18/03/2019,Banglore,New Delhi,BLR → BOM → DEL,11:40,23:00,11h 20m,1 stop,No info,13555
IndiGo,21/03/2019,Delhi,Cochin,DEL → HYD → COK,14:20,22:20,8h,1 stop,No info,6528
IndiGo,1/03/2019,Mumbai,Hyderabad,BOM → HYD,02:30,04:00,1h 30m,non-stop,No info,16000
SpiceJet,21/03/2019,Kolkata,Banglore,CCU → BLR,09:00,11:30,2h 30m,non-stop,No check-in baggage included,3815
IndiGo,3/04/2019,Banglore,Delhi,BLR → DEL,06:05,08:50,2h 45m,non-stop,No info,4077
Vistara,1/06/2019,Banglore,Delhi,BLR → DEL,19:30,22:15,2h 45m,non-stop,No info,4878
Multiple carriers,12/06/2019,Delhi,Cochin,DEL → BOM → COK,19:00,01:30 13 Jun,6h 30m,1 stop,No info,7198
Jet Airways,6/06/2019,Delhi,Cochin,DEL → BOM → COK,19:45,04:25 07 Jun,8h 40m,1 stop,No info,14714
Jet Airways,3/06/2019,Delhi,Cochin,DEL → BOM → COK,13:00,19:00,6h,1 stop,No info,14714
Vistara,9/05/2019,Kolkata,Banglore,CCU → DEL → BLR,20:20,10:45 10 May,14h 25m,1 stop,No info,8452
Jet Airways,15/06/2019,Delhi,Cochin,DEL → NAG → BOM → COK,14:35,12:35 16 Jun,22h,2 stops,In-flight meal not included,10919
Air India,15/05/2019,Kolkata,Banglore,CCU → BOM → BLR,09:25,21:50,12h 25m,1 stop,No info,8366
Vistara,18/06/2019,Chennai,Kolkata,MAA → CCU,07:05,09:20,2h 15m,non-stop,No info,3687
Jet Airways,15/06/2019,Delhi,Cochin,DEL → COK,11:00,14:15,3h 15m,non-stop,In-flight meal not included,7202
Jet Airways,12/05/2019,Kolkata,Banglore,CCU → DEL → BLR,20:25,18:00 13 May,21h 35m,1 stop,No info,14151
Jet Airways,1/04/2019,Kolkata,Banglore,CCU → BOM → BLR,14:05,22:35,8h 30m,1 stop,No info,13364
Jet Airways,18/05/2019,Kolkata,Banglore,CCU → DEL → BLR,09:35,10:55 19 May,25h 20m,1 stop,No info,14151
IndiGo,27/05/2019,Delhi,Cochin,DEL → COK,21:05,00:20 28 May,3h 15m,non-stop,No info,5601
Jet Airways,6/06/2019,Kolkata,Banglore,CCU → BOM → BLR,14:05,20:45,6h 40m,1 stop,No info,14571
IndiGo,9/05/2019,Delhi,Cochin,DEL → COK,14:25,17:40,3h 15m,non-stop,No info,6015
Jet Airways,9/06/2019,Kolkata,Banglore,CCU → BOM → BLR,06:30,23:35,17h 5m,1 stop,No info,14571
Multiple carriers,6/03/2019,Delhi,Cochin,DEL → BOM → COK,07:00,18:50,11h 50m,1 stop,No info,15867
Jet Airways,6/06/2019,Kolkata,Banglore,CCU → DEL → BLR,17:00,18:00 07 Jun,25h,1 stop,In-flight meal not included,10539
Air India,21/05/2019,Kolkata,Banglore,CCU → BOM → GOI → BLR,09:25,05:35 22 May,20h 10m,2 stops,No info,11432
SpiceJet,27/04/2019,Kolkata,Banglore,CCU → BLR,22:20,00:40 28 Apr,2h 20m,non-stop,No info,3873
Jet Airways,12/03/2019,Banglore,New Delhi,BLR → BOM → DEL,16:55,07:40 13 Mar,14h 45m,1 stop,No info,13817
Air India,9/03/2019,Delhi,Cochin,DEL → BHO → BOM → COK,20:00,19:15 10 Mar,23h 15m,2 stops,No info,16111
IndiGo,1/06/2019,Delhi,Cochin,DEL → HYD → COK,06:50,16:10,9h 20m,1 stop,No info,6442
IndiGo,9/03/2019,Delhi,Cochin,DEL → LKO → COK,05:35,10:10,4h 35m,1 stop,No info,9476
Multiple carriers,21/03/2019,Delhi,Cochin,DEL → BOM → COK,07:05,21:00,13h 55m,1 stop,No info,13062
Air India,24/03/2019,Kolkata,Banglore,CCU → MAA → BLR,14:35,14:35 25 Mar,24h,1 stop,No info,6241
Jet Airways,12/06/2019,Delhi,Cochin,DEL → BOM → COK,11:30,04:25 13 Jun,16h 55m,1 stop,In-flight meal not included,10262
Jet Airways,3/06/2019,Delhi,Cochin,DEL → BOM → COK,17:30,19:00 04 Jun,25h 30m,1 stop,No info,14714
Jet Airways,6/06/2019,Kolkata,Banglore,CCU → BOM → BLR,18:55,19:50 07 Jun,24h 55m,1 stop,No info,14571
SpiceJet,18/05/2019,Chennai,Kolkata,MAA → CCU,09:45,12:00,2h 15m,non-stop,No check-in baggage included,3543
Jet Airways,6/05/2019,Kolkata,Banglore,CCU → BOM → BLR,20:00,09:20 07 May,13h 20m,1 stop,In-flight meal not included,9663
Jet Airways,3/06/2019,Delhi,Cochin,DEL → IDR → BOM → COK,21:25,12:35 04 Jun,15h 10m,2 stops,In-flight meal not included,11507
IndiGo,9/03/2019,Delhi,Cochin,DEL → HYD → COK,04:55,12:00,7h 5m,1 stop,No info,6171
IndiGo,12/06/2019,Kolkata,Banglore,CCU → BBI → BLR,07:10,12:40,5h 30m,1 stop,No info,4864
IndiGo,27/03/2019,Delhi,Cochin,DEL → COK,14:30,17:35,3h 5m,non-stop,No info,4729
IndiGo,15/04/2019,Kolkata,Banglore,CCU → HYD → BLR,19:20,23:45,4h 25m,1 stop,No info,3809
Jet Airways,1/05/2019,Kolkata,Banglore,CCU → DEL → BLR,09:35,19:10,9h 35m,1 stop,No info,11467
Multiple carriers,27/05/2019,Delhi,Cochin,DEL → BOM → COK,07:30,19:15,11h 45m,1 stop,No info,8837
Jet Airways,6/06/2019,Delhi,Cochin,DEL → BOM → COK,15:00,04:25 07 Jun,13h 25m,1 stop,No info,14714
Air India,3/03/2019,Delhi,Cochin,DEL → HYD → BOM → COK,07:05,19:15 04 Mar,36h 10m,2 stops,No info,11762
Jet Airways,3/04/2019,Banglore,Delhi,BLR → DEL,08:20,11:20,3h,non-stop,In-flight meal not included,4544
Air India,6/06/2019,Delhi,Cochin,DEL → BOM → COK,09:00,19:15,10h 15m,1 stop,No info,8372
Jet Airways,18/05/2019,Delhi,Cochin,DEL → AMD → BOM → COK,23:05,12:35 19 May,13h 30m,2 stops,No info,15129
Multiple carriers,9/05/2019,Delhi,Cochin,DEL → BOM → COK,09:00,19:15,10h 15m,1 stop,No info,14323
Jet Airways,1/06/2019,Banglore,Delhi,BLR → DEL,17:45,20:45,3h,non-stop,In-flight meal not included,7229
Vistara,12/06/2019,Kolkata,Banglore,CCU → DEL → BLR,20:20,22:40 13 Jun,26h 20m,1 stop,No info,7927
Jet Airways,12/06/2019,Banglore,Delhi,BLR → DEL,18:55,22:00,3h 5m,non-stop,No info,8016
Jet Airways,6/05/2019,Kolkata,Banglore,CCU → BOM → BLR,14:05,19:50,5h 45m,1 stop,In-flight meal not included,10844
SpiceJet,09/03/2019,Banglore,New Delhi,BLR → DEL,20:30,23:20,2h 50m,non-stop,No info,6205
Jet Airways,15/04/2019,Banglore,Delhi,BLR → DEL,17:45,20:45,3h,non-stop,No info,7229
Air India,24/04/2019,Delhi,Cochin,DEL → COK,05:10,08:00,2h 50m,non-stop,No info,5201
Jet Airways,1/06/2019,Delhi,Cochin,DEL → BOM → COK,15:00,04:25 02 Jun,13h 25m,1 stop,No info,14714
Jet Airways,18/05/2019,Delhi,Cochin,DEL → BOM → COK,11:30,12:35 19 May,25h 5m,1 stop,In-flight meal not included,12373
Jet Airways,9/05/2019,Kolkata,Banglore,CCU → BOM → BLR,08:25,04:40 10 May,20h 15m,1 stop,In-flight meal not included,8586
Jet Airways,9/05/2019,Kolkata,Banglore,CCU → DEL → BLR,09:35,23:35,14h,1 stop,No info,12121
Air India,18/03/2019,Banglore,New Delhi,BLR → DEL,17:00,19:45,2h 45m,non-stop,No info,11633
Air India,15/04/2019,Banglore,Delhi,BLR → DEL,13:20,16:10,2h 50m,non-stop,No info,5228
Air India,24/03/2019,Delhi,Cochin,DEL → BOM → COK,04:00,07:40 25 Mar,27h 40m,1 stop,No info,8635
IndiGo,21/05/2019,Kolkata,Banglore,CCU → BLR,21:25,00:05 22 May,2h 40m,non-stop,No info,4804
Jet Airways,15/06/2019,Delhi,Cochin,DEL → NAG → BOM → COK,14:35,12:35 16 Jun,22h,2 stops,In-flight meal not included,10919
SpiceJet,1/04/2019,Kolkata,Banglore,CCU → IXB → BLR,15:55,21:25,5h 30m,1 stop,No info,7646
Jet Airways,12/06/2019,Kolkata,Banglore,CCU → BOM → BLR,06:30,16:20,9h 50m,1 stop,In-flight meal not included,9899
Jet Airways,12/05/2019,Kolkata,Banglore,CCU → BOM → BLR,06:30,12:00,5h 30m,1 stop,In-flight meal not included,8586
Air India,24/05/2019,Kolkata,Banglore,CCU → DEL → BLR,07:00,20:25,13h 25m,1 stop,No info,10413
Air India,24/06/2019,Delhi,Cochin,DEL → COK,14:10,17:10,3h,non-stop,No info,5201
SpiceJet,1/05/2019,Chennai,Kolkata,MAA → CCU,09:45,12:00,2h 15m,non-stop,No check-in baggage included,3543
Jet Airways,12/05/2019,Kolkata,Banglore,CCU → DEL → BLR,09:35,09:45 13 May,24h 10m,1 stop,No info,14151
Jet Airways,21/03/2019,Delhi,Cochin,DEL → BOM → COK,15:00,18:50 22 Mar,27h 50m,1 stop,No info,12767
Multiple carriers,27/05/2019,Delhi,Cochin,DEL → BOM → COK,07:30,21:00,13h 30m,1 stop,No info,8475
Jet Airways,3/06/2019,Banglore,Delhi,BLR → DEL,18:55,22:00,3h 5m,non-stop,No info,8016
IndiGo,18/06/2019,Delhi,Cochin,DEL → COK,05:35,08:50,3h 15m,non-stop,No info,5000
Multiple carriers,6/06/2019,Delhi,Cochin,DEL → BOM → COK,10:00,19:00,9h,1 stop,No info,12717
Jet Airways,27/03/2019,Delhi,Cochin,DEL → AMD → BOM → COK,19:10,04:25 29 Mar,33h 15m,2 stops,No info,10929
Multiple carriers,9/03/2019,Delhi,Cochin,DEL → BOM → COK,08:00,19:45,11h 45m,1 stop,No info,16287
Air Asia,9/05/2019,Kolkata,Banglore,CCU → BBI → BLR,06:50,10:30,3h 40m,1 stop,No info,5162
Jet Airways,15/03/2019,Mumbai,Hyderabad,BOM → HYD,02:55,04:25,1h 30m,non-stop,In-flight meal not included,2071
Multiple carriers,27/05/2019,Delhi,Cochin,DEL → BOM → COK,07:30,19:00,11h 30m,1 stop,No info,11264
SpiceJet,18/03/2019,Kolkata,Banglore,CCU → BLR,06:55,09:35,2h 40m,non-stop,No check-in baggage included,4413
Air India,27/06/2019,Delhi,Cochin,DEL → CCU → BOM → COK,06:50,07:40 28 Jun,24h 50m,2 stops,No info,14431
IndiGo,12/05/2019,Delhi,Cochin,DEL → COK,14:25,17:40,3h 15m,non-stop,No info,5000
Jet Airways,6/04/2019,Delhi,Cochin,DEL → COK,11:00,14:15,3h 15m,non-stop,In-flight meal not included,4886
Jet Airways,3/06/2019,Delhi,Cochin,DEL → BOM → COK,17:30,19:00 04 Jun,25h 30m,1 stop,In-flight meal not included,10262
Air India,6/03/2019,Mumbai,Hyderabad,BOM → GOI → PNQ → HYD,16:50,16:55,5m,2 stops,No info,17327
Jet Airways,6/06/2019,Delhi,Cochin,DEL → BOM → COK,19:45,04:25 07 Jun,8h 40m,1 stop,In-flight meal not included,10262
Jet Airways,9/06/2019,Kolkata,Banglore,CCU → DEL → BLR,09:35,22:05,12h 30m,1 stop,No info,14676
Jet Airways,21/06/2019,Banglore,Delhi,BLR → DEL,11:10,14:05,2h 55m,non-stop,No info,8016
SpiceJet,9/06/2019,Mumbai,Hyderabad,BOM → HYD,13:15,14:45,1h 30m,non-stop,No info,2227
Jet Airways,1/05/2019,Kolkata,Banglore,CCU → BOM → BLR,14:05,23:35,9h 30m,1 stop,No info,14781
Air India,24/03/2019,Banglore,New Delhi,BLR → DEL,13:20,16:10,2h 50m,non-stop,No info,7276
Air India,27/06/2019,Delhi,Cochin,DEL → BOM → COK,13:00,19:15,6h 15m,1 stop,No info,8372
Multiple carriers,9/05/2019,Delhi,Cochin,DEL → BOM → COK,13:00,19:15,6h 15m,1 stop,No info,14323
Vistara,27/06/2019,Delhi,Cochin,DEL → COK,14:40,17:50,3h 10m,non-stop,No info,6216
Jet Airways,12/05/2019,Kolkata,Banglore,CCU → BOM → BLR,20:00,10:05 13 May,14h 5m,1 stop,In-flight meal not included,8586
Air India,1/04/2019,Kolkata,Banglore,CCU → DEL → BLR,17:30,08:55 02 Apr,15h 25m,1 stop,No info,7893
IndiGo,1/04/2019,Banglore,Delhi,BLR → DEL,10:10,13:00,2h 50m,non-stop,No info,3943
Jet Airways,12/06/2019,Delhi,Cochin,DEL → IDR → BOM → COK,09:35,04:25 13 Jun,18h 50m,2 stops,No info,13292
IndiGo,9/05/2019,Kolkata,Banglore,CCU → NAG → BLR,18:05,23:30,5h 25m,1 stop,No info,6218
IndiGo,18/04/2019,Banglore,Delhi,BLR → DEL,18:55,21:50,2h 55m,non-stop,No info,5780
IndiGo,3/06/2019,Kolkata,Banglore,CCU → BLR,20:25,23:10,2h 45m,non-stop,No info,4804
Air India,9/06/2019,Kolkata,Banglore,CCU → BBI → BLR,09:10,13:15,4h 5m,1 stop,No info,8996
Jet Airways,21/05/2019,Delhi,Cochin,DEL → BOM → COK,21:50,19:00 22 May,21h 10m,1 stop,No info,16079
IndiGo,1/05/2019,Kolkata,Banglore,CCU → PAT → BLR,09:20,14:15,4h 55m,1 stop,No info,8443
Jet Airways,9/05/2019,Kolkata,Banglore,CCU → BOM → BLR,21:10,10:05 10 May,12h 55m,1 stop,In-flight meal not included,9663
Jet Airways,9/06/2019,Delhi,Cochin,DEL → BOM → COK,14:00,19:00,5h,1 stop,No info,14714
Multiple carriers,6/06/2019,Delhi,Cochin,DEL → BOM → COK,07:30,19:00,11h 30m,1 stop,No info,12524
Vistara,15/06/2019,Chennai,Kolkata,MAA → CCU,17:45,20:05,2h 20m,non-stop,No info,11982
Jet Airways,3/06/2019,Delhi,Cochin,DEL → BOM → COK,20:55,04:25 04 Jun,7h 30m,1 stop,No info,14714
Jet Airways,21/03/2019,Delhi,Cochin,DEL → BOM → COK,08:00,04:25 22 Mar,20h 25m,1 stop,In-flight meal not included,6540
Multiple carriers,1/06/2019,Delhi,Cochin,DEL → BOM → COK,11:40,19:00,7h 20m,1 stop,No info,12524
Jet Airways,9/03/2019,Delhi,Cochin,DEL → BOM → COK,17:25,04:25 10 Mar,11h,1 stop,In-flight meal not included,11848
Air India,21/04/2019,Delhi,Cochin,DEL → COK,14:10,17:10,3h,non-stop,No info,6934
IndiGo,21/03/2019,Delhi,Cochin,DEL → BOM → COK,07:30,13:20,5h 50m,1 stop,No info,9861
Jet Airways,1/06/2019,Delhi,Cochin,DEL → BOM → COK,08:00,19:00,11h,1 stop,No info,14714
Air India,12/05/2019,Kolkata,Banglore,CCU → BBI → BOM → BLR,12:00,11:10 13 May,23h 10m,2 stops,No info,10676
Multiple carriers,3/06/2019,Delhi,Cochin,DEL → BOM → COK,09:00,19:00,10h,1 stop,No info,13714
Air India,27/03/2019,Delhi,Cochin,DEL → AMD → BOM → COK,05:00,19:15 28 Mar,38h 15m,2 stops,No info,8026
Jet Airways,9/03/2019,Delhi,Cochin,DEL → BOM → COK,02:15,19:45,17h 30m,1 stop,In-flight meal not included,13843
Jet Airways,18/03/2019,Banglore,New Delhi,BLR → BOM → DEL,18:40,07:40 16 Mar,13h,1 stop,In-flight meal not included,10972
Air Asia,6/06/2019,Kolkata,Banglore,CCU → BLR,10:20,12:55,2h 35m,non-stop,No info,4508
Jet Airways,9/05/2019,Kolkata,Banglore,CCU → BOM → BLR,16:30,10:05 10 May,17h 35m,1 stop,No info,13941
Air India,03/03/2019,Banglore,New Delhi,BLR → BOM → NAG → DEL,06:45,10:35 07 Mar,27h 50m,2 stops,No info,12358
IndiGo,21/05/2019,Delhi,Cochin,DEL → BOM → COK,17:10,01:30 22 May,8h 20m,1 stop,No info,6794
Jet Airways,1/04/2019,Kolkata,Banglore,CCU → BOM → BLR,16:30,19:50 02 Apr,27h 20m,1 stop,In-flight meal not included,7064
IndiGo,24/06/2019,Delhi,Cochin,DEL → PNQ → COK,23:30,04:35 25 Jun,5h 5m,1 stop,No info,9165
Jet Airways,06/03/2019,Banglore,New Delhi,BLR → BOM → DEL,11:40,09:30 07 Mar,21h 50m,1 stop,No info,17261
Jet Airways,6/06/2019,Delhi,Cochin,DEL → BOM → COK,10:00,04:25 07 Jun,18h 25m,1 stop,No info,14714
IndiGo,9/05/2019,Mumbai,Hyderabad,BOM → HYD,19:05,20:35,1h 30m,non-stop,No info,4392
Vistara,15/03/2019,Banglore,New Delhi,BLR → AMD → DEL,06:40,12:35,5h 55m,1 stop,No info,6800
Air India,3/06/2019,Delhi,Cochin,DEL → BOM → COK,19:00,07:40 04 Jun,12h 40m,1 stop,No info,8372
Air India,1/05/2019,Delhi,Cochin,DEL → MAA → COK,20:40,09:25 02 May,12h 45m,1 stop,No info,7480
IndiGo,27/03/2019,Delhi,Cochin,DEL → BOM → COK,18:35,01:35 28 Mar,7h,1 stop,No info,8574
Jet Airways,01/03/2019,Banglore,New Delhi,BLR → BOM → DEL,08:00,18:25,10h 25m,1 stop,No info,26890
Vistara,1/04/2019,Banglore,Delhi,BLR → DEL,11:30,14:20,2h 50m,non-stop,No info,5403
Vistara,03/03/2019,Banglore,New Delhi,BLR → DEL,07:00,09:40,2h 40m,non-stop,No info,8028
Multiple carriers,24/06/2019,Delhi,Cochin,DEL → IXU → BOM → COK,17:50,01:30 25 Jun,7h 40m,2 stops,No info,18275
IndiGo,18/03/2019,Chennai,Kolkata,MAA → CCU,22:05,00:25 19 Mar,2h 20m,non-stop,No info,5277
SpiceJet,03/03/2019,Banglore,New Delhi,BLR → DEL,20:30,23:20,2h 50m,non-stop,No info,6860
Jet Airways,27/05/2019,Delhi,Cochin,DEL → BOM → COK,17:30,19:00 28 May,25h 30m,1 stop,No info,16079
Jet Airways,24/06/2019,Delhi,Cochin,DEL → AMD → BOM → COK,23:05,04:25 26 Jun,29h 20m,2 stops,No info,12819
GoAir,18/05/2019,Kolkata,Banglore,CCU → AMD → BLR,16:40,00:15 19 May,7h 35m,1 stop,No info,10586
SpiceJet,6/04/2019,Banglore,Delhi,BLR → DEL,09:30,12:20,2h 50m,non-stop,No info,4423
SpiceJet,15/06/2019,Banglore,Delhi,BLR → DEL,21:10,00:05 16 Jun,2h 55m,non-stop,No check-in baggage included,3919
Multiple carriers,27/06/2019,Delhi,Cochin,DEL → BOM → COK,11:40,21:00,9h 20m,1 stop,In-flight meal not included,6007
IndiGo,18/05/2019,Kolkata,Banglore,CCU → BLR,09:35,12:20,2h 45m,non-stop,No info,4804
Jet Airways,24/03/2019,Kolkata,Banglore,CCU → BOM → BLR,06:30,18:10,11h 40m,1 stop,No info,13759
Jet Airways,21/05/2019,Delhi,Cochin,DEL → AMD → BOM → COK,23:05,19:00 22 May,19h 55m,2 stops,No info,15129
IndiGo,3/03/2019,Delhi,Cochin,DEL → BOM → COK,17:30,01:35 04 Mar,8h 5m,1 stop,No info,14871
Air India,27/06/2019,Delhi,Cochin,DEL → HYD → BOM → COK,13:15,07:40 28 Jun,18h 25m,2 stops,No info,13547
IndiGo,3/06/2019,Delhi,Cochin,DEL → LKO → COK,21:50,03:35 04 Jun,5h 45m,1 stop,No info,7189
Vistara,12/05/2019,Kolkata,Banglore,CCU → DEL → BLR,20:20,20:20 13 May,24h,1 stop,No info,8610
Jet Airways,21/03/2019,Banglore,New Delhi,BLR → BOM → DEL,08:00,07:40 19 Mar,23h 40m,1 stop,In-flight meal not included,7832
SpiceJet,24/03/2019,Chennai,Kolkata,MAA → CCU,09:30,12:05,2h 35m,non-stop,No info,3859
Jet Airways,24/05/2019,Kolkata,Banglore,CCU → DEL → BLR,17:00,14:25 25 May,21h 25m,1 stop,No info,12121
Air India,27/05/2019,Delhi,Cochin,DEL → JAI → BOM → COK,12:00,19:15,7h 15m,2 stops,No info,9653
IndiGo,27/04/2019,Banglore,Delhi,BLR → DEL,18:55,21:50,2h 55m,non-stop,No info,4823
IndiGo,3/06/2019,Banglore,Delhi,BLR → DEL,07:10,10:05,2h 55m,non-stop,No info,4823
Air India,12/03/2019,Mumbai,Hyderabad,BOM → AMD → ISK → HYD,05:30,14:50,9h 20m,2 stops,No info,11342
Air Asia,12/06/2019,Banglore,Delhi,BLR → DEL,11:10,13:55,2h 45m,non-stop,No info,3383
Air India,15/05/2019,Kolkata,Banglore,CCU → BOM → AMD → BLR,09:25,05:25 16 May,20h,2 stops,No info,14687
Air India,24/05/2019,Kolkata,Banglore,CCU → DEL → COK → BLR,07:00,01:20 25 May,18h 20m,2 stops,No info,14083
Jet Airways,24/03/2019,Banglore,New Delhi,BLR → DEL,19:55,22:35,2h 40m,non-stop,No info,7229
Vistara,6/05/2019,Banglore,Delhi,BLR → DEL,11:30,14:20,2h 50m,non-stop,No info,4668
Jet Airways,24/03/2019,Kolkata,Banglore,CCU → BOM → BLR,13:55,09:15 25 Mar,19h 20m,1 stop,No info,14231
IndiGo,24/03/2019,Banglore,New Delhi,BLR → DEL,18:25,21:20,2h 55m,non-stop,No info,7303
IndiGo,15/06/2019,Kolkata,Banglore,CCU → BLR,15:15,17:45,2h 30m,non-stop,No info,4804
Jet Airways,6/05/2019,Banglore,Delhi,BLR → DEL,06:00,08:45,2h 45m,non-stop,No info,7229
Air India,3/03/2019,Delhi,Cochin,DEL → HYD → MAA → COK,09:45,09:25 04 Mar,23h 40m,2 stops,No info,12760
Multiple carriers,15/06/2019,Delhi,Cochin,DEL → BOM → COK,10:20,19:00,8h 40m,1 stop,No info,11789
Vistara,24/03/2019,Banglore,New Delhi,BLR → DEL,16:00,18:35,2h 35m,non-stop,No info,11913
Jet Airways,9/05/2019,Delhi,Cochin,DEL → BOM → COK,20:55,04:25 10 May,7h 30m,1 stop,No info,15554
SpiceJet,24/03/2019,Kolkata,Banglore,CCU → BLR,22:20,00:40 25 Mar,2h 20m,non-stop,No info,5831
IndiGo,24/04/2019,Banglore,Delhi,BLR → DEL,22:10,01:00 25 Apr,2h 50m,non-stop,No info,3625
IndiGo,27/03/2019,Kolkata,Banglore,CCU → BLR,22:10,00:55 28 Mar,2h 45m,non-stop,No info,4148
Jet Airways,9/05/2019,Kolkata,Banglore,CCU → BOM → BLR,06:30,19:50,13h 20m,1 stop,In-flight meal not included,10844
Jet Airways,18/03/2019,Banglore,New Delhi,BLR → BOM → DEL,07:00,16:10,9h 10m,1 stop,No info,12284
Air India,18/03/2019,Banglore,New Delhi,BLR → GAU → DEL,13:50,18:40 16 Mar,28h 50m,1 stop,No info,11161
Jet Airways,27/05/2019,Delhi,Cochin,DEL → BOM → COK,07:05,19:00,11h 55m,1 stop,No info,16289
Jet Airways,12/05/2019,Banglore,Delhi,BLR → DEL,06:00,08:45,2h 45m,non-stop,In-flight meal not included,5198
Jet Airways,21/03/2019,Delhi,Cochin,DEL → AMD → BOM → COK,19:10,04:25 23 Mar,33h 15m,2 stops,In-flight meal not included,8834
SpiceJet,01/03/2019,Banglore,New Delhi,BLR → DEL,09:35,12:30,2h 55m,non-stop,No info,11690
Multiple carriers,1/03/2019,Delhi,Cochin,DEL → HYD → COK,14:35,22:20,7h 45m,1 stop,No info,14762
Jet Airways,24/03/2019,Kolkata,Banglore,CCU → BOM → BLR,13:55,16:20 25 Mar,26h 25m,1 stop,In-flight meal not included,10031
GoAir,1/06/2019,Delhi,Cochin,DEL → AMD → COK,07:25,13:35,6h 10m,1 stop,No info,6393
Jet Airways,15/06/2019,Delhi,Cochin,DEL → NAG → BOM → COK,14:35,04:25 16 Jun,13h 50m,2 stops,In-flight meal not included,10919
GoAir,6/04/2019,Delhi,Cochin,DEL → BOM → COK,10:35,19:35,9h,1 stop,No info,5135
IndiGo,21/04/2019,Banglore,Delhi,BLR → DEL,04:00,06:50,2h 50m,non-stop,No info,4423
Air India,3/03/2019,Delhi,Cochin,DEL → BHO → BOM → COK,05:55,19:15 04 Mar,37h 20m,2 stops,No info,13748
Jet Airways,18/05/2019,Kolkata,Banglore,CCU → BOM → BLR,18:55,04:40 19 May,9h 45m,1 stop,No info,13941
IndiGo,3/06/2019,Delhi,Cochin,DEL → COK,05:35,08:50,3h 15m,non-stop,No info,5601
IndiGo,1/05/2019,Chennai,Kolkata,MAA → CCU,07:55,10:15,2h 20m,non-stop,No info,3850
Jet Airways,9/05/2019,Delhi,Cochin,DEL → BOM → COK,19:15,19:00 10 May,23h 45m,1 stop,In-flight meal not included,12373
Air India,6/06/2019,Delhi,Cochin,DEL → AMD → BOM → COK,16:40,19:15 07 Jun,26h 35m,2 stops,No info,9653
Air India,6/06/2019,Delhi,Cochin,DEL → UDR → BOM → COK,13:20,19:15 07 Jun,29h 55m,2 stops,No info,12961
Air India,6/06/2019,Mumbai,Hyderabad,BOM → HYD,13:55,15:25,1h 30m,non-stop,No info,3625
Jet Airways,9/06/2019,Kolkata,Banglore,CCU → DEL → BLR,20:25,18:00 10 Jun,21h 35m,1 stop,No info,13401
IndiGo,3/05/2019,Chennai,Kolkata,MAA → CCU,07:55,10:15,2h 20m,non-stop,No info,3850
Jet Airways,06/03/2019,Banglore,New Delhi,BLR → BOM → DEL,21:25,21:20 07 Mar,23h 55m,1 stop,No info,17471
Multiple carriers,6/03/2019,Delhi,Cochin,DEL → HYD → MAA → COK,07:10,21:20,14h 10m,2 stops,In-flight meal not included,7731
Multiple carriers,6/05/2019,Delhi,Cochin,DEL → BOM → COK,07:30,19:00,11h 30m,1 stop,No info,10529
Jet Airways,9/06/2019,Delhi,Cochin,DEL → BOM → COK,08:00,04:25 10 Jun,20h 25m,1 stop,In-flight meal not included,10262
IndiGo,15/05/2019,Banglore,Delhi,BLR → DEL,10:10,13:00,2h 50m,non-stop,No info,3943
IndiGo,18/05/2019,Kolkata,Banglore,CCU → BLR,15:15,17:45,2h 30m,non-stop,No info,4804
Vistara,6/03/2019,Mumbai,Hyderabad,BOM → DEL → HYD,20:55,16:45 07 Mar,19h 50m,1 stop,No info,12395
GoAir,9/05/2019,Delhi,Cochin,DEL → AMD → COK,07:25,13:35,6h 10m,1 stop,No info,5842
Air India,21/03/2019,Banglore,New Delhi,BLR → HYD → DEL,08:15,18:30,10h 15m,1 stop,No info,4943
IndiGo,18/04/2019,Banglore,Delhi,BLR → DEL,20:00,22:50,2h 50m,non-stop,No info,4823
Multiple carriers,27/06/2019,Delhi,Cochin,DEL → BOM → COK,13:00,19:15,6h 15m,1 stop,No info,14848
Jet Airways,21/03/2019,Banglore,New Delhi,BLR → BOM → DEL,16:55,10:25 19 Mar,17h 30m,1 stop,In-flight meal not included,7832
Jet Airways,6/06/2019,Kolkata,Banglore,CCU → DEL → BLR,20:25,14:25 07 Jun,18h,1 stop,In-flight meal not included,10539
Multiple carriers,6/03/2019,Delhi,Cochin,DEL → BOM → COK,07:05,13:20,6h 15m,1 stop,No info,17267
Jet Airways,1/06/2019,Banglore,Delhi,BLR → DEL,11:10,14:05,2h 55m,non-stop,In-flight meal not included,7229
SpiceJet,18/05/2019,Kolkata,Banglore,CCU → BLR,14:55,17:25,2h 30m,non-stop,No info,4174
IndiGo,21/03/2019,Delhi,Cochin,DEL → BOM → COK,07:30,15:30,8h,1 stop,No info,10208
Vistara,12/04/2019,Banglore,Delhi,BLR → DEL,07:00,09:40,2h 40m,non-stop,No info,5403
Jet Airways,27/03/2019,Delhi,Cochin,DEL → BOM → COK,20:50,19:45 28 Mar,22h 55m,1 stop,No info,12032
SpiceJet,24/05/2019,Kolkata,Banglore,CCU → BLR,06:55,09:30,2h 35m,non-stop,No check-in baggage included,3841
Air India,6/05/2019,Kolkata,Banglore,CCU → BBI → HYD → BLR,09:10,04:40 07 May,19h 30m,2 stops,No info,6117
GoAir,09/03/2019,Banglore,New Delhi,BLR → DEL,07:45,10:40,2h 55m,non-stop,No info,7631
Jet Airways,1/06/2019,Banglore,Delhi,BLR → DEL,15:15,18:10,2h 55m,non-stop,In-flight meal not included,7229
Air India,1/06/2019,Delhi,Cochin,DEL → BOM → COK,21:00,19:15 02 Jun,22h 15m,1 stop,No info,8582
IndiGo,27/05/2019,Kolkata,Banglore,CCU → BLR,09:35,12:20,2h 45m,non-stop,No info,4804
Multiple carriers,18/05/2019,Delhi,Cochin,DEL → BOM → COK,06:40,19:15,12h 35m,1 stop,No info,7564
IndiGo,15/05/2019,Kolkata,Banglore,CCU → PNQ → BLR,21:00,02:15 16 May,5h 15m,1 stop,No info,7228
IndiGo,12/06/2019,Chennai,Kolkata,MAA → CCU,14:45,17:05,2h 20m,non-stop,No info,3597
Jet Airways,24/05/2019,Kolkata,Banglore,CCU → BOM → BLR,21:10,10:05 25 May,12h 55m,1 stop,In-flight meal not included,9663
Multiple carriers,27/03/2019,Delhi,Cochin,DEL → BOM → COK,13:00,01:35 28 Mar,12h 35m,1 stop,No info,12327
Jet Airways,21/05/2019,Kolkata,Banglore,CCU → BOM → BLR,20:00,08:15 22 May,12h 15m,1 stop,No info,14781
Multiple carriers,9/05/2019,Delhi,Cochin,DEL → BOM → COK,13:00,01:30 10 May,12h 30m,1 stop,No info,15078
Air Asia,6/06/2019,Kolkata,Banglore,CCU → DEL → BLR,07:35,23:30,15h 55m,1 stop,No info,6810
Air India,6/03/2019,Chennai,Kolkata,MAA → CCU,11:40,13:55,2h 15m,non-stop,No info,9340
Jet Airways,6/05/2019,Mumbai,Hyderabad,BOM → HYD,02:55,04:20,1h 25m,non-stop,No info,5678
IndiGo,3/06/2019,Kolkata,Banglore,CCU → BLR,15:15,17:45,2h 30m,non-stop,No info,4804
Jet Airways,27/05/2019,Delhi,Cochin,DEL → BOM → COK,02:15,04:25 28 May,26h 10m,1 stop,In-flight meal not included,12898
Air India,6/03/2019,Delhi,Cochin,DEL → NAG → BOM → COK,05:55,07:40 07 Mar,25h 45m,2 stops,No info,14641
Jet Airways,6/06/2019,Banglore,Delhi,BLR → DEL,07:10,10:10,3h,non-stop,No info,8016
Jet Airways,1/06/2019,Delhi,Cochin,DEL → BOM → COK,15:00,04:25 02 Jun,13h 25m,1 stop,In-flight meal not included,10262
SpiceJet,6/06/2019,Chennai,Kolkata,MAA → CCU,08:20,10:35,2h 15m,non-stop,No check-in baggage included,3543
Multiple carriers,27/05/2019,Delhi,Cochin,DEL → BOM → COK,11:25,19:15,7h 50m,1 stop,No info,8625
IndiGo,27/06/2019,Mumbai,Hyderabad,BOM → HYD,21:20,22:50,1h 30m,non-stop,No info,2227
IndiGo,03/03/2019,Banglore,New Delhi,BLR → DEL,23:30,02:20 04 Mar,2h 50m,non-stop,No info,6144
Vistara,15/04/2019,Banglore,Delhi,BLR → DEL,09:45,12:35,2h 50m,non-stop,No info,5403
IndiGo,6/03/2019,Chennai,Kolkata,MAA → CCU,05:15,07:35,2h 20m,non-stop,No info,6482
Jet Airways,12/06/2019,Delhi,Cochin,DEL → BOM → COK,08:00,19:00,11h,1 stop,In-flight meal not included,10577
Jet Airways,15/06/2019,Delhi,Cochin,DEL → BOM → COK,15:00,12:35 16 Jun,21h 35m,1 stop,In-flight meal not included,10262
Air India,21/03/2019,Delhi,Cochin,DEL → RPR → NAG → BOM → COK,05:15,19:15 22 Mar,38h,3 stops,No info,9128
Air India,27/06/2019,Mumbai,Hyderabad,BOM → HYD,21:05,22:25,1h 20m,non-stop,No info,3100
Jet Airways,21/03/2019,Delhi,Cochin,DEL → BDQ → BOM → COK,18:25,04:25 23 Mar,34h,2 stops,No info,12347
Air India,24/05/2019,Kolkata,Banglore,CCU → BBI → BOM → BLR,12:00,21:50,9h 50m,2 stops,No info,9941
Jet Airways,9/05/2019,Delhi,Cochin,DEL → AMD → BOM → COK,23:05,12:35 10 May,13h 30m,2 stops,No info,15129
IndiGo,1/03/2019,Delhi,Cochin,DEL → HYD → MAA → COK,04:55,21:20,16h 25m,2 stops,No info,10278
Multiple carriers,21/05/2019,Delhi,Cochin,DEL → BOM → COK,16:00,01:30 22 May,9h 30m,1 stop,No info,14067
Multiple carriers,21/03/2019,Delhi,Cochin,DEL → BOM → COK,17:00,01:35 22 Mar,8h 35m,1 stop,No info,7363
IndiGo,27/03/2019,Delhi,Cochin,DEL → HYD → COK,14:20,22:20,8h,1 stop,No info,6938
Jet Airways,12/06/2019,Kolkata,Banglore,CCU → BOM → BLR,08:25,04:40 13 Jun,20h 15m,1 stop,In-flight meal not included,6224
Multiple carriers,21/03/2019,Delhi,Cochin,DEL → BOM → COK,09:10,19:15,10h 5m,1 stop,No info,8601
IndiGo,12/06/2019,Kolkata,Banglore,CCU → BLR,09:35,12:20,2h 45m,non-stop,No info,4804
Jet Airways,24/03/2019,Kolkata,Banglore,CCU → BOM → BLR,19:45,16:20 25 Mar,20h 35m,1 stop,In-flight meal not included,10031
IndiGo,18/06/2019,Chennai,Kolkata,MAA → CCU,22:05,00:25 19 Jun,2h 20m,non-stop,No info,5277
Multiple carriers,21/05/2019,Delhi,Cochin,DEL → BOM → COK,07:30,19:00,11h 30m,1 stop,No info,9794
Air India,15/05/2019,Kolkata,Banglore,CCU → DEL → COK → BLR,20:30,13:45 16 May,17h 15m,2 stops,No info,16057
Jet Airways,1/04/2019,Kolkata,Banglore,CCU → GAU → BLR,10:20,17:35,7h 15m,1 stop,In-flight meal not included,6077
Jet Airways,9/03/2019,Delhi,Cochin,DEL → BOM → COK,15:05,18:50 10 Mar,27h 45m,1 stop,No info,16289
Multiple carriers,1/06/2019,Delhi,Cochin,DEL → BOM → COK,10:00,01:30 02 Jun,15h 30m,1 stop,No info,13377
IndiGo,9/05/2019,Delhi,Cochin,DEL → BOM → COK,04:55,21:00,16h 5m,1 stop,No info,6979
Jet Airways,24/03/2019,Kolkata,Banglore,CCU → BOM → BLR,06:30,18:10,11h 40m,1 stop,In-flight meal not included,10031
Jet Airways,12/06/2019,Delhi,Cochin,DEL → JAI → BOM → COK,05:30,19:00,13h 30m,2 stops,In-flight meal not included,10368
Multiple carriers,1/05/2019,Delhi,Cochin,DEL → BOM → COK,09:00,19:15,10h 15m,1 stop,No info,15373
Jet Airways,3/06/2019,Delhi,Cochin,DEL → BOM → COK,10:00,19:00,9h,1 stop,No info,14714
Vistara,12/06/2019,Kolkata,Banglore,CCU → DEL → BLR,07:10,23:25,16h 15m,1 stop,No info,8610
GoAir,6/03/2019,Delhi,Cochin,DEL → AMD → COK,06:00,13:20,7h 20m,1 stop,No info,6393
Jet Airways,6/06/2019,Delhi,Cochin,DEL → BOM → COK,17:30,19:00 07 Jun,25h 30m,1 stop,No info,14714
SpiceJet,24/05/2019,Kolkata,Banglore,CCU → BLR,17:10,19:40,2h 30m,non-stop,No check-in baggage included,3841
IndiGo,12/06/2019,Delhi,Cochin,DEL → BOM → COK,07:30,21:00,13h 30m,1 stop,No info,6093
IndiGo,1/03/2019,Kolkata,Banglore,CCU → BLR,21:25,00:05 02 Mar,2h 40m,non-stop,No info,4778
Vistara,03/03/2019,Banglore,New Delhi,BLR → AMD → DEL,06:40,10:25 07 Mar,27h 45m,1 stop,No info,12476
SpiceJet,1/06/2019,Delhi,Cochin,DEL → MAA → COK,06:05,11:20,5h 15m,1 stop,No info,5583
Jet Airways,18/05/2019,Kolkata,Banglore,CCU → BOM → BLR,05:45,08:15 19 May,26h 30m,1 stop,No info,13941
Air India,6/06/2019,Kolkata,Banglore,CCU → VNS → DEL → BLR,14:30,23:15,8h 45m,2 stops,No info,15894
Jet Airways,1/05/2019,Kolkata,Banglore,CCU → BOM → BLR,06:30,18:15,11h 45m,1 stop,In-flight meal not included,10844
Jet Airways,24/03/2019,Kolkata,Banglore,CCU → BOM → BLR,19:45,19:40 25 Mar,23h 55m,1 stop,No info,13759
Air India,27/03/2019,Delhi,Cochin,DEL → HYD → BOM → COK,13:05,07:40 28 Mar,18h 35m,2 stops,No info,8875
IndiGo,1/06/2019,Delhi,Cochin,DEL → LKO → COK,21:50,03:35 02 Jun,5h 45m,1 stop,No info,8238
Jet Airways,1/04/2019,Kolkata,Banglore,CCU → BOM → BLR,06:30,20:45,14h 15m,1 stop,No info,12681
IndiGo,12/06/2019,Chennai,Kolkata,MAA → CCU,13:15,15:35,2h 20m,non-stop,No info,3597
Multiple carriers,15/05/2019,Delhi,Cochin,DEL → BOM → COK,18:15,01:30 16 May,7h 15m,1 stop,No info,13727
Multiple carriers,6/06/2019,Delhi,Cochin,DEL → BOM → COK,04:55,19:00,14h 5m,1 stop,No info,10678
IndiGo,12/05/2019,Kolkata,Banglore,CCU → PNQ → BLR,21:00,02:15 13 May,5h 15m,1 stop,No info,7228
Jet Airways,21/05/2019,Delhi,Cochin,DEL → AMD → BOM → COK,23:05,12:35 22 May,13h 30m,2 stops,No info,15129
Jet Airways,1/04/2019,Banglore,Delhi,BLR → DEL,11:10,14:05,2h 55m,non-stop,No info,7229
Jet Airways,9/05/2019,Delhi,Cochin,DEL → JAI → BOM → COK,09:40,19:00,9h 20m,2 stops,In-flight meal not included,13029
IndiGo,27/04/2019,Kolkata,Banglore,CCU → BLR,04:40,07:15,2h 35m,non-stop,No info,4804
Vistara,9/05/2019,Kolkata,Banglore,CCU → DEL → BLR,07:10,23:25,16h 15m,1 stop,No info,8085
Jet Airways,12/05/2019,Kolkata,Banglore,CCU → BOM → BLR,21:10,16:20 13 May,19h 10m,1 stop,In-flight meal not included,10844
IndiGo,3/06/2019,Delhi,Cochin,DEL → BLR → COK,05:10,10:05,4h 55m,1 stop,No info,6842
Jet Airways,24/03/2019,Kolkata,Banglore,CCU → BOM → BLR,06:30,04:45 25 Mar,22h 15m,1 stop,In-flight meal not included,10031
Multiple carriers,9/04/2019,Delhi,Cochin,DEL → BOM → COK,08:30,19:00,10h 30m,1 stop,No info,10877
Jet Airways,27/05/2019,Delhi,Cochin,DEL → BOM → COK,14:00,12:35 28 May,22h 35m,1 stop,In-flight meal not included,12898
Air India,12/05/2019,Mumbai,Hyderabad,BOM → HYD,19:30,20:45,1h 15m,non-stop,No info,3625
Multiple carriers,27/06/2019,Delhi,Cochin,DEL → BOM → COK,08:00,21:00,13h,1 stop,No info,7408
Air India,15/05/2019,Kolkata,Banglore,CCU → BBI → HYD → BLR,09:10,11:05 16 May,25h 55m,2 stops,No info,6117
Multiple carriers,3/06/2019,Delhi,Cochin,DEL → BOM → COK,08:00,19:15,11h 15m,1 stop,No info,15058
GoAir,18/05/2019,Banglore,Delhi,BLR → DEL,07:45,10:40,2h 55m,non-stop,No info,4239
Jet Airways,15/05/2019,Banglore,Delhi,BLR → DEL,08:20,11:20,3h,non-stop,No info,7229
Jet Airways,3/03/2019,Delhi,Cochin,DEL → BOM → COK,21:50,18:50 04 Mar,21h,1 stop,No info,17024
IndiGo,15/06/2019,Delhi,Cochin,DEL → HYD → COK,05:05,16:10,11h 5m,1 stop,No info,6818
SpiceJet,9/05/2019,Mumbai,Hyderabad,BOM → HYD,05:45,07:15,1h 30m,non-stop,No check-in baggage included,1965
IndiGo,15/03/2019,Mumbai,Hyderabad,BOM → HYD,06:20,07:45,1h 25m,non-stop,No info,3342
Jet Airways,12/06/2019,Kolkata,Banglore,CCU → BOM → BLR,08:25,19:50,11h 25m,1 stop,In-flight meal not included,9899
SpiceJet,9/05/2019,Banglore,Delhi,BLR → DEL,21:10,00:05 10 May,2h 55m,non-stop,No info,4423
Jet Airways,27/05/2019,Delhi,Cochin,DEL → BOM → COK,09:00,19:00,10h,1 stop,No info,16079
Jet Airways,1/06/2019,Delhi,Cochin,DEL → COK,11:00,14:15,3h 15m,non-stop,In-flight meal not included,7202
Jet Airways,18/06/2019,Mumbai,Hyderabad,BOM → HYD,02:55,04:20,1h 25m,non-stop,In-flight meal not included,4995
Air India,15/03/2019,Kolkata,Banglore,CCU → BLR,20:45,23:20,2h 35m,non-stop,No info,4435
Jet Airways,9/06/2019,Delhi,Cochin,DEL → NAG → BOM → COK,06:45,04:25 10 Jun,21h 40m,2 stops,No info,13376
Multiple carriers,12/06/2019,Delhi,Cochin,DEL → GWL → IDR → BOM → COK,11:35,01:30 13 Jun,13h 55m,3 stops,No info,15419
Air India,18/05/2019,Delhi,Cochin,DEL → BLR → COK,17:40,23:00,5h 20m,1 stop,No info,8277
Jet Airways,9/05/2019,Delhi,Cochin,DEL → BOM → COK,17:30,19:00 10 May,25h 30m,1 stop,In-flight meal not included,12373
Jet Airways,27/06/2019,Delhi,Cochin,DEL → AMD → BOM → COK,23:05,19:00 28 Jun,19h 55m,2 stops,No info,12819
Multiple carriers,24/06/2019,Delhi,Cochin,DEL → HYD → COK,13:15,22:30,9h 15m,1 stop,No info,8018
SpiceJet,6/06/2019,Kolkata,Banglore,CCU → BLR,09:00,11:25,2h 25m,non-stop,No check-in baggage included,3841
Air India,09/03/2019,Banglore,New Delhi,BLR → DEL,17:00,19:50,2h 50m,non-stop,No info,9481
Jet Airways,18/05/2019,Delhi,Cochin,DEL → AMD → BOM → COK,23:05,04:25 20 May,29h 20m,2 stops,No info,16704
IndiGo,9/06/2019,Kolkata,Banglore,CCU → BBI → BLR,19:35,23:15,3h 40m,1 stop,No info,5276
Vistara,12/05/2019,Kolkata,Banglore,CCU → DEL → BLR,07:10,22:40,15h 30m,1 stop,No info,8662
IndiGo,6/06/2019,Delhi,Cochin,DEL → BOM → COK,16:00,21:00,5h,1 stop,No info,6069
Air India,24/05/2019,Delhi,Cochin,DEL → MAA → COK,09:45,09:25 25 May,23h 40m,1 stop,No info,7480
Jet Airways,6/06/2019,Delhi,Cochin,DEL → BOM → COK,18:15,04:25 07 Jun,10h 10m,1 stop,In-flight meal not included,10262
Jet Airways,18/05/2019,Delhi,Cochin,DEL → BOM → COK,11:30,04:25 19 May,16h 55m,1 stop,In-flight meal not included,12373
IndiGo,15/06/2019,Banglore,Delhi,BLR → DEL,21:15,00:15 16 Jun,3h,non-stop,No info,3943
IndiGo,27/05/2019,Delhi,Cochin,DEL → BLR → COK,02:00,07:45,5h 45m,1 stop,No info,6147
Multiple carriers,9/06/2019,Delhi,Cochin,DEL → IXU → BOM → COK,17:50,01:30 10 Jun,7h 40m,2 stops,No info,18485
Jet Airways,9/05/2019,Kolkata,Banglore,CCU → DEL → BLR,17:00,23:35,6h 35m,1 stop,No info,10624
IndiGo,24/03/2019,Banglore,New Delhi,BLR → DEL,18:25,21:20,2h 55m,non-stop,No info,7303
Multiple carriers,6/06/2019,Delhi,Cochin,DEL → BOM → COK,07:30,21:00,13h 30m,1 stop,No info,7740
Jet Airways,3/05/2019,Banglore,Delhi,BLR → DEL,06:00,08:45,2h 45m,non-stop,No info,7229
Air India,15/05/2019,Kolkata,Banglore,CCU → BLR,20:45,23:20,2h 35m,non-stop,No info,4145
Multiple carriers,27/03/2019,Delhi,Cochin,DEL → HYD → COK,09:45,22:20,12h 35m,1 stop,No info,6601
IndiGo,21/03/2019,Banglore,New Delhi,BLR → DEL,16:55,19:45,2h 50m,non-stop,No info,6860
Jet Airways,9/06/2019,Kolkata,Banglore,CCU → BOM → BLR,14:05,23:35,9h 30m,1 stop,No info,14571
Jet Airways,27/05/2019,Delhi,Cochin,DEL → BOM → COK,18:15,19:00 28 May,24h 45m,1 stop,No info,16079
Air India,6/03/2019,Delhi,Cochin,DEL → BOM → COK,09:00,07:40 07 Mar,22h 40m,1 stop,No info,14882
Jet Airways,21/03/2019,Banglore,New Delhi,BLR → BOM → DEL,14:05,20:20,6h 15m,1 stop,In-flight meal not included,7832
SpiceJet,24/03/2019,Mumbai,Hyderabad,BOM → HYD,05:45,07:05,1h 20m,non-stop,No check-in baggage included,2175
Jet Airways,24/05/2019,Banglore,Delhi,BLR → DEL,18:55,22:00,3h 5m,non-stop,In-flight meal not included,6144
SpiceJet,15/04/2019,Kolkata,Banglore,CCU → MAA → BLR,15:05,20:20,5h 15m,1 stop,No info,4649
IndiGo,6/06/2019,Delhi,Cochin,DEL → BLR → COK,02:00,07:45,5h 45m,1 stop,No info,6386
SpiceJet,1/04/2019,Banglore,Delhi,BLR → DEL,09:30,12:20,2h 50m,non-stop,No info,3971
Multiple carriers Premium economy,21/03/2019,Delhi,Cochin,DEL → BOM → COK,19:00,01:35 22 Mar,6h 35m,1 stop,No info,10885
Air India,12/05/2019,Kolkata,Banglore,CCU → DEL → COK → BLR,07:00,01:20 13 May,18h 20m,2 stops,No info,13243
Air India,9/05/2019,Delhi,Cochin,DEL → GOI → BOM → COK,22:00,19:15 10 May,21h 15m,2 stops,No info,10441
Jet Airways,6/05/2019,Kolkata,Banglore,CCU → DEL → BLR,09:35,21:05,11h 30m,1 stop,In-flight meal not included,10703
Jet Airways,06/03/2019,Banglore,New Delhi,BLR → BOM → DEL,05:45,18:25,12h 40m,1 stop,No info,16736
Air Asia,27/04/2019,Banglore,Delhi,BLR → DEL,04:55,07:45,2h 50m,non-stop,No info,4282
Air India,24/03/2019,Kolkata,Banglore,CCU → BBI → BLR,09:10,13:40,4h 30m,1 stop,No info,8026
Air India,24/06/2019,Mumbai,Hyderabad,BOM → HYD,06:20,07:40,1h 20m,non-stop,No info,3100
IndiGo,15/04/2019,Banglore,Delhi,BLR → DEL,00:30,03:25,2h 55m,non-stop,No info,4284
Air India,21/05/2019,Mumbai,Hyderabad,BOM → HYD,15:00,16:25,1h 25m,non-stop,No info,3100
Air India,1/05/2019,Kolkata,Banglore,CCU → DEL → COK → BLR,10:00,13:45 02 May,27h 45m,2 stops,No info,15164
Jet Airways,9/05/2019,Kolkata,Banglore,CCU → BOM → BLR,14:05,23:35,9h 30m,1 stop,No info,14781
Jet Airways,27/03/2019,Delhi,Cochin,DEL → MAA → BOM → COK,05:10,04:25 28 Mar,23h 15m,2 stops,In-flight meal not included,9412
Air India,1/05/2019,Kolkata,Banglore,CCU → DEL → BLR,10:00,16:15,6h 15m,1 stop,No info,10203
Air Asia,3/06/2019,Banglore,Delhi,BLR → DEL,04:55,07:45,2h 50m,non-stop,No info,4282
Jet Airways,15/05/2019,Kolkata,Banglore,CCU → BOM → BLR,06:30,18:15,11h 45m,1 stop,In-flight meal not included,10844
Air India,3/06/2019,Delhi,Cochin,DEL → COK,05:10,08:00,2h 50m,non-stop,No info,5201
SpiceJet,12/04/2019,Kolkata,Banglore,CCU → BLR,09:00,11:25,2h 25m,non-stop,No info,3873
Jet Airways,24/05/2019,Banglore,Delhi,BLR → DEL,11:10,14:05,2h 55m,non-stop,In-flight meal not included,4030
IndiGo,6/03/2019,Delhi,Cochin,DEL → BOM → COK,17:30,01:35 07 Mar,8h 5m,1 stop,No info,14871
IndiGo,15/04/2019,Banglore,Delhi,BLR → DEL,16:55,19:55,3h,non-stop,No info,4823
IndiGo,21/04/2019,Kolkata,Banglore,CCU → BLR,22:15,00:50 22 Apr,2h 35m,non-stop,No info,4804
Jet Airways,6/06/2019,Kolkata,Banglore,CCU → BOM → BLR,18:55,20:45 07 Jun,25h 50m,1 stop,No info,14571
Jet Airways,21/05/2019,Delhi,Cochin,DEL → ATQ → BOM → COK,20:00,04:25 22 May,8h 25m,2 stops,In-flight meal not included,15318
Air India,3/03/2019,Chennai,Kolkata,MAA → CCU,11:40,13:55,2h 15m,non-stop,No info,10810
IndiGo,09/03/2019,Banglore,New Delhi,BLR → DEL,10:05,13:00,2h 55m,non-stop,No info,6860
SpiceJet,12/06/2019,Kolkata,Banglore,CCU → IXB → BLR,15:55,21:25,5h 30m,1 stop,No info,8224
Vistara,15/05/2019,Banglore,Delhi,BLR → DEL,11:30,14:20,2h 50m,non-stop,No info,4668
Air India,01/03/2019,Banglore,New Delhi,BLR → BOM → IDR → DEL,08:50,11:10 02 Mar,26h 20m,2 stops,No info,19372
Air India,12/06/2019,Delhi,Cochin,DEL → BOM → COK,13:00,19:15,6h 15m,1 stop,No info,8372
Jet Airways,06/03/2019,Banglore,New Delhi,BLR → BOM → DEL,22:50,21:20 07 Mar,22h 30m,1 stop,No info,17471
IndiGo,18/06/2019,Chennai,Kolkata,MAA → CCU,13:15,15:35,2h 20m,non-stop,No info,3597
Multiple carriers,27/05/2019,Delhi,Cochin,DEL → BOM → COK,07:30,19:00,11h 30m,1 stop,No info,9315
IndiGo,3/06/2019,Delhi,Cochin,DEL → BOM → COK,11:25,01:30 04 Jun,14h 5m,1 stop,No info,5883
Jet Airways,27/06/2019,Delhi,Cochin,DEL → AMD → BOM → COK,13:25,19:00 28 Jun,29h 35m,2 stops,In-flight meal not included,11150
Jet Airways,21/03/2019,Banglore,New Delhi,BLR → BOM → DEL,22:50,11:25 19 Mar,12h 35m,1 stop,In-flight meal not included,7832
Jet Airways,9/05/2019,Delhi,Cochin,DEL → BOM → COK,07:05,12:35,5h 30m,1 stop,No info,15554
Air Asia,12/03/2019,Kolkata,Banglore,CCU → BLR,22:50,01:20 13 Mar,2h 30m,non-stop,No info,4082
Vistara,09/03/2019,Banglore,New Delhi,BLR → DEL,16:10,18:50,2h 40m,non-stop,No info,7923
Jet Airways,6/05/2019,Kolkata,Banglore,CCU → BOM → BLR,06:30,16:20,9h 50m,1 stop,No info,14781
Jet Airways,24/05/2019,Kolkata,Banglore,CCU → BOM → BLR,14:05,04:40 25 May,14h 35m,1 stop,No info,13731
IndiGo,27/03/2019,Chennai,Kolkata,MAA → CCU,14:40,17:05,2h 25m,non-stop,No info,3384
SpiceJet,24/06/2019,Mumbai,Hyderabad,BOM → HYD,13:15,14:45,1h 30m,non-stop,No check-in baggage included,1965
Jet Airways,9/05/2019,Delhi,Cochin,DEL → AMD → BOM → COK,23:05,19:00 10 May,19h 55m,2 stops,No info,15129
Jet Airways,12/05/2019,Banglore,Delhi,BLR → DEL,19:50,22:50,3h,non-stop,In-flight meal not included,3502
IndiGo,15/03/2019,Banglore,New Delhi,BLR → DEL,16:55,19:45,2h 50m,non-stop,No info,8033
Air India,9/05/2019,Kolkata,Banglore,CCU → DEL → BLR,20:30,08:55 10 May,12h 25m,1 stop,No info,10203
Air India,21/05/2019,Kolkata,Banglore,CCU → JAI → BOM → BLR,08:20,07:55 22 May,23h 35m,2 stops,No info,11222
Air India,21/05/2019,Delhi,Cochin,DEL → HYD → BOM → COK,17:15,07:40 22 May,14h 25m,2 stops,No info,13039
Air India,6/06/2019,Delhi,Cochin,DEL → CCU → BOM → COK,06:50,07:40 07 Jun,24h 50m,2 stops,No info,13381
IndiGo,18/05/2019,Kolkata,Banglore,CCU → PNQ → BLR,21:00,02:15 19 May,5h 15m,1 stop,No info,6534
Jet Airways,1/05/2019,Kolkata,Banglore,CCU → DEL → BLR,09:35,14:25 02 May,28h 50m,1 stop,In-flight meal not included,9314
Jet Airways,27/06/2019,Delhi,Cochin,DEL → JAI → BOM → COK,09:40,19:00,9h 20m,2 stops,No info,13014
Jet Airways,15/04/2019,Banglore,Delhi,BLR → DEL,19:50,22:50,3h,non-stop,No info,7229
Jet Airways,15/03/2019,Banglore,New Delhi,BLR → BOM → DEL,18:55,00:45 13 Mar,5h 50m,1 stop,No info,21934
IndiGo,6/05/2019,Banglore,Delhi,BLR → DEL,23:30,02:20 07 May,2h 50m,non-stop,No info,4077
Multiple carriers,1/06/2019,Delhi,Cochin,DEL → BOM → COK,09:00,21:00,12h,1 stop,No info,13587
Air India,21/05/2019,Kolkata,Banglore,CCU → MAA → BLR,14:35,14:35 22 May,24h,1 stop,No info,6528
Jet Airways,21/03/2019,Banglore,New Delhi,BLR → BOM → DEL,05:45,13:15,7h 30m,1 stop,In-flight meal not included,7832
IndiGo,9/06/2019,Banglore,Delhi,BLR → DEL,07:10,10:05,2h 55m,non-stop,No info,4823
GoAir,15/03/2019,Banglore,New Delhi,BLR → DEL,20:55,23:50,2h 55m,non-stop,No info,8722
Air India,15/06/2019,Delhi,Cochin,DEL → CCU → BOM → COK,06:50,07:40 16 Jun,24h 50m,2 stops,No info,13591
Jet Airways,1/05/2019,Kolkata,Banglore,CCU → BOM → BLR,20:00,10:05 02 May,14h 5m,1 stop,No info,13941
IndiGo,18/03/2019,Chennai,Kolkata,MAA → CCU,07:55,10:15,2h 20m,non-stop,No info,3850
Jet Airways,18/05/2019,Kolkata,Banglore,CCU → DEL → BLR,17:00,21:05 19 May,28h 5m,1 stop,No info,14151
Multiple carriers,18/05/2019,Delhi,Cochin,DEL → BOM → COK,19:00,01:30 19 May,6h 30m,1 stop,No info,7670
Jet Airways,21/03/2019,Delhi,Cochin,DEL → BDQ → BOM → COK,10:45,18:50 22 Mar,32h 5m,2 stops,In-flight meal not included,9270
Jet Airways,6/06/2019,Mumbai,Hyderabad,BOM → HYD,10:20,11:50,1h 30m,non-stop,No info,8040
Air India,15/06/2019,Delhi,Cochin,DEL → BOM → COK,08:00,19:15,11h 15m,1 stop,No info,9929
Multiple carriers,12/06/2019,Delhi,Cochin,DEL → HYD → COK,07:10,16:10,9h,1 stop,No info,6513
Air India,12/06/2019,Kolkata,Banglore,CCU → BOM → COK → BLR,09:25,13:45 13 Jun,28h 20m,2 stops,No info,11542
Air Asia,3/06/2019,Delhi,Cochin,DEL → BLR → COK,16:45,22:25,5h 40m,1 stop,No info,11410
Jet Airways,24/05/2019,Kolkata,Banglore,CCU → BOM → BLR,18:55,12:00 25 May,17h 5m,1 stop,No info,14571
Air India,21/03/2019,Delhi,Cochin,DEL → COK,14:10,17:10,3h,non-stop,No info,5674
Multiple carriers,1/06/2019,Delhi,Cochin,DEL → BOM → COK,10:35,19:00,8h 25m,1 stop,No info,11200
SpiceJet,12/05/2019,Banglore,Delhi,BLR → DEL,21:10,00:05 13 May,2h 55m,non-stop,No info,4423
Jet Airways,12/06/2019,Kolkata,Banglore,CCU → BOM → BLR,16:30,12:00 13 Jun,19h 30m,1 stop,No info,13044
Air India,6/06/2019,Banglore,Delhi,BLR → DEL,10:00,12:45,2h 45m,non-stop,No info,6961
Air India,9/03/2019,Delhi,Cochin,DEL → HYD → BOM → COK,21:30,19:15 10 Mar,21h 45m,2 stops,No info,11762
Jet Airways,21/05/2019,Mumbai,Hyderabad,BOM → HYD,19:35,21:05,1h 30m,non-stop,No info,5678
Vistara,01/03/2019,Banglore,New Delhi,BLR → AMD → DEL,06:40,10:25 02 Mar,27h 45m,1 stop,No info,12371
Jet Airways,15/06/2019,Delhi,Cochin,DEL → NAG → BOM → COK,14:35,04:25 16 Jun,13h 50m,2 stops,No info,13376
SpiceJet,24/05/2019,Kolkata,Banglore,CCU → BLR,09:00,11:25,2h 25m,non-stop,No check-in baggage included,3841
Vistara,21/05/2019,Kolkata,Banglore,CCU → DEL → BLR,07:10,18:50,11h 40m,1 stop,No info,9345
IndiGo,18/06/2019,Banglore,Delhi,BLR → DEL,18:25,21:20,2h 55m,non-stop,No info,4823
SpiceJet,18/05/2019,Banglore,Delhi,BLR → DEL,05:55,08:35,2h 40m,non-stop,No check-in baggage included,3573
Jet Airways,12/06/2019,Banglore,Delhi,BLR → DEL,06:00,08:45,2h 45m,non-stop,No info,8016
IndiGo,6/03/2019,Delhi,Cochin,DEL → BOM → COK,07:30,15:30,8h,1 stop,No info,14871
Jet Airways,9/06/2019,Kolkata,Banglore,CCU → DEL → BLR,09:35,18:00,8h 25m,1 stop,In-flight meal not included,13994
IndiGo,3/06/2019,Delhi,Cochin,DEL → BOM → COK,15:00,01:30 04 Jun,10h 30m,1 stop,No info,6104
Multiple carriers,3/06/2019,Delhi,Cochin,DEL → BOM → COK,11:30,21:00,9h 30m,1 stop,No info,13587
Multiple carriers,18/05/2019,Delhi,Cochin,DEL → BOM → COK,07:00,21:00,14h,1 stop,No info,8073
Air India,24/05/2019,Kolkata,Banglore,CCU → BOM → BLR,09:25,07:55 25 May,22h 30m,1 stop,No info,8366
Jet Airways,1/05/2019,Kolkata,Banglore,CCU → BOM → BLR,20:00,10:05 02 May,14h 5m,1 stop,In-flight meal not included,8586
Multiple carriers,27/06/2019,Delhi,Cochin,DEL → BOM → COK,09:00,21:00,12h,1 stop,No info,7408
Jet Airways,24/06/2019,Delhi,Cochin,DEL → BOM → COK,09:00,19:00,10h,1 stop,No info,18371
Jet Airways,21/05/2019,Kolkata,Banglore,CCU → DEL → BLR,20:25,18:00 22 May,21h 35m,1 stop,No info,14151
IndiGo,27/06/2019,Kolkata,Banglore,CCU → BLR,09:35,12:10,2h 35m,non-stop,No info,4804
Jet Airways,12/06/2019,Kolkata,Banglore,CCU → BOM → BLR,14:05,19:50,5h 45m,1 stop,No info,13626
IndiGo,27/05/2019,Mumbai,Hyderabad,BOM → HYD,09:10,10:40,1h 30m,non-stop,No info,4049
SpiceJet,27/03/2019,Kolkata,Banglore,CCU → BLR,06:55,09:35,2h 40m,non-stop,No check-in baggage included,3815
Multiple carriers,3/03/2019,Delhi,Cochin,DEL → BOM → COK,12:50,01:35 04 Mar,12h 45m,1 stop,No info,18192
SpiceJet,6/03/2019,Kolkata,Banglore,CCU → BLR,22:20,00:40 07 Mar,2h 20m,non-stop,No info,3849
Jet Airways,12/06/2019,Kolkata,Banglore,CCU → BOM → BLR,16:30,09:20 13 Jun,16h 50m,1 stop,In-flight meal not included,8529
Jet Airways,9/06/2019,Kolkata,Banglore,CCU → BOM → BLR,18:55,08:15 10 Jun,13h 20m,1 stop,In-flight meal not included,11841
IndiGo,15/05/2019,Delhi,Cochin,DEL → BOM → COK,17:30,01:30 16 May,8h,1 stop,No info,6979
Jet Airways,21/05/2019,Kolkata,Banglore,CCU → DEL → BLR,17:00,21:05 22 May,28h 5m,1 stop,No info,14151
Air India,6/06/2019,Kolkata,Banglore,CCU → DEL → AMD → BLR,10:00,05:25 07 Jun,19h 25m,2 stops,No info,13007
IndiGo,21/05/2019,Banglore,Delhi,BLR → DEL,07:10,10:05,2h 55m,non-stop,No info,4823
Air India,27/03/2019,Delhi,Cochin,DEL → MAA → COK,17:20,09:25 28 Mar,16h 5m,1 stop,No info,5117
Multiple carriers,21/05/2019,Delhi,Cochin,DEL → BOM → COK,08:45,19:00,10h 15m,1 stop,No info,9794
IndiGo,1/06/2019,Banglore,Delhi,BLR → DEL,10:10,13:00,2h 50m,non-stop,No info,3943
Jet Airways,27/03/2019,Delhi,Cochin,DEL → AMD → BOM → COK,19:10,19:45 28 Mar,24h 35m,2 stops,No info,9483
Jet Airways,27/06/2019,Delhi,Cochin,DEL → BOM → COK,22:50,04:25 28 Jun,5h 35m,1 stop,No info,16079
Jet Airways,01/03/2019,Banglore,New Delhi,BLR → BOM → DEL,11:40,11:25 02 Mar,23h 45m,1 stop,No info,25735
Air Asia,9/03/2019,Delhi,Cochin,DEL → BLR → COK,16:45,22:15,5h 30m,1 stop,No info,8327
Jet Airways,12/03/2019,Banglore,New Delhi,BLR → BOM → DEL,05:45,20:20,14h 35m,1 stop,No info,13817
Jet Airways,1/04/2019,Kolkata,Banglore,CCU → BOM → BLR,14:05,23:35,9h 30m,1 stop,No info,13364
Jet Airways,3/06/2019,Delhi,Cochin,DEL → JAI → BOM → COK,09:40,19:00,9h 20m,2 stops,No info,13014
Multiple carriers,21/03/2019,Delhi,Cochin,DEL → HYD → COK,14:35,22:20,7h 45m,1 stop,In-flight meal not included,5999
Air Asia,24/06/2019,Banglore,Delhi,BLR → DEL,04:55,07:45,2h 50m,non-stop,No info,4282
Air India,24/06/2019,Delhi,Cochin,DEL → JAI → BOM → COK,18:45,19:15 25 Jun,24h 30m,2 stops,No info,11732
IndiGo,12/06/2019,Chennai,Kolkata,MAA → CCU,22:05,00:25 13 Jun,2h 20m,non-stop,No info,5277
IndiGo,9/05/2019,Delhi,Cochin,DEL → HYD → COK,06:50,22:30,15h 40m,1 stop,No info,6734
IndiGo,15/05/2019,Mumbai,Hyderabad,BOM → HYD,09:10,10:40,1h 30m,non-stop,No info,4575
Jet Airways,21/03/2019,Delhi,Cochin,DEL → AMD → BOM → COK,19:10,04:25 23 Mar,33h 15m,2 stops,No info,10929
Jet Airways,1/05/2019,Kolkata,Banglore,CCU → BOM → BLR,14:05,08:15 02 May,18h 10m,1 stop,In-flight meal not included,8586
Jet Airways,18/05/2019,Delhi,Cochin,DEL → BOM → COK,19:15,04:25 19 May,9h 10m,1 stop,In-flight meal not included,12373
SpiceJet,15/03/2019,Chennai,Kolkata,MAA → CCU,17:45,20:05,2h 20m,non-stop,No info,6300
IndiGo,24/06/2019,Delhi,Cochin,DEL → BLR → COK,02:00,07:45,5h 45m,1 stop,No info,6016
IndiGo,21/03/2019,Delhi,Cochin,DEL → COK,14:30,17:35,3h 5m,non-stop,No info,5406
Air India,15/03/2019,Banglore,New Delhi,BLR → HYD → DEL,08:15,21:25,13h 10m,1 stop,No info,6046
Air Asia,24/05/2019,Banglore,Delhi,BLR → DEL,04:55,07:45,2h 50m,non-stop,No info,3383
Jet Airways,6/04/2019,Banglore,Delhi,BLR → DEL,11:10,14:05,2h 55m,non-stop,No info,7229
IndiGo,21/06/2019,Delhi,Cochin,DEL → COK,05:35,08:50,3h 15m,non-stop,No info,5000
Air India,21/05/2019,Kolkata,Banglore,CCU → GAU → IMF → DEL → BLR,09:50,23:15,13h 25m,3 stops,No info,14960
Jet Airways,18/05/2019,Kolkata,Banglore,CCU → BOM → BLR,05:45,16:20,10h 35m,1 stop,In-flight meal not included,10844
Multiple carriers,15/05/2019,Delhi,Cochin,DEL → BOM → COK,15:00,01:30 16 May,10h 30m,1 stop,No info,13727
Air Asia,24/06/2019,Delhi,Cochin,DEL → BLR → COK,16:45,22:25,5h 40m,1 stop,No info,6752
Air India,15/03/2019,Banglore,New Delhi,BLR → BOM → DEL,06:45,12:15,5h 30m,1 stop,No info,8714
Multiple carriers,3/06/2019,Delhi,Cochin,DEL → BOM → COK,12:50,21:00,8h 10m,1 stop,No info,7740
Jet Airways,27/03/2019,Delhi,Cochin,DEL → BOM → COK,17:30,19:45 28 Mar,26h 15m,1 stop,In-flight meal not included,5406
Jet Airways,21/05/2019,Kolkata,Banglore,CCU → BOM → BLR,18:55,04:40 22 May,9h 45m,1 stop,In-flight meal not included,9663
IndiGo,12/03/2019,Kolkata,Banglore,CCU → BLR,20:25,23:05,2h 40m,non-stop,No info,4148
Jet Airways,15/06/2019,Delhi,Cochin,DEL → NAG → BOM → COK,06:45,04:25 16 Jun,21h 40m,2 stops,In-flight meal not included,10919
IndiGo,24/06/2019,Delhi,Cochin,DEL → BOM → COK,07:30,21:00,13h 30m,1 stop,No info,6093
Air India,27/03/2019,Delhi,Cochin,DEL → BOM → COK,10:00,19:15,9h 15m,1 stop,No info,6902
Multiple carriers,15/06/2019,Delhi,Cochin,DEL → BOM → COK,13:00,19:15,6h 15m,1 stop,No info,16108
Jet Airways,3/03/2019,Mumbai,Hyderabad,BOM → HYD,02:55,04:25,1h 30m,non-stop,In-flight meal not included,4050
Jet Airways,24/03/2019,Kolkata,Banglore,CCU → BOM → BLR,06:30,19:40,13h 10m,1 stop,No info,13339
Jet Airways,06/03/2019,Banglore,New Delhi,BLR → BOM → DEL,08:55,16:10,7h 15m,1 stop,No info,19225
Jet Airways,9/05/2019,Delhi,Cochin,DEL → BOM → COK,20:55,19:00 10 May,22h 5m,1 stop,In-flight meal not included,12373
Multiple carriers,9/05/2019,Delhi,Cochin,DEL → HYD → COK,13:15,22:30,9h 15m,1 stop,No info,8888
SpiceJet,9/06/2019,Mumbai,Hyderabad,BOM → HYD,05:45,07:15,1h 30m,non-stop,No info,2753
Jet Airways,6/03/2019,Mumbai,Hyderabad,BOM → BDQ → DEL → HYD,13:05,16:50 07 Mar,27h 45m,2 stops,No info,21375
SpiceJet,1/03/2019,Chennai,Kolkata,MAA → CCU,09:30,12:05,2h 35m,non-stop,No info,7298
Jet Airways,1/06/2019,Banglore,Delhi,BLR → DEL,08:20,11:20,3h,non-stop,In-flight meal not included,7229
Vistara,24/03/2019,Kolkata,Banglore,CCU → DEL → BLR,20:20,22:10 25 Mar,25h 50m,1 stop,No info,11105
Air India,27/06/2019,Delhi,Cochin,DEL → AMD → BOM → COK,16:40,19:15 28 Jun,26h 35m,2 stops,No info,9653
IndiGo,27/05/2019,Delhi,Cochin,DEL → BOM → COK,16:00,21:00,5h,1 stop,No info,5054
Jet Airways,6/06/2019,Delhi,Cochin,DEL → BOM → COK,11:30,19:00,7h 30m,1 stop,In-flight meal not included,10262
Vistara,15/05/2019,Banglore,Delhi,BLR → DEL,07:00,09:40,2h 40m,non-stop,No info,4668
IndiGo,12/06/2019,Delhi,Cochin,DEL → BOM → COK,20:25,01:30 13 Jun,5h 5m,1 stop,No info,5058
Jet Airways,21/05/2019,Delhi,Cochin,DEL → BOM → COK,19:45,12:35 22 May,16h 50m,1 stop,In-flight meal not included,12898
SpiceJet,1/03/2019,Kolkata,Banglore,CCU → BLR,17:15,19:45,2h 30m,non-stop,No info,5515
IndiGo,18/05/2019,Kolkata,Banglore,CCU → PAT → BLR,09:20,14:15,4h 55m,1 stop,No info,12198
SpiceJet,9/06/2019,Chennai,Kolkata,MAA → CCU,17:45,20:05,2h 20m,non-stop,No check-in baggage included,3543
Jet Airways,6/06/2019,Kolkata,Banglore,CCU → BOM → BLR,06:30,18:15,11h 45m,1 stop,In-flight meal not included,10844
Jet Airways,9/06/2019,Kolkata,Banglore,CCU → BOM → BLR,18:55,12:00 10 Jun,17h 5m,1 stop,No info,14571
Multiple carriers,24/06/2019,Delhi,Cochin,DEL → BOM → COK,13:00,21:00,8h,1 stop,No info,13587
Air India,27/03/2019,Delhi,Cochin,DEL → BOM → COK,21:00,19:15 28 Mar,22h 15m,1 stop,No info,6692
Jet Airways,15/05/2019,Kolkata,Banglore,CCU → BOM → BLR,16:30,04:40 16 May,12h 10m,1 stop,In-flight meal not included,10844
IndiGo,9/05/2019,Delhi,Cochin,DEL → BOM → COK,17:30,01:30 10 May,8h,1 stop,No info,8330
Jet Airways,21/03/2019,Delhi,Cochin,DEL → BOM → COK,19:15,18:50 22 Mar,23h 35m,1 stop,No info,12347
IndiGo,27/06/2019,Delhi,Cochin,DEL → BOM → COK,16:00,01:30 28 Jun,9h 30m,1 stop,No info,6316
Jet Airways,01/03/2019,Banglore,New Delhi,BLR → BOM → DEL,08:55,15:15,6h 20m,1 stop,No info,26890
Air India,1/06/2019,Delhi,Cochin,DEL → HYD → MAA → COK,13:15,09:25 02 Jun,20h 10m,2 stops,No info,10467
Air India,18/03/2019,Mumbai,Hyderabad,BOM → HYD,06:20,07:40,1h 20m,non-stop,No info,3100
Air India,1/03/2019,Mumbai,Hyderabad,BOM → HYD,15:00,16:25,1h 25m,non-stop,No info,6092
Jet Airways,15/06/2019,Delhi,Cochin,DEL → JAI → BOM → COK,09:40,04:25 16 Jun,18h 45m,2 stops,In-flight meal not included,10368
Jet Airways,12/06/2019,Kolkata,Banglore,CCU → BOM → BLR,20:00,08:15 13 Jun,12h 15m,1 stop,In-flight meal not included,8529
Vistara,1/05/2019,Chennai,Kolkata,MAA → CCU,17:45,20:05,2h 20m,non-stop,No info,11982
Jet Airways,12/06/2019,Kolkata,Banglore,CCU → DEL → BLR,17:00,23:35,6h 35m,1 stop,No info,12692
Air India,15/06/2019,Delhi,Cochin,DEL → MAA → COK,12:30,09:25 16 Jun,20h 55m,1 stop,No info,7480
Jet Airways,6/06/2019,Delhi,Cochin,DEL → LKO → BOM → COK,09:25,04:25 07 Jun,19h,2 stops,No info,13882
Jet Airways,27/05/2019,Delhi,Cochin,DEL → JAI → BOM → COK,05:30,19:00,13h 30m,2 stops,No info,15129
IndiGo,3/04/2019,Kolkata,Banglore,CCU → BLR,11:30,14:05,2h 35m,non-stop,No info,4174
Jet Airways,9/06/2019,Delhi,Cochin,DEL → NAG → BOM → COK,06:45,12:35 10 Jun,29h 50m,2 stops,No info,13376
Air India,18/05/2019,Delhi,Cochin,DEL → COK,05:10,08:00,2h 50m,non-stop,No info,6934
Jet Airways,21/05/2019,Delhi,Cochin,DEL → BHO → BOM → COK,05:30,12:35,7h 5m,2 stops,In-flight meal not included,15544
Jet Airways,6/06/2019,Delhi,Cochin,DEL → BOM → COK,14:00,19:00,5h,1 stop,In-flight meal not included,10262
Air India,1/06/2019,Delhi,Cochin,DEL → CCU → BOM → COK,06:50,07:40 02 Jun,24h 50m,2 stops,No info,15481
Air India,6/03/2019,Delhi,Cochin,DEL → MAA → COK,12:30,09:25 07 Mar,20h 55m,1 stop,No info,13832
Air India,6/06/2019,Delhi,Cochin,DEL → AMD → BOM → COK,05:00,19:15 07 Jun,38h 15m,2 stops,No info,9653
Air India,9/05/2019,Delhi,Cochin,DEL → HYD → BOM → COK,17:15,07:40 10 May,14h 25m,2 stops,No info,13039
Air India,27/05/2019,Delhi,Cochin,DEL → COK,18:05,21:10,3h 5m,non-stop,No info,6094
Air India,09/03/2019,Banglore,New Delhi,BLR → DEL,17:00,19:45,2h 45m,non-stop,No info,10741
Jet Airways,24/03/2019,Kolkata,Banglore,CCU → BOM → BLR,19:45,09:15 25 Mar,13h 30m,1 stop,In-flight meal not included,11134
Jet Airways,9/03/2019,Delhi,Cochin,DEL → COK,11:00,14:15,3h 15m,non-stop,In-flight meal not included,7202
IndiGo,6/06/2019,Chennai,Kolkata,MAA → CCU,22:05,00:25 07 Jun,2h 20m,non-stop,No info,5277
IndiGo,9/04/2019,Kolkata,Banglore,CCU → MAA → BLR,11:30,16:05,4h 35m,1 stop,No info,4966
Jet Airways,27/03/2019,Delhi,Cochin,DEL → BOM → COK,21:50,04:25 28 Mar,6h 35m,1 stop,In-flight meal not included,6017
Air Asia,12/06/2019,Kolkata,Banglore,CCU → DEL → BLR,22:40,10:40 13 Jun,12h,1 stop,No info,5192
Air India,12/03/2019,Banglore,New Delhi,BLR → BOM → NAG → DEL,08:50,10:15 13 Mar,25h 25m,2 stops,No info,12778
Jet Airways,01/03/2019,Banglore,New Delhi,BLR → BOM → DEL,11:40,09:00 02 Mar,21h 20m,1 stop,No info,20800
Multiple carriers,6/06/2019,Delhi,Cochin,DEL → BOM → COK,07:30,19:15,11h 45m,1 stop,No info,7354
Jet Airways,18/05/2019,Kolkata,Banglore,CCU → BOM → BLR,18:55,08:15 19 May,13h 20m,1 stop,No info,13584
Air India,21/04/2019,Banglore,Delhi,BLR → DEL,13:20,16:10,2h 50m,non-stop,No info,6121
IndiGo,12/05/2019,Mumbai,Hyderabad,BOM → HYD,16:55,18:25,1h 30m,non-stop,No info,3603
Jet Airways,9/06/2019,Delhi,Cochin,DEL → BOM → COK,14:00,12:35 10 Jun,22h 35m,1 stop,In-flight meal not included,10262
SpiceJet,9/04/2019,Banglore,Delhi,BLR → DEL,05:55,08:35,2h 40m,non-stop,No info,3971
Jet Airways,06/03/2019,Banglore,New Delhi,BLR → BOM → DEL,14:05,08:15 07 Mar,18h 10m,1 stop,In-flight meal not included,13502
Vistara,3/06/2019,Banglore,Delhi,BLR → DEL,11:30,14:20,2h 50m,non-stop,No info,4668
IndiGo,6/06/2019,Kolkata,Banglore,CCU → MAA → BLR,06:20,10:20,4h,1 stop,No info,4226
IndiGo,3/03/2019,Delhi,Cochin,DEL → BOM → COK,07:30,13:20,5h 50m,1 stop,No info,13628
IndiGo,9/06/2019,Delhi,Cochin,DEL → BOM → COK,15:00,01:30 10 Jun,10h 30m,1 stop,No info,6316
Jet Airways,6/06/2019,Delhi,Cochin,DEL → BOM → COK,13:00,04:25 07 Jun,15h 25m,1 stop,No info,14714
IndiGo,09/03/2019,Banglore,New Delhi,BLR → DEL,16:55,19:45,2h 50m,non-stop,No info,10067
Multiple carriers,27/03/2019,Delhi,Cochin,DEL → BOM → COK,04:00,15:30,11h 30m,1 stop,No info,6305
IndiGo,12/05/2019,Banglore,Delhi,BLR → DEL,18:55,21:50,2h 55m,non-stop,No info,4823
Jet Airways,9/03/2019,Delhi,Cochin,DEL → BDQ → BOM → COK,10:45,04:25 10 Mar,17h 40m,2 stops,In-flight meal not included,15654
IndiGo,15/05/2019,Mumbai,Hyderabad,BOM → HYD,02:35,04:05,1h 30m,non-stop,No info,2754
Jet Airways,27/05/2019,Delhi,Cochin,DEL → BOM → COK,09:00,19:00,10h,1 stop,In-flight meal not included,10675
Jet Airways,6/05/2019,Kolkata,Banglore,CCU → DEL → BLR,09:35,19:10,9h 35m,1 stop,In-flight meal not included,12384
Jet Airways,9/05/2019,Delhi,Cochin,DEL → JAI → BOM → COK,19:30,12:35 10 May,17h 5m,2 stops,No info,15129
SpiceJet,27/05/2019,Mumbai,Hyderabad,BOM → HYD,22:45,00:15 28 May,1h 30m,non-stop,No info,2017
Air Asia,21/05/2019,Kolkata,Banglore,CCU → BBI → BLR,19:55,23:30,3h 35m,1 stop,No info,5162
SpiceJet,27/05/2019,Banglore,Delhi,BLR → DEL,09:30,12:20,2h 50m,non-stop,No info,3625
SpiceJet,1/05/2019,Kolkata,Banglore,CCU → BLR,22:20,00:40 02 May,2h 20m,non-stop,No info,3873
IndiGo,24/03/2019,Chennai,Kolkata,MAA → CCU,13:20,15:35,2h 15m,non-stop,No info,4752
IndiGo,9/06/2019,Delhi,Cochin,DEL → BOM → COK,09:15,01:30 10 Jun,16h 15m,1 stop,No info,6628
Air India,24/03/2019,Kolkata,Banglore,CCU → DEL → VGA → BLR,07:00,10:00 25 Mar,27h,2 stops,No info,11491
Jet Airways,12/05/2019,Kolkata,Banglore,CCU → BOM → BLR,08:25,20:45,12h 20m,1 stop,In-flight meal not included,10844
Multiple carriers,27/05/2019,Delhi,Cochin,DEL → BOM → COK,13:00,19:15,6h 15m,1 stop,No info,15898
SpiceJet,27/03/2019,Kolkata,Banglore,CCU → BLR,17:15,19:45,2h 30m,non-stop,No check-in baggage included,3815
IndiGo,27/05/2019,Delhi,Cochin,DEL → HYD → COK,16:10,22:30,6h 20m,1 stop,No info,6938
Jet Airways,1/06/2019,Delhi,Cochin,DEL → BOM → COK,17:30,04:25 02 Jun,10h 55m,1 stop,No info,14714
Jet Airways,24/03/2019,Banglore,New Delhi,BLR → BOM → DEL,22:50,12:15 19 Mar,13h 25m,1 stop,In-flight meal not included,7832
Jet Airways,15/05/2019,Banglore,Delhi,BLR → DEL,17:45,20:45,3h,non-stop,In-flight meal not included,4030
Vistara,24/03/2019,Banglore,New Delhi,BLR → DEL,11:30,14:10,2h 40m,non-stop,No info,5403
Jet Airways,9/05/2019,Delhi,Cochin,DEL → AMD → BOM → COK,23:05,04:25 11 May,29h 20m,2 stops,No info,15129
Air Asia,9/06/2019,Delhi,Cochin,DEL → BLR → COK,07:55,15:45,7h 50m,1 stop,No info,8759
Multiple carriers,6/03/2019,Delhi,Cochin,DEL → BOM → COK,10:20,21:00,10h 40m,1 stop,No info,15147
IndiGo,9/05/2019,Chennai,Kolkata,MAA → CCU,22:05,00:25 10 May,2h 20m,non-stop,No info,5277
IndiGo,24/03/2019,Chennai,Kolkata,MAA → CCU,22:05,00:25 25 Mar,2h 20m,non-stop,No info,5277
Jet Airways,24/03/2019,Kolkata,Banglore,CCU → BOM → BLR,16:55,09:15 25 Mar,16h 20m,1 stop,In-flight meal not included,11134
Jet Airways,9/03/2019,Delhi,Cochin,DEL → IDR → BOM → COK,05:25,04:25 10 Mar,23h,2 stops,No info,16914
Jet Airways,21/05/2019,Kolkata,Banglore,CCU → BOM → BLR,06:30,08:15 22 May,25h 45m,1 stop,In-flight meal not included,8586
Jet Airways,27/05/2019,Delhi,Cochin,DEL → BOM → COK,15:00,19:00 28 May,28h,1 stop,In-flight meal not included,12898
Jet Airways,03/03/2019,Banglore,New Delhi,BLR → BOM → DEL,08:00,05:05 07 Mar,21h 5m,1 stop,In-flight meal not included,13502
Jet Airways,3/03/2019,Delhi,Cochin,DEL → BOM → COK,09:55,18:50,8h 55m,1 stop,No info,18550
Jet Airways,9/03/2019,Delhi,Cochin,DEL → BOM → COK,19:15,18:50 10 Mar,23h 35m,1 stop,In-flight meal not included,14053
SpiceJet,15/06/2019,Mumbai,Hyderabad,BOM → HYD,22:45,00:15 16 Jun,1h 30m,non-stop,No info,2017
Multiple carriers,12/06/2019,Delhi,Cochin,DEL → BOM → COK,08:00,19:00,11h,1 stop,No info,12192
Jet Airways,24/06/2019,Delhi,Cochin,DEL → JAI → BOM → COK,05:30,04:25 25 Jun,22h 55m,2 stops,In-flight meal not included,10368
Vistara,9/06/2019,Banglore,Delhi,BLR → DEL,11:30,14:20,2h 50m,non-stop,No info,4668
Air Asia,27/06/2019,Kolkata,Banglore,CCU → BLR,22:50,01:20 28 Jun,2h 30m,non-stop,No info,3807
Air India,15/03/2019,Banglore,New Delhi,BLR → DEL,21:10,23:55,2h 45m,non-stop,No info,8851
Vistara,21/05/2019,Delhi,Cochin,DEL → COK,06:00,09:10,3h 10m,non-stop,No info,6741
IndiGo,9/06/2019,Kolkata,Banglore,CCU → BLR,09:35,12:20,2h 45m,non-stop,No info,4804
Air India,21/03/2019,Delhi,Cochin,DEL → HYD → BOM → COK,17:15,19:15 22 Mar,26h,2 stops,No info,8245
Air Asia,21/06/2019,Kolkata,Banglore,CCU → BLR,19:55,22:25,2h 30m,non-stop,No info,4107
Jet Airways,21/05/2019,Delhi,Cochin,DEL → BOM → COK,21:50,19:00 22 May,21h 10m,1 stop,In-flight meal not included,12898
Jet Airways,27/06/2019,Delhi,Cochin,DEL → BOM → COK,13:00,19:00,6h,1 stop,In-flight meal not included,10262
Jet Airways,12/03/2019,Mumbai,Hyderabad,BOM → VNS → DEL → HYD,06:30,16:35,10h 5m,2 stops,No info,23528
Air Asia,21/04/2019,Banglore,Delhi,BLR → DEL,23:55,02:45 22 Apr,2h 50m,non-stop,No info,4483
Jet Airways,1/06/2019,Delhi,Cochin,DEL → IDR → BOM → COK,09:35,12:35 02 Jun,27h,2 stops,No info,13292
Jet Airways,27/03/2019,Delhi,Cochin,DEL → BOM → COK,07:05,04:25 28 Mar,21h 20m,1 stop,In-flight meal not included,6645
Air India,9/06/2019,Kolkata,Banglore,CCU → BBI → BOM → BLR,12:00,18:30 10 Jun,30h 30m,2 stops,No info,10151
Jet Airways,24/04/2019,Banglore,Delhi,BLR → DEL,15:15,18:10,2h 55m,non-stop,No info,7229
Air India,9/05/2019,Delhi,Cochin,DEL → TRV → COK,05:15,06:50 10 May,25h 35m,1 stop,No info,6587
Jet Airways,3/05/2019,Banglore,Delhi,BLR → DEL,15:15,18:10,2h 55m,non-stop,In-flight meal not included,4544
Multiple carriers,3/03/2019,Delhi,Cochin,DEL → BOM → COK,11:30,18:50,7h 20m,1 stop,No info,15135
Jet Airways,6/06/2019,Delhi,Cochin,DEL → BHO → BOM → COK,05:30,12:35,7h 5m,2 stops,In-flight meal not included,13344
Jet Airways,6/06/2019,Kolkata,Banglore,CCU → BOM → BLR,18:55,12:00 07 Jun,17h 5m,1 stop,No info,14571
IndiGo,6/03/2019,Delhi,Cochin,DEL → HYD → COK,07:35,16:10,8h 35m,1 stop,No info,7094
IndiGo,18/06/2019,Kolkata,Banglore,CCU → BLR,21:25,00:05 19 Jun,2h 40m,non-stop,No info,4804
Jet Airways,09/03/2019,Banglore,New Delhi,BLR → BOM → DEL,18:40,00:45 07 Mar,6h 5m,1 stop,No info,22270
Air India,24/05/2019,Delhi,Cochin,DEL → COK,14:10,17:10,3h,non-stop,No info,6934
Jet Airways,27/03/2019,Delhi,Cochin,DEL → IXC → BOM → COK,06:20,04:25 28 Mar,22h 5m,2 stops,In-flight meal not included,9296
Jet Airways,27/05/2019,Delhi,Cochin,DEL → BOM → COK,16:00,19:00 28 May,27h,1 stop,No info,16079
Vistara,6/06/2019,Kolkata,Banglore,CCU → DEL → BLR,20:20,23:25 07 Jun,27h 5m,1 stop,No info,9345
Jet Airways,6/06/2019,Kolkata,Banglore,CCU → DEL → BLR,17:00,18:00 07 Jun,25h,1 stop,No info,12692
Air India,12/06/2019,Delhi,Cochin,DEL → AMD → BOM → COK,05:00,07:40 13 Jun,26h 40m,2 stops,No info,10231
Jet Airways,18/05/2019,Delhi,Cochin,DEL → JAI → BOM → COK,05:30,04:25 19 May,22h 55m,2 stops,In-flight meal not included,13029
Jet Airways,27/05/2019,Banglore,Delhi,BLR → DEL,06:00,08:45,2h 45m,non-stop,No info,7229
Air Asia,18/03/2019,Kolkata,Banglore,CCU → BLR,22:50,01:20 19 Mar,2h 30m,non-stop,No info,4082
IndiGo,1/06/2019,Kolkata,Banglore,CCU → BLR,17:15,19:50,2h 35m,non-stop,No info,5224
Vistara,18/03/2019,Delhi,Cochin,DEL → COK,14:55,17:50,2h 55m,non-stop,No info,5586
Vistara,3/05/2019,Chennai,Kolkata,MAA → CCU,07:05,09:20,2h 15m,non-stop,No info,3687
Jet Airways,6/06/2019,Kolkata,Banglore,CCU → DEL → BLR,20:25,10:55 07 Jun,14h 30m,1 stop,In-flight meal not included,10539
Jet Airways,12/05/2019,Kolkata,Banglore,CCU → BOM → BLR,08:25,08:15 13 May,23h 50m,1 stop,In-flight meal not included,8586
SpiceJet,27/04/2019,Banglore,Delhi,BLR → DEL,05:55,08:35,2h 40m,non-stop,No info,4423
Jet Airways,6/05/2019,Kolkata,Banglore,CCU → BOM → BLR,18:55,16:20 07 May,21h 25m,1 stop,No info,13584
IndiGo,3/03/2019,Kolkata,Banglore,CCU → BLR,05:30,08:20,2h 50m,non-stop,No info,4778
Multiple carriers,15/06/2019,Delhi,Cochin,DEL → BOM → COK,08:45,19:15,10h 30m,1 stop,No info,9526
Multiple carriers,15/06/2019,Delhi,Cochin,DEL → BOM → COK,06:00,19:00,13h,1 stop,No info,11789
Jet Airways,6/06/2019,Banglore,Delhi,BLR → DEL,06:00,08:45,2h 45m,non-stop,No info,8016
Air India,3/05/2019,Banglore,Delhi,BLR → DEL,13:20,16:10,2h 50m,non-stop,No info,6121
IndiGo,9/06/2019,Delhi,Cochin,DEL → HYD → COK,14:20,22:30,8h 10m,1 stop,No info,6938
Jet Airways,12/03/2019,Banglore,New Delhi,BLR → BOM → DEL,22:55,15:15 13 Mar,16h 20m,1 stop,In-flight meal not included,11087
Jet Airways,6/06/2019,Delhi,Cochin,DEL → JAI → BOM → COK,05:30,19:00,13h 30m,2 stops,No info,13014
IndiGo,18/04/2019,Delhi,Cochin,DEL → COK,14:20,17:35,3h 15m,non-stop,No info,6015
Jet Airways,12/05/2019,Kolkata,Banglore,CCU → BOM → BLR,08:25,04:40 13 May,20h 15m,1 stop,No info,13941
Vistara,6/06/2019,Banglore,Delhi,BLR → DEL,17:00,19:35,2h 35m,non-stop,No info,4878
Jet Airways,1/04/2019,Kolkata,Banglore,CCU → BOM → BLR,14:05,19:50,5h 45m,1 stop,No info,13364
Air India,6/05/2019,Banglore,Delhi,BLR → DEL,13:20,16:10,2h 50m,non-stop,No info,5228
Jet Airways,12/03/2019,Banglore,New Delhi,BLR → BOM → DEL,18:55,07:40 13 Mar,12h 45m,1 stop,No info,13817
IndiGo,27/05/2019,Banglore,Delhi,BLR → DEL,13:00,15:50,2h 50m,non-stop,No info,3943
Jet Airways,15/05/2019,Kolkata,Banglore,CCU → BOM → BLR,06:30,04:40 16 May,22h 10m,1 stop,No info,13941
Multiple carriers,3/06/2019,Delhi,Cochin,DEL → BOM → COK,18:15,01:30 04 Jun,7h 15m,1 stop,No info,13377
Vistara,15/05/2019,Banglore,Delhi,BLR → DEL,17:00,19:35,2h 35m,non-stop,No info,4878
Jet Airways,1/06/2019,Delhi,Cochin,DEL → NAG → BOM → COK,06:45,04:25 02 Jun,21h 40m,2 stops,In-flight meal not included,10919
Multiple carriers,21/03/2019,Delhi,Cochin,DEL → BOM → COK,13:00,01:35 22 Mar,12h 35m,1 stop,No info,13542
Jet Airways,21/03/2019,Delhi,Cochin,DEL → BOM → COK,17:30,04:25 22 Mar,10h 55m,1 stop,No info,12557
Jet Airways,6/06/2019,Kolkata,Banglore,CCU → BOM → BLR,06:30,04:40 07 Jun,22h 10m,1 stop,In-flight meal not included,8586
SpiceJet,12/04/2019,Kolkata,Banglore,CCU → BLR,17:10,19:40,2h 30m,non-stop,No info,3873
Air India,24/05/2019,Delhi,Cochin,DEL → BOM → COK,23:00,19:15 25 May,20h 15m,1 stop,No info,8582
Jet Airways,12/06/2019,Kolkata,Banglore,CCU → DEL → BLR,09:35,19:10,9h 35m,1 stop,In-flight meal not included,10539
IndiGo,9/05/2019,Mumbai,Hyderabad,BOM → HYD,16:55,18:25,1h 30m,non-stop,No info,4784
IndiGo,12/06/2019,Delhi,Cochin,DEL → LKO → COK,21:50,03:35 13 Jun,5h 45m,1 stop,No info,5775
IndiGo,21/03/2019,Banglore,New Delhi,BLR → LKO → DEL,05:25,10:10,4h 45m,1 stop,No info,6208
Jet Airways,3/06/2019,Delhi,Cochin,DEL → BOM → COK,19:45,19:00 04 Jun,23h 15m,1 stop,No info,14714
Multiple carriers,21/03/2019,Delhi,Cochin,DEL → BOM → COK,09:00,21:00,12h,1 stop,No info,6883
Multiple carriers,3/03/2019,Delhi,Cochin,DEL → BOM → COK,13:00,21:00,8h,1 stop,No info,18286
Jet Airways,18/04/2019,Banglore,Delhi,BLR → DEL,06:00,08:45,2h 45m,non-stop,No info,7229
Jet Airways,6/05/2019,Kolkata,Banglore,CCU → BOM → BLR,06:30,10:05 07 May,27h 35m,1 stop,No info,13941
IndiGo,27/05/2019,Delhi,Cochin,DEL → BOM → COK,04:55,21:00,16h 5m,1 stop,No info,8784
Jet Airways,6/05/2019,Delhi,Cochin,DEL → AMD → BOM → COK,19:10,19:00 07 May,23h 50m,2 stops,No info,15129
Multiple carriers,27/05/2019,Delhi,Cochin,DEL → HYD → COK,09:45,22:30,12h 45m,1 stop,No info,10486
IndiGo,24/06/2019,Kolkata,Banglore,CCU → BLR,20:20,22:55,2h 35m,non-stop,No info,4804
IndiGo,3/03/2019,Delhi,Cochin,DEL → HYD → COK,11:55,22:20,10h 25m,1 stop,No info,11600
IndiGo,18/06/2019,Mumbai,Hyderabad,BOM → HYD,21:20,22:50,1h 30m,non-stop,No info,2227
Air India,6/05/2019,Kolkata,Banglore,CCU → BBI → BLR,09:10,13:15,4h 5m,1 stop,No info,8996
Air Asia,21/05/2019,Kolkata,Banglore,CCU → DEL → BLR,22:40,10:40 22 May,12h,1 stop,No info,9719
Jet Airways,24/05/2019,Kolkata,Banglore,CCU → GAU → BLR,10:20,17:35,7h 15m,1 stop,In-flight meal not included,6287
Jet Airways,24/06/2019,Delhi,Cochin,DEL → JAI → BOM → COK,05:30,04:25 25 Jun,22h 55m,2 stops,No info,13014
Multiple carriers,3/06/2019,Delhi,Cochin,DEL → BOM → COK,11:30,19:15,7h 45m,1 stop,No info,14848
Jet Airways,6/06/2019,Kolkata,Banglore,CCU → BOM → BLR,14:05,04:40 07 Jun,14h 35m,1 stop,No info,13059
Multiple carriers,15/06/2019,Delhi,Cochin,DEL → BOM → COK,08:45,19:00,10h 15m,1 stop,No info,11789
IndiGo,21/03/2019,Banglore,New Delhi,BLR → BOM → DEL,19:35,00:35 19 Mar,5h,1 stop,No info,6575
Jet Airways,9/05/2019,Delhi,Cochin,DEL → AMD → BOM → COK,23:05,04:25 11 May,29h 20m,2 stops,No info,16704
Air India,15/05/2019,Delhi,Cochin,DEL → HYD → BOM → COK,17:15,19:15 16 May,26h,2 stops,No info,13039
Jet Airways,1/05/2019,Kolkata,Banglore,CCU → BOM → BLR,14:05,04:40 02 May,14h 35m,1 stop,No info,13941
Jet Airways,12/06/2019,Kolkata,Banglore,CCU → BOM → BLR,18:55,08:15 13 Jun,13h 20m,1 stop,No info,13044
IndiGo,24/05/2019,Delhi,Cochin,DEL → HYD → COK,14:20,22:30,8h 10m,1 stop,No info,7640
Multiple carriers,3/06/2019,Delhi,Cochin,DEL → BOM → COK,09:15,19:15,10h,1 stop,No info,8099
SpiceJet,1/04/2019,Delhi,Cochin,DEL → MAA → COK,06:05,11:20,5h 15m,1 stop,No info,5351
IndiGo,6/04/2019,Banglore,Delhi,BLR → DEL,13:00,15:50,2h 50m,non-stop,No info,4423
Air India,6/06/2019,Delhi,Cochin,DEL → AMD → BOM → COK,16:40,19:15 07 Jun,26h 35m,2 stops,No info,9653
Jet Airways,3/06/2019,Delhi,Cochin,DEL → BOM → COK,19:15,19:00 04 Jun,23h 45m,1 stop,No info,14714
Jet Airways,1/05/2019,Banglore,Delhi,BLR → DEL,18:55,22:00,3h 5m,non-stop,In-flight meal not included,4030
Air India,12/06/2019,Delhi,Cochin,DEL → COK,05:10,08:00,2h 50m,non-stop,No info,5201
Air India,3/06/2019,Delhi,Cochin,DEL → RPR → NAG → BOM → COK,05:15,19:15 04 Jun,38h,3 stops,No info,10493
Air India,15/05/2019,Delhi,Cochin,DEL → BLR → COK,13:30,08:15 16 May,18h 45m,1 stop,No info,10671
IndiGo,1/04/2019,Kolkata,Banglore,CCU → PAT → BLR,09:20,14:15,4h 55m,1 stop,No info,10308
Jet Airways,27/03/2019,Delhi,Cochin,DEL → BOM → COK,07:05,18:50,11h 45m,1 stop,No info,12032
Vistara,18/04/2019,Delhi,Cochin,DEL → COK,14:40,17:50,3h 10m,non-stop,No info,6216
SpiceJet,27/03/2019,Chennai,Kolkata,MAA → CCU,17:45,20:05,2h 20m,non-stop,No info,3384
Jet Airways,01/03/2019,Banglore,New Delhi,BLR → BOM → DEL,11:40,21:20,9h 40m,1 stop,1 Long layover,27992
Jet Airways,9/06/2019,Kolkata,Banglore,CCU → GAU → BLR,10:20,17:35,7h 15m,1 stop,In-flight meal not included,5608
Air India,6/06/2019,Kolkata,Banglore,CCU → VNS → DEL → BLR,14:30,08:55 07 Jun,18h 25m,2 stops,No info,15107
IndiGo,21/05/2019,Delhi,Cochin,DEL → BOM → COK,17:30,01:30 22 May,8h,1 stop,No info,6794
Jet Airways,24/06/2019,Mumbai,Hyderabad,BOM → HYD,02:55,04:20,1h 25m,non-stop,In-flight meal not included,4050
IndiGo,21/04/2019,Delhi,Cochin,DEL → HYD → COK,06:50,12:10,5h 20m,1 stop,No info,6968
Multiple carriers,27/03/2019,Delhi,Cochin,DEL → BOM → COK,07:05,13:20,6h 15m,1 stop,No info,12537
Jet Airways,1/05/2019,Kolkata,Banglore,CCU → DEL → BLR,17:00,18:00 02 May,25h,1 stop,In-flight meal not included,9314
SpiceJet,3/06/2019,Mumbai,Hyderabad,BOM → HYD,05:45,07:15,1h 30m,non-stop,No info,2753
Multiple carriers,27/05/2019,Delhi,Cochin,DEL → BOM → COK,06:40,19:00,12h 20m,1 stop,No info,9315
IndiGo,3/05/2019,Banglore,Delhi,BLR → DEL,22:10,01:00 04 May,2h 50m,non-stop,No info,4284
Jet Airways,1/06/2019,Delhi,Cochin,DEL → JAI → BOM → COK,09:40,12:35 02 Jun,26h 55m,2 stops,In-flight meal not included,10368
IndiGo,6/05/2019,Chennai,Kolkata,MAA → CCU,14:45,17:05,2h 20m,non-stop,No info,3597
Multiple carriers,27/03/2019,Delhi,Cochin,DEL → BOM → COK,02:15,15:30,13h 15m,1 stop,No info,12327
IndiGo,24/03/2019,Mumbai,Hyderabad,BOM → HYD,20:05,21:35,1h 30m,non-stop,No info,2227
Jet Airways,18/05/2019,Delhi,Cochin,DEL → AMD → BOM → COK,23:05,12:35 19 May,13h 30m,2 stops,No info,15129
Jet Airways,21/05/2019,Delhi,Cochin,DEL → BOM → COK,22:50,19:00 22 May,20h 10m,1 stop,In-flight meal not included,12898
GoAir,24/06/2019,Banglore,Delhi,BLR → DEL,20:55,23:40,2h 45m,non-stop,No info,3419
SpiceJet,18/06/2019,Banglore,Delhi,BLR → DEL,05:55,08:35,2h 40m,non-stop,No check-in baggage included,3573
Air India,3/04/2019,Banglore,Delhi,BLR → DEL,06:10,08:55,2h 45m,non-stop,No info,4441
IndiGo,6/03/2019,Delhi,Cochin,DEL → HYD → MAA → COK,11:55,21:20,9h 25m,2 stops,No info,6610
Jet Airways,24/06/2019,Delhi,Cochin,DEL → BOM → COK,17:30,19:00 25 Jun,25h 30m,1 stop,In-flight meal not included,10262
Air India,15/06/2019,Banglore,Delhi,BLR → DEL,17:00,19:45,2h 45m,non-stop,No info,7171
Vistara,1/04/2019,Kolkata,Banglore,CCU → DEL → BLR,17:00,22:55,5h 55m,1 stop,No info,8977
Air India,12/03/2019,Mumbai,Hyderabad,BOM → HYD,21:05,22:25,1h 20m,non-stop,No info,4307
Jet Airways,18/03/2019,Banglore,New Delhi,BLR → BOM → DEL,14:05,21:20,7h 15m,1 stop,No info,16946
IndiGo,21/03/2019,Banglore,New Delhi,BLR → STV → DEL,11:20,15:25,4h 5m,1 stop,No info,5746
Jet Airways,21/03/2019,Delhi,Cochin,DEL → BDQ → BOM → COK,10:45,04:25 22 Mar,17h 40m,2 stops,In-flight meal not included,8367
Jet Airways,12/03/2019,Banglore,New Delhi,BLR → BOM → DEL,22:55,16:10 13 Mar,17h 15m,1 stop,No info,13817
IndiGo,21/03/2019,Chennai,Kolkata,MAA → CCU,19:35,21:55,2h 20m,non-stop,No info,3384
Air India,12/05/2019,Kolkata,Banglore,CCU → HYD → BLR,19:00,11:05 13 May,16h 5m,1 stop,No info,6327
IndiGo,18/06/2019,Banglore,Delhi,BLR → DEL,20:00,22:50,2h 50m,non-stop,No info,4823
Jet Airways,15/06/2019,Delhi,Cochin,DEL → BDQ → BOM → COK,18:25,12:35 16 Jun,18h 10m,2 stops,No info,14237
Jet Airways,18/05/2019,Delhi,Cochin,DEL → BOM → COK,19:15,12:35 19 May,17h 20m,1 stop,In-flight meal not included,12373
Jet Airways,15/06/2019,Delhi,Cochin,DEL → IDR → BOM → COK,05:30,04:25 16 Jun,22h 55m,2 stops,No info,13292
Jet Airways,21/04/2019,Banglore,Delhi,BLR → DEL,17:45,20:45,3h,non-stop,No info,7229
Air India,12/05/2019,Mumbai,Hyderabad,BOM → HYD,13:55,15:25,1h 30m,non-stop,No info,3100
Jet Airways,3/04/2019,Banglore,Delhi,BLR → DEL,17:45,20:45,3h,non-stop,No info,7229
IndiGo,3/06/2019,Mumbai,Hyderabad,BOM → HYD,06:25,07:55,1h 30m,non-stop,No info,4049
Multiple carriers,3/06/2019,Delhi,Cochin,DEL → HYD → COK,07:05,16:10,9h 5m,1 stop,No info,10696
SpiceJet,27/06/2019,Mumbai,Hyderabad,BOM → HYD,13:15,14:45,1h 30m,non-stop,No check-in baggage included,1965
Jet Airways,12/05/2019,Kolkata,Banglore,CCU → BOM → BLR,08:25,19:50,11h 25m,1 stop,In-flight meal not included,8586
Jet Airways,06/03/2019,Banglore,New Delhi,BLR → BOM → DEL,05:45,21:20,15h 35m,1 stop,No info,16736
Jet Airways,1/04/2019,Kolkata,Banglore,CCU → BOM → BLR,06:30,16:20,9h 50m,1 stop,No info,12996
Multiple carriers,9/05/2019,Delhi,Cochin,DEL → BOM → COK,10:20,01:30 10 May,15h 10m,1 stop,No info,9021
IndiGo,3/06/2019,Banglore,Delhi,BLR → DEL,23:30,02:20 04 Jun,2h 50m,non-stop,No info,4591
Jet Airways,1/05/2019,Kolkata,Banglore,CCU → DEL → BLR,09:35,09:45 02 May,24h 10m,1 stop,No info,11467
Vistara,15/05/2019,Kolkata,Banglore,CCU → DEL → BLR,07:10,10:45 16 May,27h 35m,1 stop,No info,8452
GoAir,24/06/2019,Delhi,Cochin,DEL → BOM → COK,10:35,19:35,9h,1 stop,No info,3876
Jet Airways,15/06/2019,Delhi,Cochin,DEL → JAI → BOM → COK,19:30,12:35 16 Jun,17h 5m,2 stops,In-flight meal not included,10368
Air India,12/05/2019,Banglore,Delhi,BLR → DEL,13:20,16:10,2h 50m,non-stop,No info,6121
IndiGo,6/06/2019,Chennai,Kolkata,MAA → CCU,11:35,14:00,2h 25m,non-stop,No info,3858
Multiple carriers,1/06/2019,Delhi,Cochin,DEL → BOM → COK,18:00,01:30 02 Jun,7h 30m,1 stop,No info,7933
Air India,24/06/2019,Delhi,Cochin,DEL → CCU → BOM → COK,16:55,19:15 25 Jun,26h 20m,2 stops,No info,13381
Jet Airways,18/05/2019,Delhi,Cochin,DEL → BOM → COK,11:30,19:00,7h 30m,1 stop,No info,15554
Multiple carriers,3/03/2019,Delhi,Cochin,DEL → BOM → COK,18:15,01:35 04 Mar,7h 20m,1 stop,No info,18916
SpiceJet,15/05/2019,Kolkata,Banglore,CCU → PNQ → BLR,08:35,17:15,8h 40m,1 stop,No info,6381
Jet Airways,27/05/2019,Mumbai,Hyderabad,BOM → HYD,10:20,11:50,1h 30m,non-stop,No info,8040
SpiceJet,1/06/2019,Kolkata,Banglore,CCU → BLR,22:20,00:40 02 Jun,2h 20m,non-stop,No check-in baggage included,3841
Jet Airways,21/05/2019,Delhi,Cochin,DEL → AMD → BOM → COK,19:10,19:00 22 May,23h 50m,2 stops,No info,15129
Jet Airways,3/04/2019,Delhi,Cochin,DEL → BOM → COK,02:15,04:25 04 Apr,26h 10m,1 stop,In-flight meal not included,5177
Jet Airways,9/05/2019,Kolkata,Banglore,CCU → DEL → BLR,20:25,18:00 10 May,21h 35m,1 stop,In-flight meal not included,9314
Multiple carriers,18/05/2019,Delhi,Cochin,DEL → BOM → COK,11:40,01:30 19 May,13h 50m,1 stop,No info,8405
Jet Airways,9/04/2019,Banglore,Delhi,BLR → DEL,15:50,18:45,2h 55m,non-stop,In-flight meal not included,4544
IndiGo,18/03/2019,Kolkata,Banglore,CCU → BLR,15:20,17:55,2h 35m,non-stop,No info,4462
Vistara,9/06/2019,Kolkata,Banglore,CCU → DEL → BLR,20:20,18:50 10 Jun,22h 30m,1 stop,No info,8610
Jet Airways,24/06/2019,Delhi,Cochin,DEL → IDR → BOM → COK,05:30,19:00,13h 30m,2 stops,No info,13292
Jet Airways,24/03/2019,Mumbai,Hyderabad,BOM → HYD,15:50,17:20,1h 30m,non-stop,In-flight meal not included,2228
IndiGo,1/04/2019,Kolkata,Banglore,CCU → MAA → BLR,17:35,22:15,4h 40m,1 stop,No info,5699
Air India,9/05/2019,Kolkata,Banglore,CCU → JAI → DEL → BLR,08:20,20:25,12h 5m,2 stops,No info,11432
Air India,01/03/2019,Banglore,New Delhi,BLR → BOM → AMD → DEL,08:50,23:55 02 Mar,39h 5m,2 stops,No info,17135
Air India,09/03/2019,Banglore,New Delhi,BLR → COK → DEL,22:00,13:20 13 Mar,15h 20m,1 stop,No info,8425
IndiGo,3/06/2019,Delhi,Cochin,DEL → HYD → COK,05:05,12:10,7h 5m,1 stop,No info,6818
Multiple carriers,21/05/2019,Delhi,Cochin,DEL → BOM → COK,07:00,19:00,12h,1 stop,No info,10197
SpiceJet,9/03/2019,Mumbai,Hyderabad,BOM → HYD,08:50,10:15,1h 25m,non-stop,No info,5755
Air Asia,15/05/2019,Banglore,Delhi,BLR → DEL,23:55,02:45 16 May,2h 50m,non-stop,No info,3383
Air India,27/06/2019,Delhi,Cochin,DEL → GOI → BOM → COK,22:00,19:15 28 Jun,21h 15m,2 stops,No info,10441
Multiple carriers,27/06/2019,Delhi,Cochin,DEL → BOM → COK,10:00,21:00,11h,1 stop,No info,7408
IndiGo,6/03/2019,Delhi,Cochin,DEL → HYD → MAA → COK,08:35,21:20,12h 45m,2 stops,No info,7682
Air Asia,12/03/2019,Kolkata,Banglore,CCU → BLR,19:35,22:05,2h 30m,non-stop,No info,4384
Air India,27/03/2019,Delhi,Cochin,DEL → COK,05:10,08:00,2h 50m,non-stop,No info,4729
Multiple carriers,3/03/2019,Delhi,Cochin,DEL → BOM → COK,08:55,18:50,9h 55m,1 stop,No info,15411
Air India,21/05/2019,Kolkata,Banglore,CCU → DEL → COK → BLR,10:00,01:20 22 May,15h 20m,2 stops,No info,13033
Air India,12/06/2019,Kolkata,Banglore,CCU → BBI → HYD → BLR,09:10,04:40 13 Jun,19h 30m,2 stops,No info,6117
Air India,9/05/2019,Kolkata,Banglore,CCU → DEL → BLR,10:00,23:15,13h 15m,1 stop,No info,10203
Multiple carriers,12/06/2019,Delhi,Cochin,DEL → BOM → COK,07:30,19:00,11h 30m,1 stop,No info,10877
Multiple carriers,3/03/2019,Delhi,Cochin,DEL → HYD → COK,07:10,22:20,15h 10m,1 stop,In-flight meal not included,11125
Jet Airways,3/05/2019,Banglore,Delhi,BLR → DEL,11:10,14:05,2h 55m,non-stop,In-flight meal not included,4030
IndiGo,24/06/2019,Kolkata,Banglore,CCU → BLR,22:15,00:50 25 Jun,2h 35m,non-stop,No info,4804
IndiGo,3/03/2019,Kolkata,Banglore,CCU → BLR,10:10,12:55,2h 45m,non-stop,No info,6565
Air Asia,21/05/2019,Kolkata,Banglore,CCU → BLR,09:45,12:15,2h 30m,non-stop,No info,4409
GoAir,6/05/2019,Kolkata,Banglore,CCU → AMD → BLR,16:40,00:15 07 May,7h 35m,1 stop,No info,7102
Jet Airways,9/06/2019,Delhi,Cochin,DEL → BOM → COK,09:00,19:00,10h,1 stop,In-flight meal not included,10262
Jet Airways,27/05/2019,Delhi,Cochin,DEL → AMD → BOM → COK,23:05,04:25 29 May,29h 20m,2 stops,No info,16704
IndiGo,15/05/2019,Kolkata,Banglore,CCU → HYD → BLR,15:15,20:05,4h 50m,1 stop,No info,5380
SpiceJet,3/04/2019,Banglore,Delhi,BLR → DEL,09:30,12:20,2h 50m,non-stop,No info,3971
Jet Airways,1/04/2019,Kolkata,Banglore,CCU → BOM → BLR,18:55,12:00 02 Apr,17h 5m,1 stop,In-flight meal not included,7064
Jet Airways,9/05/2019,Kolkata,Banglore,CCU → DEL → BLR,20:25,14:25 10 May,18h,1 stop,In-flight meal not included,9314
Jet Airways,9/06/2019,Kolkata,Banglore,CCU → BOM → BLR,21:10,18:15 10 Jun,21h 5m,1 stop,In-flight meal not included,10844
Jet Airways,15/04/2019,Banglore,Delhi,BLR → DEL,11:10,14:05,2h 55m,non-stop,In-flight meal not included,4544
Air India,21/05/2019,Banglore,Delhi,BLR → DEL,10:00,12:45,2h 45m,non-stop,No info,6961
SpiceJet,15/03/2019,Banglore,New Delhi,BLR → PNQ → DEL,10:20,18:15,7h 55m,1 stop,No info,10341
Jet Airways,24/03/2019,Kolkata,Banglore,CCU → BOM → BLR,13:55,19:40,5h 45m,1 stop,In-flight meal not included,11134
Jet Airways,21/06/2019,Mumbai,Hyderabad,BOM → HYD,19:35,21:05,1h 30m,non-stop,No info,5678
Air India,27/05/2019,Delhi,Cochin,DEL → BOM → COK,18:00,19:15 28 May,25h 15m,1 stop,No info,8372
Multiple carriers,27/06/2019,Delhi,Cochin,DEL → BOM → COK,13:00,21:00,8h,1 stop,No info,7408
Jet Airways,6/06/2019,Kolkata,Banglore,CCU → BOM → BLR,08:25,16:20,7h 55m,1 stop,No info,14571
Jet Airways,21/05/2019,Kolkata,Banglore,CCU → BOM → BLR,20:00,19:50 22 May,23h 50m,1 stop,In-flight meal not included,10844
Air India,12/03/2019,Mumbai,Hyderabad,BOM → JDH → JAI → DEL → HYD,09:40,15:15 13 Mar,29h 35m,3 stops,No info,18293
Multiple carriers,9/05/2019,Delhi,Cochin,DEL → BOM → COK,10:20,19:15,8h 55m,1 stop,No info,8266
IndiGo,3/06/2019,Mumbai,Hyderabad,BOM → HYD,12:00,13:30,1h 30m,non-stop,No info,2754
SpiceJet,24/06/2019,Kolkata,Banglore,CCU → BLR,17:10,19:40,2h 30m,non-stop,No info,3873
IndiGo,24/05/2019,Banglore,Delhi,BLR → DEL,20:00,22:50,2h 50m,non-stop,No info,4823
Jet Airways,24/05/2019,Mumbai,Hyderabad,BOM → HYD,19:35,21:05,1h 30m,non-stop,No info,5678
Air India,12/03/2019,Chennai,Kolkata,MAA → CCU,11:40,13:55,2h 15m,non-stop,No info,7082
IndiGo,18/05/2019,Chennai,Kolkata,MAA → CCU,07:55,10:15,2h 20m,non-stop,No info,3850
Vistara,24/03/2019,Kolkata,Banglore,CCU → DEL → BLR,07:10,18:45,11h 35m,1 stop,No info,16932
Jet Airways,18/05/2019,Delhi,Cochin,DEL → JAI → BOM → COK,05:30,19:00,13h 30m,2 stops,In-flight meal not included,13029
IndiGo,12/06/2019,Kolkata,Banglore,CCU → PNQ → BLR,21:00,02:15 13 Jun,5h 15m,1 stop,No info,5930
Jet Airways,9/05/2019,Kolkata,Banglore,CCU → BOM → BLR,08:25,12:00 10 May,27h 35m,1 stop,In-flight meal not included,9663
IndiGo,9/05/2019,Delhi,Cochin,DEL → BLR → COK,17:05,22:25,5h 20m,1 stop,No info,6027
Jet Airways,18/05/2019,Delhi,Cochin,DEL → BOM → COK,09:00,12:35 19 May,27h 35m,1 stop,In-flight meal not included,12373
Air India,1/04/2019,Banglore,Delhi,BLR → DEL,17:00,19:45,2h 45m,non-stop,No info,5176
Vistara,18/05/2019,Banglore,Delhi,BLR → DEL,17:00,19:35,2h 35m,non-stop,No info,4878
Air India,3/05/2019,Banglore,Delhi,BLR → DEL,06:10,08:55,2h 45m,non-stop,No info,5228
Jet Airways,24/03/2019,Banglore,New Delhi,BLR → DEL,19:55,22:35,2h 40m,non-stop,No info,7229
Air India,18/06/2019,Mumbai,Hyderabad,BOM → HYD,19:30,20:45,1h 15m,non-stop,No info,3100
IndiGo,15/05/2019,Chennai,Kolkata,MAA → CCU,19:35,21:55,2h 20m,non-stop,No info,3597
Multiple carriers,27/05/2019,Delhi,Cochin,DEL → BOM → COK,11:30,21:00,9h 30m,1 stop,In-flight meal not included,6943
GoAir,01/03/2019,Banglore,New Delhi,BLR → DEL,07:45,10:40,2h 55m,non-stop,No info,13663
Jet Airways,18/05/2019,Kolkata,Banglore,CCU → BOM → BLR,05:45,19:50,14h 5m,1 stop,In-flight meal not included,10844
IndiGo,24/06/2019,Mumbai,Hyderabad,BOM → HYD,21:20,22:50,1h 30m,non-stop,No info,2227
IndiGo,1/06/2019,Banglore,Delhi,BLR → DEL,18:55,21:50,2h 55m,non-stop,No info,4823
Multiple carriers,24/06/2019,Delhi,Cochin,DEL → BOM → COK,13:00,01:30 25 Jun,12h 30m,1 stop,No info,13377
Jet Airways,12/06/2019,Kolkata,Banglore,CCU → BOM → BLR,21:10,09:20 13 Jun,12h 10m,1 stop,No info,13044
SpiceJet,21/03/2019,Kolkata,Banglore,CCU → BLR,17:15,19:45,2h 30m,non-stop,No check-in baggage included,3815
Jet Airways,24/06/2019,Delhi,Cochin,DEL → AMD → BOM → COK,19:10,19:00 25 Jun,23h 50m,2 stops,No info,12819
Multiple carriers,9/06/2019,Delhi,Cochin,DEL → BOM → COK,11:40,01:30 10 Jun,13h 50m,1 stop,No info,6795
IndiGo,21/05/2019,Delhi,Cochin,DEL → BOM → COK,15:00,01:30 22 May,10h 30m,1 stop,No info,6896
Jet Airways,06/03/2019,Banglore,New Delhi,BLR → BOM → DEL,11:40,00:45 07 Mar,13h 5m,1 stop,No info,14815
Air India,24/04/2019,Banglore,Delhi,BLR → DEL,13:20,16:10,2h 50m,non-stop,No info,6121
SpiceJet,1/04/2019,Banglore,Delhi,BLR → DEL,05:55,08:35,2h 40m,non-stop,No info,3971
Jet Airways,15/06/2019,Delhi,Cochin,DEL → BOM → COK,02:15,12:35,10h 20m,1 stop,No info,18371
SpiceJet,15/05/2019,Kolkata,Banglore,CCU → BLR,06:55,09:30,2h 35m,non-stop,No info,3873
Air India,24/03/2019,Banglore,New Delhi,BLR → DEL,21:10,23:55,2h 45m,non-stop,No info,4441
Air India,9/05/2019,Kolkata,Banglore,CCU → GAU → BLR,09:50,21:05,11h 15m,1 stop,No info,7452
Multiple carriers,6/05/2019,Delhi,Cochin,DEL → BOM → COK,13:00,21:00,8h,1 stop,No info,13727
Multiple carriers,27/06/2019,Delhi,Cochin,DEL → BOM → COK,11:30,01:30 28 Jun,14h,1 stop,No info,13377
IndiGo,24/03/2019,Banglore,New Delhi,BLR → DEL,07:10,10:05,2h 55m,non-stop,No info,6860
Jet Airways,24/05/2019,Kolkata,Banglore,CCU → BOM → BLR,18:55,16:20 25 May,21h 25m,1 stop,In-flight meal not included,10844
Multiple carriers,27/06/2019,Delhi,Cochin,DEL → BOM → COK,10:00,21:00,11h,1 stop,No info,13587
IndiGo,21/03/2019,Kolkata,Banglore,CCU → BLR,15:10,17:45,2h 35m,non-stop,No info,4148
Jet Airways,6/06/2019,Kolkata,Banglore,CCU → BOM → BLR,18:55,04:40 07 Jun,9h 45m,1 stop,No info,13374
SpiceJet,21/06/2019,Mumbai,Hyderabad,BOM → HYD,05:45,07:15,1h 30m,non-stop,No info,2753
Multiple carriers,24/06/2019,Delhi,Cochin,DEL → BOM → COK,08:45,19:00,10h 15m,1 stop,No info,12524
Multiple carriers,3/06/2019,Delhi,Cochin,DEL → BOM → COK,11:25,19:00,7h 35m,1 stop,No info,10877
Jet Airways,21/03/2019,Delhi,Cochin,DEL → BDQ → BOM → COK,10:45,04:25 22 Mar,17h 40m,2 stops,In-flight meal not included,7791
Jet Airways,9/06/2019,Kolkata,Banglore,CCU → BOM → BLR,21:10,04:40 10 Jun,7h 30m,1 stop,In-flight meal not included,8586
Jet Airways,18/05/2019,Delhi,Cochin,DEL → AMD → BOM → COK,23:05,04:25 20 May,29h 20m,2 stops,No info,16704
Air India,1/06/2019,Mumbai,Hyderabad,BOM → HYD,13:55,15:25,1h 30m,non-stop,No info,3625
IndiGo,24/04/2019,Kolkata,Banglore,CCU → BLR,17:15,19:50,2h 35m,non-stop,No info,4804
Jet Airways,24/06/2019,Delhi,Cochin,DEL → NAG → BOM → COK,14:35,12:35 25 Jun,22h,2 stops,No info,13376
Multiple carriers,12/06/2019,Delhi,Cochin,DEL → BOM → COK,07:30,19:15,11h 45m,1 stop,No info,7354
Jet Airways,06/03/2019,Banglore,New Delhi,BLR → BOM → DEL,14:05,08:15 07 Mar,18h 10m,1 stop,No info,14815
Air Asia,27/04/2019,Kolkata,Banglore,CCU → BLR,22:50,01:20 28 Apr,2h 30m,non-stop,No info,4409
SpiceJet,9/04/2019,Kolkata,Banglore,CCU → BLR,06:55,09:30,2h 35m,non-stop,No info,3873
Air India,1/06/2019,Kolkata,Banglore,CCU → BLR,14:15,16:45,2h 30m,non-stop,No info,6245
Jet Airways,27/03/2019,Delhi,Cochin,DEL → BOM → COK,13:00,04:25 28 Mar,15h 25m,1 stop,No info,12242
SpiceJet,18/05/2019,Mumbai,Hyderabad,BOM → HYD,05:45,07:15,1h 30m,non-stop,No check-in baggage included,1965
Jet Airways,9/06/2019,Delhi,Cochin,DEL → BOM → COK,07:05,12:35,5h 30m,1 stop,In-flight meal not included,10262
IndiGo,24/03/2019,Banglore,New Delhi,BLR → DEL,16:55,19:45,2h 50m,non-stop,No info,7303
Jet Airways,27/06/2019,Delhi,Cochin,DEL → AMD → BOM → COK,23:05,04:25 29 Jun,29h 20m,2 stops,In-flight meal not included,11150
Air India,01/03/2019,Banglore,New Delhi,BLR → BOM → IDR → DEL,06:45,11:10 02 Mar,28h 25m,2 stops,No info,20999
Multiple carriers,9/05/2019,Delhi,Cochin,DEL → BOM → COK,07:05,21:00,13h 55m,1 stop,In-flight meal not included,10546
IndiGo,18/04/2019,Banglore,Delhi,BLR → DEL,16:55,19:55,3h,non-stop,No info,4990
IndiGo,15/06/2019,Delhi,Cochin,DEL → LKO → COK,21:50,03:35 16 Jun,5h 45m,1 stop,No info,6195
Multiple carriers,18/05/2019,Delhi,Cochin,DEL → BOM → COK,10:35,19:00,8h 25m,1 stop,No info,9627
Multiple carriers,3/03/2019,Delhi,Cochin,DEL → BOM → COK,10:00,01:35 04 Mar,15h 35m,1 stop,No info,16863
Jet Airways,3/06/2019,Delhi,Cochin,DEL → BOM → COK,17:30,04:25 04 Jun,10h 55m,1 stop,No info,14714
SpiceJet,15/05/2019,Kolkata,Banglore,CCU → BLR,17:10,19:40,2h 30m,non-stop,No check-in baggage included,3841
Multiple carriers,24/06/2019,Delhi,Cochin,DEL → BOM → COK,17:45,01:30 25 Jun,7h 45m,1 stop,In-flight meal not included,5797
Multiple carriers,12/06/2019,Delhi,Cochin,DEL → BOM → COK,11:25,19:00,7h 35m,1 stop,No info,10877
Jet Airways,1/06/2019,Delhi,Cochin,DEL → BOM → COK,07:05,12:35,5h 30m,1 stop,In-flight meal not included,12898
Jet Airways,1/05/2019,Kolkata,Banglore,CCU → BOM → BLR,08:25,09:20 02 May,24h 55m,1 stop,No info,14388
Jet Airways,1/05/2019,Kolkata,Banglore,CCU → BOM → BLR,21:10,04:40 02 May,7h 30m,1 stop,In-flight meal not included,10844
Air India,12/06/2019,Delhi,Cochin,DEL → CCU → BOM → COK,20:15,19:15 13 Jun,23h,2 stops,No info,13381
Air Asia,9/05/2019,Kolkata,Banglore,CCU → BBI → BLR,19:55,23:30,3h 35m,1 stop,No info,5162
SpiceJet,12/06/2019,Kolkata,Banglore,CCU → BLR,06:55,09:30,2h 35m,non-stop,No info,3873
Air Asia,27/05/2019,Delhi,Cochin,DEL → BLR → COK,07:55,15:45,7h 50m,1 stop,No info,6451
Vistara,24/05/2019,Kolkata,Banglore,CCU → DEL → BLR,17:00,20:20 25 May,27h 20m,1 stop,No info,9870
Jet Airways,21/05/2019,Kolkata,Banglore,CCU → BOM → BLR,06:30,12:00,5h 30m,1 stop,No info,14388
Air India,27/05/2019,Delhi,Cochin,DEL → GOI → BOM → COK,22:00,19:15 28 May,21h 15m,2 stops,No info,10231
Multiple carriers,24/06/2019,Delhi,Cochin,DEL → BOM → COK,07:30,21:00,13h 30m,1 stop,No info,7740
Multiple carriers,6/06/2019,Delhi,Cochin,DEL → BOM → COK,10:20,21:00,10h 40m,1 stop,No info,7005
Air India,24/05/2019,Kolkata,Banglore,CCU → BOM → TRV → BLR,09:25,10:30 25 May,25h 5m,2 stops,No info,12797
Multiple carriers,15/06/2019,Delhi,Cochin,DEL → BOM → COK,19:00,01:30 16 Jun,6h 30m,1 stop,No info,6795
Air India,21/03/2019,Delhi,Cochin,DEL → BOM → COK,09:00,19:15,10h 15m,1 stop,No info,6902
Jet Airways,12/06/2019,Kolkata,Banglore,CCU → BOM → BLR,21:10,04:40 13 Jun,7h 30m,1 stop,No info,12739
Jet Airways,12/05/2019,Kolkata,Banglore,CCU → BOM → BLR,21:10,10:05 13 May,12h 55m,1 stop,No info,13941
Multiple carriers,21/05/2019,Delhi,Cochin,DEL → BOM → COK,06:00,21:00,15h,1 stop,No info,7485
Vistara,21/03/2019,Chennai,Kolkata,MAA → CCU,07:05,09:20,2h 15m,non-stop,No info,3739
Air India,21/04/2019,Delhi,Cochin,DEL → BLR → COK,20:30,23:00 22 Apr,26h 30m,1 stop,No info,7174
Jet Airways,9/05/2019,Delhi,Cochin,DEL → BOM → COK,22:50,19:00 10 May,20h 10m,1 stop,In-flight meal not included,12373
Multiple carriers,18/05/2019,Delhi,Cochin,DEL → BOM → COK,10:00,01:30 19 May,15h 30m,1 stop,No info,8073
IndiGo,9/05/2019,Delhi,Cochin,DEL → BOM → COK,06:40,21:00,14h 20m,1 stop,No info,7191
Multiple carriers,27/06/2019,Delhi,Cochin,DEL → BOM → COK,14:00,01:30 28 Jun,11h 30m,1 stop,No info,13377
SpiceJet,18/04/2019,Banglore,Delhi,BLR → DEL,05:55,08:35,2h 40m,non-stop,No check-in baggage included,4319
Jet Airways,27/06/2019,Mumbai,Hyderabad,BOM → HYD,10:20,11:50,1h 30m,non-stop,No info,8040
Jet Airways,6/06/2019,Delhi,Cochin,DEL → BOM → COK,16:00,19:00 07 Jun,27h,1 stop,No info,14714
Vistara,6/03/2019,Mumbai,Hyderabad,BOM → DEL → HYD,11:55,22:55,11h,1 stop,No info,12395
IndiGo,9/05/2019,Kolkata,Banglore,CCU → BLR,09:35,12:20,2h 45m,non-stop,No info,4804
Vistara,27/04/2019,Banglore,Delhi,BLR → DEL,11:30,14:20,2h 50m,non-stop,No info,5403
Multiple carriers,21/05/2019,Delhi,Cochin,DEL → BOM → COK,10:35,19:00,8h 25m,1 stop,No info,9103
SpiceJet,12/05/2019,Mumbai,Hyderabad,BOM → HYD,22:45,00:15 13 May,1h 30m,non-stop,No check-in baggage included,1965
Multiple carriers,3/06/2019,Delhi,Cochin,DEL → BOM → COK,10:20,01:30 04 Jun,15h 10m,1 stop,No info,6795
SpiceJet,09/03/2019,Banglore,New Delhi,BLR → DEL,09:35,12:30,2h 55m,non-stop,No info,6205
IndiGo,24/06/2019,Chennai,Kolkata,MAA → CCU,22:05,00:25 25 Jun,2h 20m,non-stop,No info,5277
Jet Airways,15/05/2019,Banglore,Delhi,BLR → DEL,18:55,22:00,3h 5m,non-stop,No info,7229
IndiGo,03/03/2019,Banglore,New Delhi,BLR → LKO → DEL,05:25,10:10,4h 45m,1 stop,No info,7774
Jet Airways,18/05/2019,Delhi,Cochin,DEL → JAI → BOM → COK,09:40,19:00,9h 20m,2 stops,No info,15129
Jet Airways,3/06/2019,Banglore,Delhi,BLR → DEL,17:45,20:45,3h,non-stop,No info,8016
Air India,24/03/2019,Mumbai,Hyderabad,BOM → HYD,13:55,15:25,1h 30m,non-stop,No info,2575
Air India,27/05/2019,Delhi,Cochin,DEL → BOM → COK,09:00,19:15,10h 15m,1 stop,No info,9929
Air India,9/06/2019,Mumbai,Hyderabad,BOM → HYD,21:05,22:25,1h 20m,non-stop,No info,3100
SpiceJet,9/06/2019,Kolkata,Banglore,CCU → KNU → BLR,11:35,18:50,7h 15m,1 stop,No info,8479
Jet Airways,6/06/2019,Delhi,Cochin,DEL → JAI → BOM → COK,09:40,19:00,9h 20m,2 stops,In-flight meal not included,10368
Multiple carriers,21/05/2019,Delhi,Cochin,DEL → BOM → COK,09:15,19:00,9h 45m,1 stop,No info,9627
Jet Airways,3/06/2019,Delhi,Cochin,DEL → BOM → COK,02:15,04:25 04 Jun,26h 10m,1 stop,In-flight meal not included,11627
Jet Airways,18/05/2019,Delhi,Cochin,DEL → BOM → COK,09:00,04:25 19 May,19h 25m,1 stop,In-flight meal not included,12373
Jet Airways,6/06/2019,Kolkata,Banglore,CCU → BOM → BLR,14:05,23:35,9h 30m,1 stop,In-flight meal not included,10844
IndiGo,9/05/2019,Kolkata,Banglore,CCU → BBI → BLR,07:10,12:40,5h 30m,1 stop,No info,4864
Multiple carriers,21/03/2019,Delhi,Cochin,DEL → BOM → COK,08:25,19:15,10h 50m,1 stop,No info,8601
Jet Airways,18/05/2019,Delhi,Cochin,DEL → AMD → BOM → COK,13:25,12:35 19 May,23h 10m,2 stops,No info,15129
Multiple carriers,9/05/2019,Delhi,Cochin,DEL → HYD → COK,07:05,16:10,9h 5m,1 stop,No info,8018
Air India,21/03/2019,Banglore,New Delhi,BLR → COK → DEL,22:00,10:50 19 Mar,12h 50m,1 stop,No info,6955
IndiGo,24/03/2019,Kolkata,Banglore,CCU → BBI → BLR,11:55,16:25,4h 30m,1 stop,No info,9806
IndiGo,21/05/2019,Kolkata,Banglore,CCU → BLR,14:25,16:55,2h 30m,non-stop,No info,5224
Jet Airways,12/03/2019,Banglore,New Delhi,BLR → BOM → DEL,16:55,23:00,6h 5m,1 stop,In-flight meal not included,11087
IndiGo,24/06/2019,Banglore,Delhi,BLR → DEL,18:15,21:20,3h 5m,non-stop,No info,4823
Jet Airways,6/06/2019,Delhi,Cochin,DEL → BOM → COK,22:50,04:25 07 Jun,5h 35m,1 stop,In-flight meal not included,10262
Jet Airways,21/05/2019,Delhi,Cochin,DEL → JAI → BOM → COK,19:30,12:35 22 May,17h 5m,2 stops,In-flight meal not included,13029
Air India,1/04/2019,Kolkata,Banglore,CCU → BLR,14:15,16:45,2h 30m,non-stop,No info,6245
Air India,6/05/2019,Chennai,Kolkata,MAA → CCU,11:40,13:55,2h 15m,non-stop,No info,4667
Jet Airways,9/03/2019,Delhi,Cochin,DEL → DED → BOM → COK,15:55,04:25 10 Mar,12h 30m,2 stops,No info,19172
IndiGo,9/06/2019,Delhi,Cochin,DEL → COK,05:35,08:50,3h 15m,non-stop,No info,5601
Vistara,6/06/2019,Kolkata,Banglore,CCU → DEL → BLR,17:00,18:50 07 Jun,25h 50m,1 stop,No info,8820
IndiGo,6/06/2019,Banglore,Delhi,BLR → DEL,08:30,11:20,2h 50m,non-stop,No info,4823
Vistara,15/05/2019,Chennai,Kolkata,MAA → CCU,17:45,20:05,2h 20m,non-stop,No info,11982
IndiGo,01/03/2019,Banglore,New Delhi,BLR → DEL,08:30,11:30,3h,non-stop,No info,10067
Air India,9/06/2019,Delhi,Cochin,DEL → NAG → BOM → COK,05:55,19:15 10 Jun,37h 20m,2 stops,No info,10493
Jet Airways,9/03/2019,Delhi,Cochin,DEL → COK,11:00,14:15,3h 15m,non-stop,No info,9564
SpiceJet,15/04/2019,Delhi,Cochin,DEL → BLR → COK,17:55,22:50,4h 55m,1 stop,No info,5221
IndiGo,21/03/2019,Mumbai,Hyderabad,BOM → HYD,21:20,22:45,1h 25m,non-stop,No info,2227
Air India,24/05/2019,Mumbai,Hyderabad,BOM → HYD,21:05,22:25,1h 20m,non-stop,No info,3100
Jet Airways,9/05/2019,Delhi,Cochin,DEL → BOM → COK,19:45,19:00 10 May,23h 15m,1 stop,In-flight meal not included,12373
Air India,18/05/2019,Delhi,Cochin,DEL → BLR → COK,20:30,23:00 19 May,26h 30m,1 stop,No info,8907
Jet Airways,18/05/2019,Delhi,Cochin,DEL → AMD → BOM → COK,13:25,12:35 19 May,23h 10m,2 stops,No info,16704
Jet Airways,1/06/2019,Delhi,Cochin,DEL → NAG → BOM → COK,14:35,12:35 02 Jun,22h,2 stops,In-flight meal not included,10919
IndiGo,27/05/2019,Banglore,Delhi,BLR → DEL,20:00,22:50,2h 50m,non-stop,No info,4823
Multiple carriers,27/06/2019,Delhi,Cochin,DEL → BOM → COK,10:20,19:15,8h 55m,1 stop,No info,7741
IndiGo,21/05/2019,Delhi,Cochin,DEL → BOM → COK,04:55,11:50,6h 55m,1 stop,No info,6794
IndiGo,27/03/2019,Delhi,Cochin,DEL → BLR → COK,02:00,07:45,5h 45m,1 stop,No info,5733
IndiGo,18/05/2019,Delhi,Cochin,DEL → HYD → COK,07:35,22:30,14h 55m,1 stop,No info,7144
IndiGo,24/03/2019,Chennai,Kolkata,MAA → CCU,07:55,10:15,2h 20m,non-stop,No info,4326
SpiceJet,12/05/2019,Banglore,Delhi,BLR → DEL,09:30,12:20,2h 50m,non-stop,No info,4423
Jet Airways,9/05/2019,Mumbai,Hyderabad,BOM → HYD,07:05,08:30,1h 25m,non-stop,No info,8040
Jet Airways,3/06/2019,Delhi,Cochin,DEL → BOM → COK,08:00,19:00,11h,1 stop,In-flight meal not included,10577
Jet Airways,21/03/2019,Delhi,Cochin,DEL → AMD → BOM → COK,19:10,18:50 22 Mar,23h 40m,2 stops,No info,9483
Air India,18/05/2019,Kolkata,Banglore,CCU → BBI → BLR,12:00,13:15 19 May,25h 15m,1 stop,No info,7662
GoAir,03/03/2019,Banglore,New Delhi,BLR → DEL,20:55,23:50,2h 55m,non-stop,No info,7222
Jet Airways,3/06/2019,Delhi,Cochin,DEL → BOM → COK,15:00,19:00 04 Jun,28h,1 stop,No info,14714
Jet Airways,1/04/2019,Mumbai,Hyderabad,BOM → HYD,10:20,11:50,1h 30m,non-stop,No info,8040
Air India,18/05/2019,Delhi,Cochin,DEL → HYD → BOM → COK,17:15,07:40 19 May,14h 25m,2 stops,No info,12199
IndiGo,18/04/2019,Banglore,Delhi,BLR → DEL,04:00,06:50,2h 50m,non-stop,No info,4423
Air India,9/05/2019,Delhi,Cochin,DEL → BLR → COK,09:45,23:00,13h 15m,1 stop,No info,7174
Air India,18/03/2019,Delhi,Cochin,DEL → COK,05:10,08:00,2h 50m,non-stop,No info,5674
IndiGo,15/06/2019,Banglore,Delhi,BLR → DEL,01:30,04:15,2h 45m,non-stop,No info,3419
Jet Airways,9/06/2019,Delhi,Cochin,DEL → BOM → COK,20:55,19:00 10 Jun,22h 5m,1 stop,In-flight meal not included,10577
Multiple carriers,1/06/2019,Delhi,Cochin,DEL → BOM → COK,08:00,19:00,11h,1 stop,No info,12192
Air India,01/03/2019,Banglore,New Delhi,BLR → CCU → GAU → DEL,05:50,22:10,16h 20m,2 stops,No info,13576
Air India,1/05/2019,Kolkata,Banglore,CCU → DEL → COK → BLR,17:30,13:45 02 May,20h 15m,2 stops,No info,15164
IndiGo,1/05/2019,Banglore,Delhi,BLR → DEL,08:30,11:20,2h 50m,non-stop,No info,4823
Multiple carriers,27/06/2019,Delhi,Cochin,DEL → BOM → COK,19:00,01:30 28 Jun,6h 30m,1 stop,No info,7198
IndiGo,09/03/2019,Banglore,New Delhi,BLR → DEL,10:30,13:20,2h 50m,non-stop,No info,6860
Air India,6/06/2019,Kolkata,Banglore,CCU → BOM → COK → BLR,09:25,01:20 07 Jun,15h 55m,2 stops,No info,11458
GoAir,03/03/2019,Banglore,New Delhi,BLR → DEL,07:45,10:40,2h 55m,non-stop,No info,7222
Jet Airways,12/06/2019,Kolkata,Banglore,CCU → DEL → BLR,09:35,14:25 13 Jun,28h 50m,1 stop,No info,12692
Multiple carriers,27/05/2019,Delhi,Cochin,DEL → BOM → COK,08:45,19:00,10h 15m,1 stop,No info,10529
Jet Airways,9/03/2019,Delhi,Cochin,DEL → BOM → COK,02:15,04:25 10 Mar,26h 10m,1 stop,In-flight meal not included,11848
Air India,1/05/2019,Kolkata,Banglore,CCU → BOM → COK → BLR,16:50,13:45 02 May,20h 55m,2 stops,No info,16372
Air India,01/03/2019,Banglore,New Delhi,BLR → HYD → VGA → DEL,17:00,22:55 02 Mar,29h 55m,2 stops,No info,14887
Jet Airways,18/03/2019,Banglore,New Delhi,BLR → BOM → DEL,07:00,12:25,5h 25m,1 stop,No info,12284
Multiple carriers,27/03/2019,Delhi,Cochin,DEL → BOM → COK,08:00,18:50,10h 50m,1 stop,No info,11667
Multiple carriers,21/03/2019,Delhi,Cochin,DEL → BOM → COK,11:40,19:15,7h 35m,1 stop,No info,7531
IndiGo,1/03/2019,Kolkata,Banglore,CCU → BLR,15:10,17:45,2h 35m,non-stop,No info,6565
Jet Airways,9/06/2019,Delhi,Cochin,DEL → BOM → COK,15:00,04:25 10 Jun,13h 25m,1 stop,In-flight meal not included,10262
Jet Airways,1/05/2019,Kolkata,Banglore,CCU → BOM → BLR,18:55,08:15 02 May,13h 20m,1 stop,In-flight meal not included,8586
Air India,21/03/2019,Delhi,Cochin,DEL → LKO → BOM → COK,12:20,19:15 22 Mar,30h 55m,2 stops,No info,10703
IndiGo,24/03/2019,Mumbai,Hyderabad,BOM → HYD,16:55,18:25,1h 30m,non-stop,No info,3175
Air India,1/06/2019,Delhi,Cochin,DEL → BOM → COK,17:00,19:15 02 Jun,26h 15m,1 stop,No info,8792
Jet Airways,15/06/2019,Delhi,Cochin,DEL → ATQ → BOM → COK,12:15,12:35 16 Jun,24h 20m,2 stops,No info,14300
Air India,21/06/2019,Mumbai,Hyderabad,BOM → HYD,21:05,22:25,1h 20m,non-stop,No info,3100
Jet Airways,12/05/2019,Kolkata,Banglore,CCU → BOM → BLR,14:05,20:45,6h 40m,1 stop,In-flight meal not included,10844
Jet Airways,21/03/2019,Delhi,Cochin,DEL → BDQ → BOM → COK,18:25,04:25 22 Mar,10h,2 stops,In-flight meal not included,7791
Air India,15/03/2019,Banglore,New Delhi,BLR → HYD → DEL,08:15,12:15,4h,1 stop,No info,5013
SpiceJet,24/04/2019,Kolkata,Banglore,CCU → BLR,17:10,19:40,2h 30m,non-stop,No info,4174
IndiGo,27/06/2019,Delhi,Cochin,DEL → HYD → COK,05:05,12:10,7h 5m,1 stop,No info,6442
Jet Airways,1/05/2019,Delhi,Cochin,DEL → AMD → BOM → COK,19:10,19:00 02 May,23h 50m,2 stops,No info,15129
IndiGo,15/06/2019,Delhi,Cochin,DEL → HYD → COK,08:35,22:30,13h 55m,1 stop,No info,6442
IndiGo,21/03/2019,Delhi,Cochin,DEL → BOM → COK,16:00,21:00,5h,1 stop,No info,6232
SpiceJet,27/03/2019,Chennai,Kolkata,MAA → CCU,09:30,12:05,2h 35m,non-stop,No check-in baggage included,3332
IndiGo,6/04/2019,Kolkata,Banglore,CCU → BLR,11:30,14:05,2h 35m,non-stop,No info,4174
Air India,9/06/2019,Delhi,Cochin,DEL → NAG → BOM → COK,05:55,07:40 10 Jun,25h 45m,2 stops,No info,10493
Vistara,12/06/2019,Kolkata,Banglore,CCU → DEL → BLR,07:10,22:40,15h 30m,1 stop,No info,8452
Jet Airways,1/04/2019,Kolkata,Banglore,CCU → BOM → BLR,18:55,19:50 02 Apr,24h 55m,1 stop,In-flight meal not included,7064
IndiGo,27/04/2019,Delhi,Cochin,DEL → HYD → COK,07:35,16:10,8h 35m,1 stop,No info,6442
Jet Airways,18/05/2019,Delhi,Cochin,DEL → BOM → COK,13:00,12:35 19 May,23h 35m,1 stop,In-flight meal not included,12373
IndiGo,18/05/2019,Delhi,Cochin,DEL → HYD → COK,06:50,12:10,5h 20m,1 stop,No info,6347
Jet Airways,06/03/2019,Banglore,New Delhi,BLR → BOM → DEL,08:00,13:15,5h 15m,1 stop,No info,19225
IndiGo,21/04/2019,Banglore,Delhi,BLR → DEL,00:30,03:25,2h 55m,non-stop,No info,3943
IndiGo,9/06/2019,Mumbai,Hyderabad,BOM → HYD,19:05,20:35,1h 30m,non-stop,No info,2754
Jet Airways,3/04/2019,Delhi,Cochin,DEL → BOM → COK,02:15,19:00,16h 45m,1 stop,In-flight meal not included,4757
Jet Airways,21/04/2019,Banglore,Delhi,BLR → DEL,15:15,18:10,2h 55m,non-stop,In-flight meal not included,4544
IndiGo,6/06/2019,Kolkata,Banglore,CCU → PAT → BLR,09:20,14:15,4h 55m,1 stop,No info,11160
IndiGo,9/05/2019,Banglore,Delhi,BLR → DEL,04:00,06:50,2h 50m,non-stop,No info,3943
Multiple carriers,27/05/2019,Delhi,Cochin,DEL → BOM → COK,07:05,19:15,12h 10m,1 stop,In-flight meal not included,12717
Jet Airways,06/03/2019,Banglore,New Delhi,BLR → BOM → DEL,08:55,21:20,12h 25m,1 stop,No info,16736
Air Asia,3/05/2019,Banglore,Delhi,BLR → DEL,23:55,02:45 04 May,2h 50m,non-stop,No info,4483
IndiGo,21/04/2019,Kolkata,Banglore,CCU → BLR,11:30,14:05,2h 35m,non-stop,No info,5644
Air India,9/04/2019,Delhi,Cochin,DEL → COK,05:10,08:00,2h 50m,non-stop,No info,4729
Jet Airways,24/03/2019,Kolkata,Banglore,CCU → BOM → BLR,16:55,04:45 25 Mar,11h 50m,1 stop,No info,14231
SpiceJet,3/06/2019,Chennai,Kolkata,MAA → CCU,08:20,10:35,2h 15m,non-stop,No check-in baggage included,3543
Air India,24/03/2019,Kolkata,Banglore,CCU → BOM → GOI → BLR,09:25,05:35 25 Mar,20h 10m,2 stops,No info,12352
IndiGo,6/03/2019,Chennai,Kolkata,MAA → CCU,22:05,00:25 07 Mar,2h 20m,non-stop,No info,5277
Multiple carriers,3/06/2019,Delhi,Cochin,DEL → BOM → COK,10:00,19:00,9h,1 stop,No info,14502
IndiGo,18/04/2019,Kolkata,Banglore,CCU → BLR,14:25,16:55,2h 30m,non-stop,No info,5224
Vistara,9/05/2019,Chennai,Kolkata,MAA → CCU,07:05,09:20,2h 15m,non-stop,No info,3687
Air India,01/03/2019,Banglore,New Delhi,BLR → BBI → DEL,09:30,12:05 02 Mar,26h 35m,1 stop,No info,12704
Jet Airways,9/06/2019,Delhi,Cochin,DEL → BOM → COK,10:00,04:25 10 Jun,18h 25m,1 stop,In-flight meal not included,10262
Air India,18/05/2019,Mumbai,Hyderabad,BOM → HYD,13:55,15:25,1h 30m,non-stop,No info,3100
SpiceJet,27/05/2019,Banglore,Delhi,BLR → DEL,05:55,08:35,2h 40m,non-stop,No check-in baggage included,3257
Vistara,1/06/2019,Delhi,Cochin,DEL → COK,06:00,09:10,3h 10m,non-stop,No info,6741
Jet Airways,15/05/2019,Banglore,Delhi,BLR → DEL,19:50,22:50,3h,non-stop,No info,7229
Jet Airways,18/05/2019,Delhi,Cochin,DEL → BOM → COK,19:45,19:00 19 May,23h 15m,1 stop,In-flight meal not included,12373
Multiple carriers,27/05/2019,Delhi,Cochin,DEL → BOM → COK,06:00,21:00,15h,1 stop,No info,8475
Air India,9/05/2019,Delhi,Cochin,DEL → GOI → BOM → COK,22:00,19:15 10 May,21h 15m,2 stops,No info,10441
Jet Airways,9/05/2019,Banglore,Delhi,BLR → DEL,18:55,22:00,3h 5m,non-stop,In-flight meal not included,3702
Multiple carriers,3/03/2019,Delhi,Cochin,DEL → BOM → COK,08:00,15:30,7h 30m,1 stop,No info,17057
SpiceJet,18/05/2019,Kolkata,Banglore,CCU → IXB → BLR,15:55,21:25,5h 30m,1 stop,No info,8224
Jet Airways,6/06/2019,Delhi,Cochin,DEL → LKO → BOM → COK,11:45,04:25 07 Jun,16h 40m,2 stops,In-flight meal not included,11992
Jet Airways,21/03/2019,Banglore,New Delhi,BLR → MAA → DEL,09:45,15:55,6h 10m,1 stop,In-flight meal not included,7280
Jet Airways,12/05/2019,Kolkata,Banglore,CCU → DEL → BLR,20:25,10:55 13 May,14h 30m,1 stop,No info,14151
SpiceJet,21/04/2019,Delhi,Cochin,DEL → PNQ → COK,08:45,13:15,4h 30m,1 stop,No info,6460
IndiGo,12/05/2019,Kolkata,Banglore,CCU → BLR,15:15,17:45,2h 30m,non-stop,No info,4804
IndiGo,6/06/2019,Banglore,Delhi,BLR → DEL,04:00,06:50,2h 50m,non-stop,No info,3943
Multiple carriers,6/06/2019,Delhi,Cochin,DEL → BOM → COK,08:45,19:00,10h 15m,1 stop,No info,12524
IndiGo,27/03/2019,Delhi,Cochin,DEL → BOM → COK,16:00,21:00,5h,1 stop,No info,5073
Air India,12/06/2019,Delhi,Cochin,DEL → BOM → COK,21:00,07:40 13 Jun,10h 40m,1 stop,No info,8372
IndiGo,24/03/2019,Kolkata,Banglore,CCU → HYD → BLR,15:10,19:50,4h 40m,1 stop,No info,7476
Multiple carriers,6/06/2019,Delhi,Cochin,DEL → BOM → COK,13:00,01:30 07 Jun,12h 30m,1 stop,No info,13377
Jet Airways,21/03/2019,Delhi,Cochin,DEL → BOM → COK,08:00,18:50,10h 50m,1 stop,No info,12767
Air India,1/05/2019,Kolkata,Banglore,CCU → BOM → BLR,16:50,07:55 02 May,15h 5m,1 stop,No info,8366
IndiGo,01/03/2019,Banglore,New Delhi,BLR → DEL,21:20,00:15 02 Mar,2h 55m,non-stop,No info,12649
Jet Airways,15/06/2019,Delhi,Cochin,DEL → JAI → BOM → COK,05:30,04:25 16 Jun,22h 55m,2 stops,In-flight meal not included,10368
Air India,9/05/2019,Delhi,Cochin,DEL → BLR → COK,17:40,23:00,5h 20m,1 stop,No info,7174
Air India,21/05/2019,Delhi,Cochin,DEL → HYD → BOM → COK,17:15,19:15 22 May,26h,2 stops,No info,11972
Multiple carriers,6/06/2019,Delhi,Cochin,DEL → BOM → COK,07:30,19:15,11h 45m,1 stop,No info,9001
IndiGo,27/06/2019,Mumbai,Hyderabad,BOM → HYD,02:35,04:05,1h 30m,non-stop,No info,2754
Jet Airways,24/05/2019,Kolkata,Banglore,CCU → BOM → BLR,21:10,04:40 25 May,7h 30m,1 stop,In-flight meal not included,9663
IndiGo,18/06/2019,Banglore,Delhi,BLR → DEL,01:30,04:15,2h 45m,non-stop,No info,3419
Air Asia,24/04/2019,Kolkata,Banglore,CCU → BLR,19:55,22:25,2h 30m,non-stop,No info,4107
Jet Airways,21/03/2019,Delhi,Cochin,DEL → BOM → COK,16:00,18:50 22 Mar,26h 50m,1 stop,In-flight meal not included,5963
Multiple carriers,15/06/2019,Delhi,Cochin,DEL → BOM → COK,08:00,21:00,13h,1 stop,No info,7408
Jet Airways,1/04/2019,Banglore,Delhi,BLR → DEL,19:50,22:50,3h,non-stop,In-flight meal not included,4544
Jet Airways,9/03/2019,Delhi,Cochin,DEL → BOM → COK,17:25,18:50 10 Mar,25h 25m,1 stop,No info,16289
Multiple carriers,24/06/2019,Delhi,Cochin,DEL → BOM → COK,09:15,19:00,9h 45m,1 stop,No info,11622
Air India,6/05/2019,Kolkata,Banglore,CCU → DEL → BLR,20:30,20:25 07 May,23h 55m,1 stop,No info,10203
Jet Airways,15/03/2019,Banglore,New Delhi,BLR → BOM → DEL,07:00,07:40 16 Mar,24h 40m,1 stop,In-flight meal not included,7832
Jet Airways,1/04/2019,Kolkata,Banglore,CCU → BOM → BLR,18:55,23:35 02 Apr,28h 40m,1 stop,In-flight meal not included,7064
Air India,9/03/2019,Delhi,Cochin,DEL → MAA → COK,06:05,09:25 10 Mar,27h 20m,1 stop,No info,10945
Jet Airways,09/03/2019,Banglore,New Delhi,BLR → BOM → DEL,08:55,09:30 13 Mar,24h 35m,1 stop,In-flight meal not included,11087
Jet Airways,27/06/2019,Delhi,Cochin,DEL → AMD → BOM → COK,23:05,19:00 28 Jun,19h 55m,2 stops,No info,12819
Jet Airways,6/06/2019,Delhi,Cochin,DEL → JAI → BOM → COK,05:30,04:25 07 Jun,22h 55m,2 stops,In-flight meal not included,10368
Jet Airways,24/06/2019,Delhi,Cochin,DEL → AMD → BOM → COK,23:05,19:00 25 Jun,19h 55m,2 stops,No info,12819
Air India,21/06/2019,Mumbai,Hyderabad,BOM → HYD,06:20,07:40,1h 20m,non-stop,No info,3100
IndiGo,24/06/2019,Delhi,Cochin,DEL → COK,05:35,08:50,3h 15m,non-stop,No info,5000
Jet Airways,21/04/2019,Banglore,Delhi,BLR → DEL,06:00,08:45,2h 45m,non-stop,No info,7229
IndiGo,12/05/2019,Chennai,Kolkata,MAA → CCU,22:05,00:25 13 May,2h 20m,non-stop,No info,5277
IndiGo,1/06/2019,Chennai,Kolkata,MAA → CCU,13:15,15:35,2h 20m,non-stop,No info,3597
IndiGo,27/06/2019,Delhi,Cochin,DEL → BOM → COK,16:00,21:00,5h,1 stop,No info,6069
IndiGo,6/03/2019,Delhi,Cochin,DEL → HYD → COK,16:10,22:20,6h 10m,1 stop,No info,7205
Jet Airways,12/06/2019,Delhi,Cochin,DEL → NAG → BOM → COK,14:35,04:25 13 Jun,13h 50m,2 stops,In-flight meal not included,10919
Jet Airways,18/05/2019,Kolkata,Banglore,CCU → BOM → BLR,05:45,16:20,10h 35m,1 stop,No info,14781
Jet Airways,1/05/2019,Kolkata,Banglore,CCU → BOM → BLR,14:05,10:05 02 May,20h,1 stop,No info,13941
Jet Airways,21/05/2019,Kolkata,Banglore,CCU → BOM → BLR,20:00,22:35 22 May,26h 35m,1 stop,In-flight meal not included,10844
IndiGo,21/06/2019,Delhi,Cochin,DEL → COK,21:05,00:20 22 Jun,3h 15m,non-stop,No info,5406
Air Asia,6/06/2019,Kolkata,Banglore,CCU → DEL → BLR,07:35,19:25,11h 50m,1 stop,No info,6810
Jet Airways,1/05/2019,Kolkata,Banglore,CCU → BOM → BLR,08:25,18:15,9h 50m,1 stop,No info,14781
Jet Airways,27/06/2019,Delhi,Cochin,DEL → BOM → COK,20:55,19:00 28 Jun,22h 5m,1 stop,In-flight meal not included,10262
Jet Airways,18/05/2019,Delhi,Cochin,DEL → JAI → BOM → COK,19:30,04:25 19 May,8h 55m,2 stops,No info,15129
SpiceJet,9/05/2019,Kolkata,Banglore,CCU → BLR,17:10,19:40,2h 30m,non-stop,No check-in baggage included,3841
Multiple carriers,3/03/2019,Delhi,Cochin,DEL → BOM → COK,16:00,01:35 04 Mar,9h 35m,1 stop,No info,21226
Air India,6/06/2019,Kolkata,Banglore,CCU → DEL → COK → BLR,10:00,01:20 07 Jun,15h 20m,2 stops,No info,13033
Jet Airways,24/03/2019,Kolkata,Banglore,CCU → BOM → BLR,06:30,16:20,9h 50m,1 stop,In-flight meal not included,8824
Jet Airways,12/06/2019,Kolkata,Banglore,CCU → BOM → BLR,14:05,23:35,9h 30m,1 stop,No info,13626
Air India,12/06/2019,Kolkata,Banglore,CCU → DEL → BLR,07:00,16:15,9h 15m,1 stop,No info,11936
Air India,9/05/2019,Kolkata,Banglore,CCU → IXR → DEL → BLR,05:50,20:25,14h 35m,2 stops,No info,10991
Air India,9/04/2019,Delhi,Cochin,DEL → GOI → BOM → COK,22:00,19:15 10 Apr,21h 15m,2 stops,No info,8341
IndiGo,3/06/2019,Kolkata,Banglore,CCU → BLR,17:15,19:50,2h 35m,non-stop,No info,4804
Jet Airways,27/03/2019,Delhi,Cochin,DEL → BOM → COK,16:00,19:45 28 Mar,27h 45m,1 stop,In-flight meal not included,5963
Air India,27/05/2019,Delhi,Cochin,DEL → GOI → BOM → COK,22:00,19:15 28 May,21h 15m,2 stops,No info,10651
GoAir,15/04/2019,Delhi,Cochin,DEL → BOM → COK,07:00,12:55,5h 55m,1 stop,No info,6195
Jet Airways,21/05/2019,Kolkata,Banglore,CCU → BOM → BLR,18:55,19:50 22 May,24h 55m,1 stop,In-flight meal not included,10844
IndiGo,9/06/2019,Banglore,Delhi,BLR → DEL,10:10,13:00,2h 50m,non-stop,No info,4423
SpiceJet,9/04/2019,Kolkata,Banglore,CCU → BLR,09:00,11:25,2h 25m,non-stop,No info,3873
Jet Airways,24/06/2019,Delhi,Cochin,DEL → NAG → BOM → COK,14:35,04:25 25 Jun,13h 50m,2 stops,No info,13376
Air Asia,12/05/2019,Kolkata,Banglore,CCU → BBI → BLR,06:50,10:30,3h 40m,1 stop,No info,5162
Multiple carriers,1/06/2019,Delhi,Cochin,DEL → HYD → COK,07:10,22:30,15h 20m,1 stop,No info,7038
Jet Airways,24/03/2019,Kolkata,Banglore,CCU → BOM → BLR,21:10,09:15 25 Mar,12h 5m,1 stop,In-flight meal not included,11134
Air India,12/06/2019,Delhi,Cochin,DEL → JAI → BOM → COK,18:45,19:15 13 Jun,24h 30m,2 stops,No info,11732
Jet Airways,18/03/2019,Banglore,New Delhi,BLR → BOM → JDH → DEL,08:55,15:55,7h,2 stops,No info,16338
Jet Airways,18/03/2019,Banglore,New Delhi,BLR → BOM → DEL,21:25,09:00 16 Mar,11h 35m,1 stop,No info,13555
Multiple carriers,21/05/2019,Delhi,Cochin,DEL → BOM → COK,08:00,19:15,11h 15m,1 stop,No info,15058
SpiceJet,12/03/2019,Chennai,Kolkata,MAA → CCU,09:30,12:05,2h 35m,non-stop,No info,6300
Jet Airways,15/06/2019,Banglore,Delhi,BLR → DEL,17:45,20:45,3h,non-stop,No info,8016
Vistara,6/05/2019,Kolkata,Banglore,CCU → DEL → BLR,20:20,22:40 07 May,26h 20m,1 stop,No info,8452
Jet Airways,24/06/2019,Delhi,Cochin,DEL → BOM → COK,10:00,19:00,9h,1 stop,In-flight meal not included,10262
Air India,1/06/2019,Delhi,Cochin,DEL → MAA → COK,20:40,09:25 02 Jun,12h 45m,1 stop,No info,7480
Jet Airways,15/05/2019,Kolkata,Banglore,CCU → BOM → BLR,14:05,22:35,8h 30m,1 stop,No info,14781
Jet Airways,6/06/2019,Kolkata,Banglore,CCU → BOM → BLR,08:25,04:40 07 Jun,20h 15m,1 stop,In-flight meal not included,8586
Multiple carriers,3/06/2019,Delhi,Cochin,DEL → HYD → COK,09:45,16:10,6h 25m,1 stop,No info,9646
Air India,6/06/2019,Kolkata,Banglore,CCU → VNS → DEL → BLR,14:30,08:55 07 Jun,18h 25m,2 stops,No info,15894
Jet Airways,27/05/2019,Delhi,Cochin,DEL → BOM → COK,16:00,04:25 28 May,12h 25m,1 stop,In-flight meal not included,12898
IndiGo,12/05/2019,Banglore,Delhi,BLR → DEL,23:30,02:20 13 May,2h 50m,non-stop,No info,4591
IndiGo,27/03/2019,Delhi,Cochin,DEL → BOM → COK,09:10,15:30,6h 20m,1 stop,No info,10141
Air India,9/06/2019,Kolkata,Banglore,CCU → BOM → AMD → BLR,09:25,05:25 10 Jun,20h,2 stops,No info,13007
Air India,1/05/2019,Kolkata,Banglore,CCU → BLR,14:15,16:45,2h 30m,non-stop,No info,6245
Air Asia,3/06/2019,Delhi,Cochin,DEL → BLR → COK,20:45,06:35 04 Jun,9h 50m,1 stop,No info,11410
Air Asia,12/04/2019,Kolkata,Banglore,CCU → BLR,19:55,22:25,2h 30m,non-stop,No info,4409
IndiGo,15/06/2019,Delhi,Cochin,DEL → BOM → COK,17:30,01:30 16 Jun,8h,1 stop,No info,5883
Jet Airways,9/03/2019,Delhi,Cochin,DEL → BOM → COK,18:15,04:25 10 Mar,10h 10m,1 stop,In-flight meal not included,14053
Jet Airways,18/05/2019,Delhi,Cochin,DEL → BOM → COK,14:00,19:00,5h,1 stop,In-flight meal not included,12373
Jet Airways,21/05/2019,Banglore,Delhi,BLR → DEL,11:10,14:05,2h 55m,non-stop,In-flight meal not included,4030
Jet Airways,21/03/2019,Delhi,Cochin,DEL → BOM → COK,02:15,04:25 22 Mar,26h 10m,1 stop,In-flight meal not included,7438
Jet Airways,12/05/2019,Kolkata,Banglore,CCU → BOM → BLR,06:30,16:20,9h 50m,1 stop,In-flight meal not included,10844
IndiGo,18/06/2019,Banglore,Delhi,BLR → DEL,10:10,13:00,2h 50m,non-stop,No info,3943
Multiple carriers,21/05/2019,Delhi,Cochin,DEL → BOM → COK,08:30,19:00,10h 30m,1 stop,No info,9627
Air India,21/04/2019,Delhi,Cochin,DEL → BLR → COK,06:10,23:00,16h 50m,1 stop,No info,7174
IndiGo,6/05/2019,Kolkata,Banglore,CCU → NAG → BLR,18:05,23:30,5h 25m,1 stop,No info,6218
Multiple carriers,3/06/2019,Delhi,Cochin,DEL → HYD → COK,07:05,22:30,15h 25m,1 stop,No info,10696
Vistara,12/06/2019,Kolkata,Banglore,CCU → DEL → BLR,07:10,20:20,13h 10m,1 stop,No info,8610
Jet Airways,21/03/2019,Delhi,Cochin,DEL → AMD → BOM → COK,19:10,18:50 22 Mar,23h 40m,2 stops,In-flight meal not included,6643
IndiGo,15/05/2019,Kolkata,Banglore,CCU → BBI → BLR,07:10,12:40,5h 30m,1 stop,No info,4864
Air India,18/05/2019,Kolkata,Banglore,CCU → JAI → DEL → BLR,08:20,20:25,12h 5m,2 stops,No info,12534
Jet Airways,24/06/2019,Delhi,Cochin,DEL → BOM → COK,19:15,19:00 25 Jun,23h 45m,1 stop,In-flight meal not included,10262
Jet Airways,12/06/2019,Mumbai,Hyderabad,BOM → HYD,07:05,08:30,1h 25m,non-stop,In-flight meal not included,4995
Jet Airways,27/06/2019,Delhi,Cochin,DEL → AMD → BOM → COK,13:25,19:00 28 Jun,29h 35m,2 stops,No info,12819
Jet Airways,9/06/2019,Kolkata,Banglore,CCU → BOM → BLR,21:10,23:35 10 Jun,26h 25m,1 stop,In-flight meal not included,10844
Jet Airways,27/05/2019,Delhi,Cochin,DEL → JAI → BOM → COK,19:30,04:25 28 May,8h 55m,2 stops,No info,15129
Jet Airways,27/03/2019,Delhi,Cochin,DEL → MAA → BOM → COK,17:35,04:25 28 Mar,10h 50m,2 stops,In-flight meal not included,9412
SpiceJet,9/04/2019,Kolkata,Banglore,CCU → BLR,22:20,00:40 10 Apr,2h 20m,non-stop,No check-in baggage included,3841
Jet Airways,1/04/2019,Kolkata,Banglore,CCU → BOM → BLR,20:00,12:00 02 Apr,16h,1 stop,In-flight meal not included,7064
Multiple carriers,21/03/2019,Delhi,Cochin,DEL → BOM → COK,10:20,18:50,8h 30m,1 stop,No info,11999
Air India,21/05/2019,Delhi,Cochin,DEL → GOI → BOM → COK,22:00,19:15 22 May,21h 15m,2 stops,No info,10231
Jet Airways,24/03/2019,Kolkata,Banglore,CCU → BOM → BLR,06:30,22:35,16h 5m,1 stop,In-flight meal not included,8824
Jet Airways,9/05/2019,Delhi,Cochin,DEL → JAI → BOM → COK,05:30,04:25 10 May,22h 55m,2 stops,No info,15129
Jet Airways,1/06/2019,Mumbai,Hyderabad,BOM → HYD,10:20,11:50,1h 30m,non-stop,No info,5678
SpiceJet,15/05/2019,Delhi,Cochin,DEL → MAA → COK,06:05,11:20,5h 15m,1 stop,No info,5583
IndiGo,15/04/2019,Delhi,Cochin,DEL → HYD → COK,06:50,16:10,9h 20m,1 stop,No info,6442
IndiGo,18/05/2019,Chennai,Kolkata,MAA → CCU,11:35,14:00,2h 25m,non-stop,No info,4332
IndiGo,6/05/2019,Banglore,Delhi,BLR → DEL,06:05,08:50,2h 45m,non-stop,No info,4423
Jet Airways,1/06/2019,Banglore,Delhi,BLR → DEL,18:55,22:00,3h 5m,non-stop,No info,8016
IndiGo,9/03/2019,Delhi,Cochin,DEL → HYD → COK,11:55,22:20,10h 25m,1 stop,No info,6674
IndiGo,9/05/2019,Kolkata,Banglore,CCU → PAT → BLR,09:20,14:15,4h 55m,1 stop,No info,11465
Air India,6/06/2019,Delhi,Cochin,DEL → RPR → NAG → BOM → COK,05:15,19:15 07 Jun,38h,3 stops,No info,10703
Jet Airways,9/05/2019,Delhi,Cochin,DEL → JAI → BOM → COK,05:30,04:25 10 May,22h 55m,2 stops,In-flight meal not included,13029
IndiGo,12/06/2019,Delhi,Cochin,DEL → COK,14:25,17:40,3h 15m,non-stop,No info,5601
Air India,1/05/2019,Kolkata,Banglore,CCU → MAA → BLR,14:35,14:35 02 May,24h,1 stop,No info,7001
IndiGo,9/04/2019,Delhi,Cochin,DEL → BOM → COK,10:35,01:30 10 Apr,14h 55m,1 stop,No info,6270
Jet Airways,1/06/2019,Delhi,Cochin,DEL → BOM → COK,10:00,12:35 02 Jun,26h 35m,1 stop,In-flight meal not included,10262
Multiple carriers,9/05/2019,Delhi,Cochin,DEL → BOM → COK,07:05,19:15,12h 10m,1 stop,In-flight meal not included,11142
IndiGo,6/03/2019,Mumbai,Hyderabad,BOM → HYD,06:20,07:45,1h 25m,non-stop,No info,4784
Jet Airways,6/04/2019,Delhi,Cochin,DEL → BOM → COK,07:05,19:00,11h 55m,1 stop,In-flight meal not included,5406
Air India,27/03/2019,Delhi,Cochin,DEL → HYD → BOM → COK,21:30,19:15 28 Mar,21h 45m,2 stops,No info,8665
Multiple carriers,1/06/2019,Delhi,Cochin,DEL → BOM → COK,11:30,19:15,7h 45m,1 stop,No info,16108
Jet Airways,9/06/2019,Kolkata,Banglore,CCU → BOM → BLR,20:00,04:40 10 Jun,8h 40m,1 stop,In-flight meal not included,9663
Jet Airways,15/03/2019,Banglore,New Delhi,BLR → BOM → DEL,07:00,16:10,9h 10m,1 stop,In-flight meal not included,9134
Multiple carriers,27/03/2019,Delhi,Cochin,DEL → HYD → COK,07:05,16:10,9h 5m,1 stop,No info,6076
Jet Airways,12/06/2019,Delhi,Cochin,DEL → ATQ → BOM → COK,18:20,12:35 13 Jun,18h 15m,2 stops,No info,14300
Jet Airways,18/04/2019,Banglore,Delhi,BLR → DEL,18:55,22:00,3h 5m,non-stop,No info,7229
Air India,27/04/2019,Delhi,Cochin,DEL → COK,05:10,08:00,2h 50m,non-stop,No info,6094
IndiGo,09/03/2019,Banglore,New Delhi,BLR → DEL,01:30,04:15,2h 45m,non-stop,No info,6860
Air India,12/05/2019,Kolkata,Banglore,CCU → IXR → DEL → BLR,05:50,20:25,14h 35m,2 stops,No info,12513
Jet Airways,24/03/2019,Kolkata,Banglore,CCU → BOM → BLR,06:30,04:45 25 Mar,22h 15m,1 stop,No info,13759
Jet Airways,9/05/2019,Kolkata,Banglore,CCU → BOM → BLR,06:30,16:20,9h 50m,1 stop,No info,13941
SpiceJet,1/05/2019,Kolkata,Banglore,CCU → BLR,17:10,19:40,2h 30m,non-stop,No check-in baggage included,3841
Air India,18/05/2019,Kolkata,Banglore,CCU → GAU → BLR,16:45,21:05 19 May,28h 20m,1 stop,No info,7872
Air India,24/05/2019,Kolkata,Banglore,CCU → BBI → BOM → BLR,12:00,07:55 25 May,19h 55m,2 stops,No info,9416
Multiple carriers,27/05/2019,Delhi,Cochin,DEL → BOM → COK,11:40,19:15,7h 35m,1 stop,No info,9316
Air India,3/04/2019,Delhi,Cochin,DEL → MAA → COK,17:20,09:25 04 Apr,16h 5m,1 stop,No info,5117
IndiGo,24/06/2019,Banglore,Delhi,BLR → DEL,16:55,19:55,3h,non-stop,No info,4823
Jet Airways,1/05/2019,Kolkata,Banglore,CCU → BOM → BLR,21:10,09:20 02 May,12h 10m,1 stop,No info,14781
Air India,6/05/2019,Banglore,Delhi,BLR → DEL,21:05,23:55,2h 50m,non-stop,No info,5228
SpiceJet,18/03/2019,Mumbai,Hyderabad,BOM → HYD,13:10,14:30,1h 20m,non-stop,No info,2437
IndiGo,1/04/2019,Delhi,Cochin,DEL → HYD → COK,07:35,12:10,4h 35m,1 stop,No info,5073
Air India,1/04/2019,Kolkata,Banglore,CCU → MAA → BLR,14:35,15:20 02 Apr,24h 45m,1 stop,No info,5006
Jet Airways,12/06/2019,Kolkata,Banglore,CCU → BOM → BLR,18:55,19:50 13 Jun,24h 55m,1 stop,In-flight meal not included,8529
Jet Airways,1/05/2019,Kolkata,Banglore,CCU → BOM → BLR,16:30,08:15 02 May,15h 45m,1 stop,No info,13941
Multiple carriers,27/05/2019,Delhi,Cochin,DEL → BOM → COK,08:00,21:00,13h,1 stop,In-flight meal not included,9450
IndiGo,09/03/2019,Banglore,New Delhi,BLR → DEL,07:10,10:05,2h 55m,non-stop,No info,7303
IndiGo,15/06/2019,Banglore,Delhi,BLR → DEL,10:10,13:00,2h 50m,non-stop,No info,3943
IndiGo,15/05/2019,Kolkata,Banglore,CCU → NAG → BLR,18:05,23:30,5h 25m,1 stop,No info,6218
Jet Airways,6/05/2019,Kolkata,Banglore,CCU → BOM → BLR,21:10,09:20 07 May,12h 10m,1 stop,No info,14388
Air Asia,1/06/2019,Delhi,Cochin,DEL → BLR → COK,07:55,13:25,5h 30m,1 stop,No info,9330
Air India,1/05/2019,Kolkata,Banglore,CCU → DEL → AMD → BLR,10:00,05:25 02 May,19h 25m,2 stops,No info,13899
Jet Airways,12/05/2019,Kolkata,Banglore,CCU → BOM → BLR,18:55,09:20 13 May,14h 25m,1 stop,In-flight meal not included,9663
Air India,1/05/2019,Kolkata,Banglore,CCU → BBI → BOM → BLR,09:10,21:50,12h 40m,2 stops,No info,12009
Air Asia,6/06/2019,Kolkata,Banglore,CCU → BLR,19:55,22:25,2h 30m,non-stop,No info,4508
Jet Airways,6/03/2019,Delhi,Cochin,DEL → DED → BOM → COK,16:50,04:25 08 Mar,35h 35m,2 stops,No info,19907
Air India,6/05/2019,Kolkata,Banglore,CCU → GAU → BLR,09:50,21:05,11h 15m,1 stop,No info,7452
IndiGo,12/06/2019,Chennai,Kolkata,MAA → CCU,05:15,07:40,2h 25m,non-stop,No info,3540
Jet Airways,15/06/2019,Delhi,Cochin,DEL → BDQ → BOM → COK,18:25,04:25 16 Jun,10h,2 stops,No info,14237
IndiGo,12/05/2019,Mumbai,Hyderabad,BOM → HYD,20:05,21:40,1h 35m,non-stop,No info,2227
Air India,24/03/2019,Kolkata,Banglore,CCU → DEL → BLR,20:30,16:15 25 Mar,19h 45m,1 stop,No info,12173
Vistara,9/06/2019,Kolkata,Banglore,CCU → DEL → BLR,17:00,10:45 10 Jun,17h 45m,1 stop,No info,9922
IndiGo,3/06/2019,Banglore,Delhi,BLR → DEL,13:00,15:50,2h 50m,non-stop,No info,3943
IndiGo,21/04/2019,Kolkata,Banglore,CCU → BLR,21:25,00:05 22 Apr,2h 40m,non-stop,No info,4804
Jet Airways,12/06/2019,Kolkata,Banglore,CCU → BOM → BLR,16:30,20:45 13 Jun,28h 15m,1 stop,In-flight meal not included,8529
Vistara,03/03/2019,Banglore,New Delhi,BLR → DEL,16:00,18:35,2h 35m,non-stop,No info,13383
Jet Airways,1/04/2019,Kolkata,Banglore,CCU → BOM → BLR,20:00,18:15 02 Apr,22h 15m,1 stop,No info,12681
Jet Airways,27/06/2019,Delhi,Cochin,DEL → BOM → COK,21:50,04:25 28 Jun,6h 35m,1 stop,No info,16079
Jet Airways,18/05/2019,Kolkata,Banglore,CCU → BOM → BLR,05:45,09:20 19 May,27h 35m,1 stop,In-flight meal not included,9663
Vistara,9/04/2019,Banglore,Delhi,BLR → DEL,21:00,23:50,2h 50m,non-stop,No info,5403
Air India,24/05/2019,Delhi,Cochin,DEL → MAA → COK,20:40,09:25 25 May,12h 45m,1 stop,No info,7480
Air India,1/06/2019,Delhi,Cochin,DEL → GOI → BOM → COK,22:00,19:15 02 Jun,21h 15m,2 stops,No info,10441
Jet Airways,06/03/2019,Banglore,New Delhi,BLR → BOM → DEL,21:25,09:30 07 Mar,12h 5m,1 stop,No info,17261
Air India,15/05/2019,Kolkata,Banglore,CCU → GAU → DEL → BLR,16:45,12:30 16 May,19h 45m,2 stops,No info,14960
Vistara,27/03/2019,Chennai,Kolkata,MAA → CCU,07:05,09:20,2h 15m,non-stop,No info,3739
Multiple carriers,1/06/2019,Delhi,Cochin,DEL → BOM → COK,19:00,01:30 02 Jun,6h 30m,1 stop,No info,7530
IndiGo,24/04/2019,Banglore,Delhi,BLR → DEL,13:00,15:50,2h 50m,non-stop,No info,4423
Air India,18/05/2019,Delhi,Cochin,DEL → UDR → BOM → COK,13:20,07:40 19 May,18h 20m,2 stops,No info,13801
Multiple carriers,6/03/2019,Delhi,Cochin,DEL → BOM → COK,11:30,21:00,9h 30m,1 stop,In-flight meal not included,15136
IndiGo,15/03/2019,Mumbai,Hyderabad,BOM → HYD,09:10,10:40,1h 30m,non-stop,No info,4049
Air India,9/06/2019,Kolkata,Banglore,CCU → BLR,14:15,16:45,2h 30m,non-stop,No info,6245
Vistara,27/06/2019,Banglore,Delhi,BLR → DEL,11:30,14:20,2h 50m,non-stop,No info,4668
IndiGo,12/04/2019,Banglore,Delhi,BLR → DEL,04:00,06:50,2h 50m,non-stop,No info,4423
IndiGo,6/06/2019,Delhi,Cochin,DEL → COK,05:35,08:50,3h 15m,non-stop,No info,5601
Air Asia,21/03/2019,Kolkata,Banglore,CCU → BLR,22:50,01:20 22 Mar,2h 30m,non-stop,No info,3782
Vistara,24/04/2019,Delhi,Cochin,DEL → COK,14:40,17:50,3h 10m,non-stop,No info,6216
SpiceJet,24/06/2019,Banglore,Delhi,BLR → DEL,05:55,08:35,2h 40m,non-stop,No info,3625
Air India,24/03/2019,Kolkata,Banglore,CCU → GAU → DEL → BLR,05:55,23:15 25 Mar,41h 20m,2 stops,No info,13990
Jet Airways,3/06/2019,Delhi,Cochin,DEL → BOM → COK,19:45,04:25 04 Jun,8h 40m,1 stop,In-flight meal not included,10262
Air India,1/04/2019,Kolkata,Banglore,CCU → DEL → BLR,10:00,23:15,13h 15m,1 stop,No info,7893
Vistara Premium economy,6/04/2019,Banglore,Delhi,BLR → DEL,11:30,14:20,2h 50m,non-stop,No info,5969
Vistara,12/03/2019,Mumbai,Hyderabad,BOM → DEL → HYD,08:45,16:45,8h,1 stop,No info,12080
Jet Airways,12/05/2019,Kolkata,Banglore,CCU → BOM → BLR,18:55,12:00 13 May,17h 5m,1 stop,In-flight meal not included,9663
Jet Airways,6/05/2019,Kolkata,Banglore,CCU → BOM → BLR,20:00,08:15 07 May,12h 15m,1 stop,No info,14388
Jet Airways,6/03/2019,Delhi,Cochin,DEL → BOM → COK,13:00,18:50,5h 50m,1 stop,No info,17024
SpiceJet,12/06/2019,Banglore,Delhi,BLR → DEL,05:55,08:35,2h 40m,non-stop,No check-in baggage included,4319
Jet Airways,3/05/2019,Banglore,Delhi,BLR → DEL,08:20,11:20,3h,non-stop,In-flight meal not included,5198
Jet Airways,21/03/2019,Delhi,Cochin,DEL → MAA → BOM → COK,16:10,18:50 22 Mar,26h 40m,2 stops,In-flight meal not included,8728
SpiceJet,27/03/2019,Kolkata,Banglore,CCU → BLR,22:20,00:40 28 Mar,2h 20m,non-stop,No check-in baggage included,3815
SpiceJet,24/06/2019,Delhi,Cochin,DEL → MAA → COK,06:05,11:20,5h 15m,1 stop,No info,5583
Air India,24/03/2019,Banglore,New Delhi,BLR → DEL,13:20,16:10,2h 50m,non-stop,No info,4441
Air India,3/03/2019,Delhi,Cochin,DEL → BOM → COK,04:00,07:40 04 Mar,27h 40m,1 stop,No info,14462
IndiGo,6/05/2019,Kolkata,Banglore,CCU → BLR,15:15,17:45,2h 30m,non-stop,No info,4804
Jet Airways,18/05/2019,Delhi,Cochin,DEL → BHO → BOM → COK,05:30,12:35,7h 5m,2 stops,No info,16274
Jet Airways,21/05/2019,Delhi,Cochin,DEL → BOM → COK,14:00,12:35 22 May,22h 35m,1 stop,In-flight meal not included,12898
Jet Airways,1/04/2019,Delhi,Cochin,DEL → BOM → COK,17:30,12:35 02 Apr,19h 5m,1 stop,In-flight meal not included,5406
Jet Airways,21/06/2019,Banglore,Delhi,BLR → DEL,11:10,14:05,2h 55m,non-stop,In-flight meal not included,5769
Air India,12/05/2019,Kolkata,Banglore,CCU → BBI → BLR,09:10,13:15,4h 5m,1 stop,No info,8996
Air India,15/03/2019,Banglore,New Delhi,BLR → CCU → GAU → DEL,05:50,22:10,16h 20m,2 stops,No info,9796
IndiGo,6/06/2019,Delhi,Cochin,DEL → BOM → COK,16:00,01:30 07 Jun,9h 30m,1 stop,No info,6316
SpiceJet,15/06/2019,Kolkata,Banglore,CCU → BLR,09:00,11:25,2h 25m,non-stop,No check-in baggage included,3841
IndiGo,27/06/2019,Delhi,Cochin,DEL → COK,14:25,17:40,3h 15m,non-stop,No info,5000
Jet Airways,21/05/2019,Delhi,Cochin,DEL → BOM → COK,16:00,12:35 22 May,20h 35m,1 stop,In-flight meal not included,12898
Air India,15/06/2019,Delhi,Cochin,DEL → RPR → NAG → BOM → COK,05:15,19:15 16 Jun,38h,3 stops,No info,10703
Jet Airways,24/05/2019,Kolkata,Banglore,CCU → BOM → BLR,21:10,09:20 25 May,12h 10m,1 stop,In-flight meal not included,9663
Jet Airways,3/03/2019,Delhi,Cochin,DEL → IDR → BOM → COK,05:25,18:50 04 Mar,37h 25m,2 stops,No info,18799
Jet Airways,1/04/2019,Kolkata,Banglore,CCU → BOM → BLR,18:55,22:35 02 Apr,27h 40m,1 stop,In-flight meal not included,7064
Jet Airways,9/04/2019,Banglore,Delhi,BLR → DEL,18:55,22:00,3h 5m,non-stop,No info,7229
Air India,18/05/2019,Banglore,Delhi,BLR → DEL,13:20,16:10,2h 50m,non-stop,No info,6121
Air India,1/04/2019,Kolkata,Banglore,CCU → BOM → TRV → BLR,09:25,10:30 02 Apr,25h 5m,2 stops,No info,12009
Jet Airways,15/06/2019,Delhi,Cochin,DEL → JAI → BOM → COK,09:40,19:00,9h 20m,2 stops,No info,13014
Vistara,12/06/2019,Banglore,Delhi,BLR → DEL,17:00,19:35,2h 35m,non-stop,No info,4878
Air India,9/05/2019,Mumbai,Hyderabad,BOM → HYD,21:05,22:25,1h 20m,non-stop,No info,3100
IndiGo,27/05/2019,Banglore,Delhi,BLR → DEL,22:10,01:00 28 May,2h 50m,non-stop,No info,3749
Air India,24/06/2019,Delhi,Cochin,DEL → HYD → BOM → COK,13:15,07:40 25 Jun,18h 25m,2 stops,No info,12497
Jet Airways,06/03/2019,Banglore,New Delhi,BLR → BOM → DEL,05:45,13:15,7h 30m,1 stop,No info,19225
IndiGo,12/06/2019,Delhi,Cochin,DEL → HYD → COK,07:35,12:10,4h 35m,1 stop,No info,5054
Jet Airways,9/06/2019,Kolkata,Banglore,CCU → BOM → BLR,16:30,04:40 10 Jun,12h 10m,1 stop,No info,13731
Jet Airways,9/06/2019,Kolkata,Banglore,CCU → BOM → BLR,08:25,16:20,7h 55m,1 stop,In-flight meal not included,10844
IndiGo,3/04/2019,Mumbai,Hyderabad,BOM → HYD,02:35,04:05,1h 30m,non-stop,No info,2754
Jet Airways,9/06/2019,Delhi,Cochin,DEL → NAG → BOM → COK,14:35,12:35 10 Jun,22h,2 stops,No info,13376
Jet Airways,1/05/2019,Kolkata,Banglore,CCU → GAU → BLR,10:20,17:35,7h 15m,1 stop,No info,8355
SpiceJet,18/06/2019,Mumbai,Hyderabad,BOM → HYD,05:45,07:15,1h 30m,non-stop,No info,2753
Jet Airways,3/06/2019,Delhi,Cochin,DEL → JAI → BOM → COK,09:40,12:35 04 Jun,26h 55m,2 stops,In-flight meal not included,10368
Jet Airways,6/04/2019,Banglore,Delhi,BLR → DEL,18:55,22:00,3h 5m,non-stop,No info,7229
Air Asia,9/04/2019,Banglore,Delhi,BLR → DEL,23:55,02:45 10 Apr,2h 50m,non-stop,No info,4483
Jet Airways,6/03/2019,Delhi,Cochin,DEL → AMD → BOM → COK,19:10,04:25 08 Mar,33h 15m,2 stops,No info,20694
Air Asia,3/06/2019,Delhi,Cochin,DEL → BLR → COK,16:45,06:35 04 Jun,13h 50m,1 stop,No info,11410
Air India,06/03/2019,Banglore,New Delhi,BLR → BOM → UDR → DEL,08:50,16:30 07 Mar,31h 40m,2 stops,No info,14143
IndiGo,18/03/2019,Chennai,Kolkata,MAA → CCU,11:35,14:00,2h 25m,non-stop,No info,3858
Jet Airways,6/06/2019,Delhi,Cochin,DEL → BOM → COK,21:50,19:00 07 Jun,21h 10m,1 stop,In-flight meal not included,10262
Jet Airways,12/06/2019,Kolkata,Banglore,CCU → BOM → BLR,16:30,23:35,7h 5m,1 stop,In-flight meal not included,9899
Air India,24/06/2019,Delhi,Cochin,DEL → COK,18:05,21:10,3h 5m,non-stop,No info,5201
Air India,24/05/2019,Kolkata,Banglore,CCU → DEL → BLR,10:00,20:25,10h 25m,1 stop,No info,10413
Jet Airways,1/06/2019,Delhi,Cochin,DEL → JAI → BOM → COK,05:30,19:00,13h 30m,2 stops,No info,13014
IndiGo,9/04/2019,Delhi,Cochin,DEL → BOM → COK,15:00,01:30 10 Apr,10h 30m,1 stop,No info,6270
IndiGo,3/06/2019,Delhi,Cochin,DEL → HYD → COK,07:35,16:10,8h 35m,1 stop,No info,7514
Jet Airways,9/06/2019,Kolkata,Banglore,CCU → BOM → BLR,08:25,04:40 10 Jun,20h 15m,1 stop,In-flight meal not included,8586
Vistara,3/06/2019,Banglore,Delhi,BLR → DEL,19:30,22:15,2h 45m,non-stop,No info,4878
Air India,15/05/2019,Kolkata,Banglore,CCU → BOM → COK → BLR,09:25,13:45 16 May,28h 20m,2 stops,No info,14482
Air India,18/03/2019,Banglore,New Delhi,BLR → DEL,17:00,19:45,2h 45m,non-stop,No info,4441
IndiGo,24/06/2019,Delhi,Cochin,DEL → MAA → COK,02:00,07:25,5h 25m,1 stop,No info,5636
Jet Airways,12/05/2019,Kolkata,Banglore,CCU → BOM → BLR,21:10,18:15 13 May,21h 5m,1 stop,In-flight meal not included,10844
IndiGo,3/06/2019,Mumbai,Hyderabad,BOM → HYD,21:20,22:50,1h 30m,non-stop,No info,2227
IndiGo,6/05/2019,Kolkata,Banglore,CCU → HYD → BLR,15:15,20:05,4h 50m,1 stop,No info,4775
Air India,3/06/2019,Delhi,Cochin,DEL → HYD → MAA → COK,09:45,09:25 04 Jun,23h 40m,2 stops,No info,10975
Air India,01/03/2019,Banglore,New Delhi,BLR → CCU → GAU → DEL,11:05,22:10,11h 5m,2 stops,Change airports,13576
Vistara,6/03/2019,Delhi,Cochin,DEL → COK,14:55,17:50,2h 55m,non-stop,No info,8001
Vistara,24/03/2019,Banglore,New Delhi,BLR → DEL,07:00,09:40,2h 40m,non-stop,No info,5403
IndiGo,27/05/2019,Delhi,Cochin,DEL → BOM → COK,08:30,21:00,12h 30m,1 stop,No info,6838
Vistara,3/05/2019,Chennai,Kolkata,MAA → CCU,17:45,20:05,2h 20m,non-stop,No info,11982
SpiceJet,24/03/2019,Chennai,Kolkata,MAA → CCU,17:45,20:05,2h 20m,non-stop,No info,5418
SpiceJet,18/04/2019,Kolkata,Banglore,CCU → BLR,06:55,09:30,2h 35m,non-stop,No info,3873
Jet Airways,12/05/2019,Kolkata,Banglore,CCU → BOM → BLR,14:05,19:50,5h 45m,1 stop,No info,14781
Jet Airways,1/04/2019,Kolkata,Banglore,CCU → BOM → BLR,18:55,16:20 02 Apr,21h 25m,1 stop,No info,12681
Multiple carriers,6/06/2019,Delhi,Cochin,DEL → BOM → COK,10:00,01:30 07 Jun,15h 30m,1 stop,No info,7723
Air India,6/06/2019,Delhi,Cochin,DEL → BOM → COK,10:00,19:15,9h 15m,1 stop,No info,9194
IndiGo,27/04/2019,Kolkata,Banglore,CCU → BLR,22:15,00:50 28 Apr,2h 35m,non-stop,No info,4804
Jet Airways,6/05/2019,Mumbai,Hyderabad,BOM → HYD,02:55,04:20,1h 25m,non-stop,In-flight meal not included,3210
Jet Airways,24/06/2019,Delhi,Cochin,DEL → JAI → BOM → COK,05:30,19:00,13h 30m,2 stops,No info,13014
Multiple carriers,27/05/2019,Delhi,Cochin,DEL → BOM → COK,13:00,21:00,8h,1 stop,No info,7408
Air Asia,18/04/2019,Banglore,Delhi,BLR → DEL,23:55,02:45 19 Apr,2h 50m,non-stop,No info,4483
Air India,21/03/2019,Banglore,New Delhi,BLR → MAA → DEL,11:50,23:55,12h 5m,1 stop,No info,5092
Jet Airways,9/06/2019,Kolkata,Banglore,CCU → BOM → BLR,16:30,22:35,6h 5m,1 stop,No info,14571
Multiple carriers,27/03/2019,Delhi,Cochin,DEL → BOM → COK,08:00,15:30,7h 30m,1 stop,No info,6673
Jet Airways,27/03/2019,Delhi,Cochin,DEL → MAA → BOM → COK,05:10,19:45 28 Mar,38h 35m,2 stops,In-flight meal not included,8098
Jet Airways,24/03/2019,Kolkata,Banglore,CCU → BOM → BLR,18:55,12:00 25 Mar,17h 5m,1 stop,No info,14231
SpiceJet,9/06/2019,Delhi,Cochin,DEL → MAA → COK,06:05,11:20,5h 15m,1 stop,No info,5583
Jet Airways,21/06/2019,Banglore,Delhi,BLR → DEL,19:50,22:50,3h,non-stop,In-flight meal not included,7754
Air India,01/03/2019,Banglore,New Delhi,BLR → HYD → DEL,17:00,23:10,6h 10m,1 stop,No info,11628
Jet Airways,1/06/2019,Delhi,Cochin,DEL → BOM → COK,14:00,19:00,5h,1 stop,No info,14714
SpiceJet,3/06/2019,Banglore,Delhi,BLR → DEL,21:10,00:05 04 Jun,2h 55m,non-stop,No info,3311
Jet Airways,21/06/2019,Banglore,Delhi,BLR → DEL,19:50,22:50,3h,non-stop,No info,8541
Multiple carriers,15/05/2019,Delhi,Cochin,DEL → BOM → COK,10:00,21:00,11h,1 stop,No info,13727
IndiGo,18/03/2019,Kolkata,Banglore,CCU → BLR,09:35,12:20,2h 45m,non-stop,No info,4462
Air Asia,9/06/2019,Delhi,Cochin,DEL → BLR → COK,16:45,22:25,5h 40m,1 stop,No info,13470
Jet Airways,9/03/2019,Delhi,Cochin,DEL → IXC → BOM → COK,13:45,04:25 10 Mar,14h 40m,2 stops,In-flight meal not included,15129
Jet Airways,6/06/2019,Banglore,Delhi,BLR → DEL,18:55,22:00,3h 5m,non-stop,No info,8016
SpiceJet,12/06/2019,Mumbai,Hyderabad,BOM → HYD,13:15,14:45,1h 30m,non-stop,No info,2017
Air India,01/03/2019,Banglore,New Delhi,BLR → CCU → DEL,11:05,22:45,11h 40m,1 stop,No info,14069
Jet Airways,1/05/2019,Delhi,Cochin,DEL → AMD → BOM → COK,23:05,19:00 02 May,19h 55m,2 stops,No info,15129
IndiGo,9/06/2019,Delhi,Cochin,DEL → BLR → COK,15:10,20:00,4h 50m,1 stop,No info,7060
IndiGo,27/05/2019,Delhi,Cochin,DEL → BLR → COK,15:10,20:00,4h 50m,1 stop,No info,5912
Air India,21/06/2019,Banglore,Delhi,BLR → DEL,21:05,23:55,2h 50m,non-stop,No info,5228
Vistara,6/05/2019,Kolkata,Banglore,CCU → DEL → BLR,17:00,20:20 07 May,27h 20m,1 stop,No info,8610
Jet Airways,9/05/2019,Delhi,Cochin,DEL → BOM → COK,08:00,19:00,11h,1 stop,In-flight meal not included,11399
Jet Airways,24/03/2019,Kolkata,Banglore,CCU → BOM → BLR,19:45,08:10 25 Mar,12h 25m,1 stop,No info,14231
SpiceJet,6/04/2019,Kolkata,Banglore,CCU → BLR,22:20,00:40 07 Apr,2h 20m,non-stop,No info,3873
Jet Airways,12/05/2019,Kolkata,Banglore,CCU → BOM → BLR,18:55,08:15 13 May,13h 20m,1 stop,In-flight meal not included,9663
Air India,15/05/2019,Banglore,Delhi,BLR → DEL,06:10,08:55,2h 45m,non-stop,No info,6961
IndiGo,18/04/2019,Kolkata,Banglore,CCU → BLR,09:35,12:20,2h 45m,non-stop,No info,5644
Jet Airways,06/03/2019,Banglore,New Delhi,BLR → BOM → DEL,14:05,21:20,7h 15m,1 stop,No info,19225
Multiple carriers,9/03/2019,Delhi,Cochin,DEL → BOM → COK,06:00,19:45,13h 45m,1 stop,No info,13941
Multiple carriers,24/06/2019,Delhi,Cochin,DEL → HYD → COK,07:10,16:10,9h,1 stop,No info,6723
GoAir,3/05/2019,Banglore,Delhi,BLR → DEL,11:40,14:30,2h 50m,non-stop,No info,3898
IndiGo,6/06/2019,Delhi,Cochin,DEL → BOM → COK,06:40,21:00,14h 20m,1 stop,No info,6093
SpiceJet,27/06/2019,Kolkata,Banglore,CCU → BLR,06:55,09:30,2h 35m,non-stop,No check-in baggage included,3841
Multiple carriers,15/05/2019,Delhi,Cochin,DEL → BOM → COK,06:00,19:15,13h 15m,1 stop,No info,8266
Air India,18/03/2019,Banglore,New Delhi,BLR → DEL,10:00,12:45,2h 45m,non-stop,No info,4441
Jet Airways,24/06/2019,Delhi,Cochin,DEL → BOM → COK,09:00,12:35 25 Jun,27h 35m,1 stop,In-flight meal not included,10262
Air Asia,15/05/2019,Delhi,Cochin,DEL → BLR → COK,07:55,13:25,5h 30m,1 stop,No info,6451
IndiGo,18/04/2019,Kolkata,Banglore,CCU → BLR,17:15,19:50,2h 35m,non-stop,No info,4174
Air Asia,3/05/2019,Kolkata,Banglore,CCU → BLR,19:55,22:25,2h 30m,non-stop,No info,5989
Multiple carriers,6/03/2019,Delhi,Cochin,DEL → BOM → COK,10:20,18:50,8h 30m,1 stop,No info,15411
IndiGo,12/05/2019,Kolkata,Banglore,CCU → BLR,21:25,00:05 13 May,2h 40m,non-stop,No info,4804
Jet Airways,9/05/2019,Delhi,Cochin,DEL → JAI → BOM → COK,09:40,04:25 10 May,18h 45m,2 stops,In-flight meal not included,13029
Air India,1/05/2019,Kolkata,Banglore,CCU → GAU → DEL → BLR,16:45,12:30 02 May,19h 45m,2 stops,No info,14960
SpiceJet,21/04/2019,Delhi,Cochin,DEL → MAA → COK,06:05,11:20,5h 15m,1 stop,No info,5583
Jet Airways,27/05/2019,Delhi,Cochin,DEL → BOM → COK,10:00,04:25 28 May,18h 25m,1 stop,In-flight meal not included,12898
IndiGo,3/05/2019,Banglore,Delhi,BLR → DEL,08:30,11:20,2h 50m,non-stop,No info,4823
Jet Airways,12/03/2019,Banglore,New Delhi,BLR → BOM → DEL,08:00,21:20,13h 20m,1 stop,No info,13817
Air India,18/03/2019,Delhi,Cochin,DEL → COK,18:05,21:10,3h 5m,non-stop,No info,4729
Multiple carriers,3/06/2019,Delhi,Cochin,DEL → BOM → COK,10:00,21:00,11h,1 stop,No info,13587
SpiceJet,12/03/2019,Chennai,Kolkata,MAA → CCU,08:20,10:35,2h 15m,non-stop,No info,6300
Air India,18/05/2019,Kolkata,Banglore,CCU → BOM → COK → BLR,09:25,01:20 19 May,15h 55m,2 stops,No info,11668
Jet Airways,01/03/2019,Banglore,New Delhi,BLR → BOM → DEL,07:00,18:25,11h 25m,1 stop,No info,26890
Jet Airways,12/05/2019,Mumbai,Hyderabad,BOM → HYD,07:05,08:30,1h 25m,non-stop,In-flight meal not included,4050
Jet Airways,1/06/2019,Delhi,Cochin,DEL → BOM → COK,19:45,19:00 02 Jun,23h 15m,1 stop,No info,14714
Jet Airways,24/06/2019,Delhi,Cochin,DEL → BOM → COK,15:00,19:00 25 Jun,28h,1 stop,In-flight meal not included,10262
IndiGo,3/06/2019,Banglore,Delhi,BLR → DEL,18:25,21:20,2h 55m,non-stop,No info,4823
Air India,6/06/2019,Kolkata,Banglore,CCU → IXR → DEL → BLR,05:50,23:15,17h 25m,2 stops,No info,12723
Air India,6/06/2019,Delhi,Cochin,DEL → UDR → BOM → COK,13:20,07:40 07 Jun,18h 20m,2 stops,No info,12751
Air India,21/05/2019,Kolkata,Banglore,CCU → JAI → DEL → BLR,08:20,23:15,14h 55m,2 stops,No info,13164
Jet Airways,21/04/2019,Banglore,Delhi,BLR → DEL,06:00,08:45,2h 45m,non-stop,In-flight meal not included,4544
Air India,6/06/2019,Delhi,Cochin,DEL → BLR → COK,17:40,08:15 07 Jun,14h 35m,1 stop,No info,7258
Jet Airways,9/06/2019,Delhi,Cochin,DEL → IDR → BOM → COK,21:25,19:00 10 Jun,21h 35m,2 stops,No info,13292
Jet Airways,18/06/2019,Mumbai,Hyderabad,BOM → HYD,19:35,21:05,1h 30m,non-stop,No info,5678
Jet Airways,15/06/2019,Delhi,Cochin,DEL → IDR → BOM → COK,09:35,04:25 16 Jun,18h 50m,2 stops,No info,13292
Jet Airways,1/06/2019,Mumbai,Hyderabad,BOM → HYD,10:20,11:50,1h 30m,non-stop,In-flight meal not included,4050
IndiGo,18/06/2019,Kolkata,Banglore,CCU → BLR,15:15,17:45,2h 30m,non-stop,No info,4804
Jet Airways,18/05/2019,Delhi,Cochin,DEL → BOM → COK,07:05,19:00,11h 55m,1 stop,No info,15554
IndiGo,27/06/2019,Banglore,Delhi,BLR → DEL,00:25,03:15,2h 50m,non-stop,No info,3419
Air India,6/06/2019,Kolkata,Banglore,CCU → GAU → DEL → BLR,09:50,23:15,13h 25m,2 stops,No info,14960
Jet Airways,1/05/2019,Kolkata,Banglore,CCU → DEL → BLR,20:25,22:05 02 May,25h 40m,1 stop,No info,14151
Air India,15/05/2019,Kolkata,Banglore,CCU → MAA → BLR,14:35,14:35 16 May,24h,1 stop,No info,6528
Jet Airways,24/06/2019,Delhi,Cochin,DEL → JDH → BOM → COK,11:40,19:00,7h 20m,2 stops,In-flight meal not included,15812
IndiGo,27/06/2019,Chennai,Kolkata,MAA → CCU,11:35,14:00,2h 25m,non-stop,No info,3858
Jet Airways,15/05/2019,Kolkata,Banglore,CCU → BOM → BLR,14:05,20:45,6h 40m,1 stop,No info,14781
Vistara,1/05/2019,Kolkata,Banglore,CCU → DEL → BLR,17:00,18:50 02 May,25h 50m,1 stop,No info,8610
IndiGo,21/04/2019,Delhi,Cochin,DEL → MAA → COK,02:00,07:25,5h 25m,1 stop,No info,5636
Jet Airways,12/05/2019,Kolkata,Banglore,CCU → DEL → BLR,20:25,09:45 13 May,13h 20m,1 stop,No info,14151
SpiceJet,3/05/2019,Banglore,Delhi,BLR → DEL,21:10,00:05 04 May,2h 55m,non-stop,No info,4991
Vistara,03/03/2019,Banglore,New Delhi,BLR → DEL,21:10,00:05 07 Mar,2h 55m,non-stop,No info,7608
IndiGo,27/06/2019,Delhi,Cochin,DEL → COK,05:35,08:50,3h 15m,non-stop,No info,5000
IndiGo,6/06/2019,Chennai,Kolkata,MAA → CCU,07:55,10:15,2h 20m,non-stop,No info,3850
Air Asia,12/04/2019,Banglore,Delhi,BLR → DEL,11:10,13:55,2h 45m,non-stop,No info,4483
IndiGo,3/03/2019,Delhi,Cochin,DEL → MAA → COK,07:20,12:30,5h 10m,1 stop,No info,12214
Air India,6/06/2019,Delhi,Cochin,DEL → BLR → COK,13:30,23:00,9h 30m,1 stop,No info,8907
Multiple carriers,3/06/2019,Delhi,Cochin,DEL → BOM → COK,10:35,19:00,8h 25m,1 stop,No info,10877
Jet Airways,6/06/2019,Kolkata,Banglore,CCU → GAU → BLR,10:20,17:35,7h 15m,1 stop,No info,11316
Air India,1/05/2019,Delhi,Cochin,DEL → GOI → BOM → COK,22:00,19:15 02 May,21h 15m,2 stops,No info,11281
Multiple carriers,9/05/2019,Delhi,Cochin,DEL → HYD → COK,07:05,22:30,15h 25m,1 stop,No info,8310
SpiceJet,27/05/2019,Kolkata,Banglore,CCU → BLR,09:00,11:25,2h 25m,non-stop,No info,3873
Multiple carriers,27/05/2019,Delhi,Cochin,DEL → BOM → COK,08:30,19:15,10h 45m,1 stop,No info,9149
GoAir,24/03/2019,Banglore,New Delhi,BLR → DEL,11:40,14:35,2h 55m,non-stop,No info,3898
Jet Airways,12/06/2019,Kolkata,Banglore,CCU → DEL → BLR,09:35,22:05,12h 30m,1 stop,No info,12692
GoAir,15/06/2019,Banglore,Delhi,BLR → DEL,11:40,14:30,2h 50m,non-stop,No info,3898
Jet Airways,01/03/2019,Banglore,New Delhi,BLR → BOM → DEL,18:40,09:00 02 Mar,14h 20m,1 stop,No info,31825
SpiceJet,9/03/2019,Chennai,Kolkata,MAA → CCU,08:20,10:35,2h 15m,non-stop,No info,6300
Jet Airways,27/03/2019,Delhi,Cochin,DEL → BOM → COK,17:30,04:25 28 Mar,10h 55m,1 stop,In-flight meal not included,6540
Multiple carriers,6/03/2019,Delhi,Cochin,DEL → BOM → COK,07:05,21:00,13h 55m,1 stop,No info,17267
Multiple carriers,27/06/2019,Delhi,Cochin,DEL → BOM → COK,11:30,21:00,9h 30m,1 stop,No info,13587
IndiGo,18/03/2019,Mumbai,Hyderabad,BOM → HYD,21:20,22:45,1h 25m,non-stop,No info,2227
Multiple carriers,27/05/2019,Delhi,Cochin,DEL → BOM → COK,07:00,19:00,12h,1 stop,No info,10407
Air India,9/04/2019,Banglore,Delhi,BLR → DEL,17:00,19:50,2h 50m,non-stop,No info,5911
Air India,09/03/2019,Banglore,New Delhi,BLR → DEL,10:00,12:45,2h 45m,non-stop,No info,7801
IndiGo,12/05/2019,Banglore,Delhi,BLR → DEL,22:10,01:00 13 May,2h 50m,non-stop,No info,4284
Jet Airways,21/03/2019,Delhi,Cochin,DEL → UDR → BOM → COK,13:00,18:50 22 Mar,29h 50m,2 stops,No info,13082
Jet Airways,21/03/2019,Banglore,New Delhi,BLR → BOM → DEL,07:00,21:20,14h 20m,1 stop,In-flight meal not included,7832
Air India,6/03/2019,Mumbai,Hyderabad,BOM → BLR → HYD,09:15,09:15 07 Mar,24h,1 stop,No info,9535
Air India,9/03/2019,Delhi,Cochin,DEL → BLR → COK,06:10,23:00,16h 50m,1 stop,No info,9064
Jet Airways,18/05/2019,Banglore,Delhi,BLR → DEL,07:10,10:10,3h,non-stop,In-flight meal not included,5198
IndiGo,27/03/2019,Delhi,Cochin,DEL → BOM → COK,20:30,01:35 28 Mar,5h 5m,1 stop,No info,5073
Multiple carriers,3/03/2019,Delhi,Cochin,DEL → BOM → COK,04:00,18:50,14h 50m,1 stop,No info,15237
Jet Airways,18/05/2019,Kolkata,Banglore,CCU → BOM → BLR,14:05,20:45,6h 40m,1 stop,In-flight meal not included,10844
Jet Airways,12/04/2019,Banglore,Delhi,BLR → DEL,17:45,20:45,3h,non-stop,No info,7229
Jet Airways,9/06/2019,Mumbai,Hyderabad,BOM → HYD,07:05,08:30,1h 25m,non-stop,No info,5678
Jet Airways,27/05/2019,Delhi,Cochin,DEL → AMD → BOM → COK,23:05,12:35 28 May,13h 30m,2 stops,No info,15129
IndiGo,15/03/2019,Chennai,Kolkata,MAA → CCU,22:05,00:30 13 Mar,2h 25m,non-stop,No info,6297
Vistara,6/05/2019,Banglore,Delhi,BLR → DEL,19:30,22:15,2h 45m,non-stop,No info,4878
IndiGo,3/06/2019,Delhi,Cochin,DEL → BOM → COK,17:10,01:30 04 Jun,8h 20m,1 stop,No info,6104
Jet Airways,15/03/2019,Banglore,New Delhi,BLR → BOM → DEL,11:40,08:15 16 Mar,20h 35m,1 stop,In-flight meal not included,9134
Jet Airways,3/06/2019,Delhi,Cochin,DEL → JAI → BOM → COK,19:30,04:25 04 Jun,8h 55m,2 stops,No info,13014
Jet Airways,6/05/2019,Kolkata,Banglore,CCU → BOM → BLR,20:00,20:45 07 May,24h 45m,1 stop,No info,14388
IndiGo,12/06/2019,Banglore,Delhi,BLR → DEL,22:10,01:00 13 Jun,2h 50m,non-stop,No info,3419
SpiceJet,27/06/2019,Chennai,Kolkata,MAA → CCU,09:45,12:00,2h 15m,non-stop,No check-in baggage included,3543
SpiceJet,3/06/2019,Kolkata,Banglore,CCU → BLR,06:55,09:30,2h 35m,non-stop,No check-in baggage included,3841
Multiple carriers,1/06/2019,Delhi,Cochin,DEL → HYD → COK,09:45,16:10,6h 25m,1 stop,No info,9646
Jet Airways,9/03/2019,Delhi,Cochin,DEL → BOM → COK,08:00,04:25 10 Mar,20h 25m,1 stop,No info,17549
Multiple carriers,27/03/2019,Delhi,Cochin,DEL → BOM → COK,10:45,18:50,8h 5m,1 stop,No info,11622
IndiGo,3/03/2019,Delhi,Cochin,DEL → HYD → COK,04:55,16:10,11h 15m,1 stop,No info,8513
SpiceJet,12/03/2019,Chennai,Kolkata,MAA → CCU,17:45,20:05,2h 20m,non-stop,No info,6300
Air Asia,18/05/2019,Banglore,Delhi,BLR → DEL,23:55,02:45 19 May,2h 50m,non-stop,No info,4483
Jet Airways,9/06/2019,Kolkata,Banglore,CCU → BOM → BLR,21:10,09:20 10 Jun,12h 10m,1 stop,In-flight meal not included,11841
Jet Airways,9/06/2019,Kolkata,Banglore,CCU → BOM → BLR,08:25,19:50,11h 25m,1 stop,In-flight meal not included,10844
Air India,9/05/2019,Delhi,Cochin,DEL → CCU → BOM → COK,14:25,19:15 10 May,28h 50m,2 stops,No info,13591
Jet Airways,12/05/2019,Kolkata,Banglore,CCU → BOM → BLR,06:30,16:20,9h 50m,1 stop,No info,14781
IndiGo,9/05/2019,Chennai,Kolkata,MAA → CCU,07:55,10:15,2h 20m,non-stop,No info,3850
Air Asia,24/03/2019,Banglore,New Delhi,BLR → DEL,11:10,13:55,2h 45m,non-stop,No info,3383
Jet Airways,15/06/2019,Banglore,Delhi,BLR → DEL,18:55,22:00,3h 5m,non-stop,In-flight meal not included,7229
Jet Airways,15/06/2019,Delhi,Cochin,DEL → BOM → COK,09:00,19:00,10h,1 stop,In-flight meal not included,10262
Air India,24/03/2019,Kolkata,Banglore,CCU → GAU → IMF → DEL → BLR,05:55,23:15,17h 20m,3 stops,No info,15145
IndiGo,27/03/2019,Mumbai,Hyderabad,BOM → HYD,06:20,07:45,1h 25m,non-stop,No info,3175
Jet Airways,24/05/2019,Kolkata,Banglore,CCU → BOM → BLR,20:00,23:35 25 May,27h 35m,1 stop,In-flight meal not included,10844
Air Asia,21/06/2019,Banglore,Delhi,BLR → DEL,11:10,13:55,2h 45m,non-stop,No info,3383
IndiGo,12/06/2019,Delhi,Cochin,DEL → BOM → COK,09:15,01:30 13 Jun,16h 15m,1 stop,No info,6628
Jet Airways,9/05/2019,Kolkata,Banglore,CCU → DEL → BLR,17:00,21:05 10 May,28h 5m,1 stop,No info,13067
IndiGo,6/06/2019,Delhi,Cochin,DEL → PNQ → COK,23:30,04:35 07 Jun,5h 5m,1 stop,No info,10112
Jet Airways,21/03/2019,Banglore,New Delhi,BLR → BOM → DEL,11:40,07:40 19 Mar,20h,1 stop,In-flight meal not included,7832
Air India,1/04/2019,Kolkata,Banglore,CCU → DEL → BLR,20:30,08:55 02 Apr,12h 25m,1 stop,No info,7893
Air India,9/03/2019,Delhi,Cochin,DEL → HYD → BOM → COK,21:30,19:15 10 Mar,21h 45m,2 stops,No info,11762
Jet Airways,1/04/2019,Kolkata,Banglore,CCU → BOM → BLR,16:30,22:35,6h 5m,1 stop,In-flight meal not included,7064
Air India,24/03/2019,Kolkata,Banglore,CCU → BBI → BLR,12:00,13:40 25 Mar,25h 40m,1 stop,No info,7742
SpiceJet,21/03/2019,Mumbai,Hyderabad,BOM → HYD,13:10,14:30,1h 20m,non-stop,No info,3173
Air India,18/05/2019,Kolkata,Banglore,CCU → IXR → DEL → BLR,05:50,08:55 19 May,27h 5m,2 stops,No info,12723
Air India,03/03/2019,Banglore,New Delhi,BLR → TRV → COK → DEL,07:30,10:50 07 Mar,27h 20m,2 stops,No info,12074
Jet Airways,18/05/2019,Delhi,Cochin,DEL → BOM → COK,09:00,19:00,10h,1 stop,No info,15554
Jet Airways,9/05/2019,Delhi,Cochin,DEL → AMD → BOM → COK,19:10,19:00 10 May,23h 50m,2 stops,No info,15129
Multiple carriers,1/06/2019,Delhi,Cochin,DEL → BOM → COK,03:50,12:35,8h 45m,1 stop,No info,12192
Jet Airways,21/03/2019,Delhi,Cochin,DEL → BOM → COK,19:45,04:25 22 Mar,8h 40m,1 stop,No info,12557
Air India,15/05/2019,Mumbai,Hyderabad,BOM → HYD,19:30,20:45,1h 15m,non-stop,No info,3100
Jet Airways,9/06/2019,Delhi,Cochin,DEL → JAI → BOM → COK,05:30,04:25 10 Jun,22h 55m,2 stops,No info,13014
Jet Airways,01/03/2019,Banglore,New Delhi,BLR → BOM → DEL,05:45,18:25,12h 40m,1 stop,No info,26890
Jet Airways,6/06/2019,Delhi,Cochin,DEL → NAG → BOM → COK,14:35,04:25 07 Jun,13h 50m,2 stops,No info,13376
Air Asia,9/04/2019,Delhi,Cochin,DEL → BLR → COK,20:45,07:10 10 Apr,10h 25m,1 stop,No info,6451
Air India,9/06/2019,Delhi,Cochin,DEL → HYD → MAA → COK,07:05,09:25 10 Jun,26h 20m,2 stops,No info,11185
Jet Airways,21/05/2019,Banglore,Delhi,BLR → DEL,06:00,08:45,2h 45m,non-stop,In-flight meal not included,4030
IndiGo,27/05/2019,Chennai,Kolkata,MAA → CCU,07:55,10:15,2h 20m,non-stop,No info,3850
Air India,1/05/2019,Kolkata,Banglore,CCU → DEL → BLR,07:00,16:15,9h 15m,1 stop,No info,10203
SpiceJet,1/05/2019,Chennai,Kolkata,MAA → CCU,08:20,10:35,2h 15m,non-stop,No info,3597
Air India,9/05/2019,Kolkata,Banglore,CCU → BBI → BOM → BLR,12:00,18:30 10 May,30h 30m,2 stops,No info,9626
Air India,9/05/2019,Delhi,Cochin,DEL → HYD → MAA → COK,07:05,09:25 10 May,26h 20m,2 stops,No info,9347
IndiGo,24/06/2019,Delhi,Cochin,DEL → BOM → COK,16:00,01:30 25 Jun,9h 30m,1 stop,No info,6316
Jet Airways,21/05/2019,Delhi,Cochin,DEL → BOM → COK,09:00,19:00,10h,1 stop,No info,16079
IndiGo,18/05/2019,Kolkata,Banglore,CCU → HYD → BLR,15:15,20:05,4h 50m,1 stop,No info,4775
Jet Airways,1/04/2019,Kolkata,Banglore,CCU → BOM → BLR,08:25,09:20 02 Apr,24h 55m,1 stop,In-flight meal not included,7064
Vistara,1/05/2019,Kolkata,Banglore,CCU → DEL → BLR,17:00,09:05 02 May,16h 5m,1 stop,No info,8452
Jet Airways,24/03/2019,Kolkata,Banglore,CCU → BOM → BLR,19:45,20:40 25 Mar,24h 55m,1 stop,No info,13759
Multiple carriers,15/06/2019,Delhi,Cochin,DEL → HYD → COK,07:05,22:30,15h 25m,1 stop,No info,9646
SpiceJet,27/05/2019,Mumbai,Hyderabad,BOM → HYD,13:15,14:45,1h 30m,non-stop,No check-in baggage included,2385
Jet Airways,15/05/2019,Kolkata,Banglore,CCU → BOM → BLR,18:55,20:45 16 May,25h 50m,1 stop,In-flight meal not included,10844
IndiGo,3/03/2019,Mumbai,Hyderabad,BOM → HYD,12:00,13:25,1h 25m,non-stop,No info,5755
Jet Airways,21/03/2019,Banglore,New Delhi,BLR → MAA → DEL,09:45,14:25,4h 40m,1 stop,In-flight meal not included,7280
Multiple carriers,15/05/2019,Delhi,Cochin,DEL → BOM → COK,08:30,19:00,10h 30m,1 stop,No info,9627
SpiceJet,12/05/2019,Mumbai,Hyderabad,BOM → HYD,05:45,07:15,1h 30m,non-stop,No info,2017
Multiple carriers,15/06/2019,Delhi,Cochin,DEL → BOM → COK,08:30,19:00,10h 30m,1 stop,No info,11200
IndiGo,24/04/2019,Kolkata,Banglore,CCU → MAA → BLR,19:35,00:10 25 Apr,4h 35m,1 stop,No info,4860
IndiGo,18/05/2019,Chennai,Kolkata,MAA → CCU,22:05,00:25 19 May,2h 20m,non-stop,No info,5277
Jet Airways,15/05/2019,Kolkata,Banglore,CCU → BOM → BLR,18:55,10:05 16 May,15h 10m,1 stop,No info,14388
SpiceJet,27/06/2019,Kolkata,Banglore,CCU → BLR,06:55,09:30,2h 35m,non-stop,No info,3873
Jet Airways,01/03/2019,Banglore,New Delhi,BLR → BOM → DEL,08:00,15:15,7h 15m,1 stop,No info,22270
Air India,21/03/2019,Mumbai,Hyderabad,BOM → HYD,21:05,22:25,1h 20m,non-stop,No info,2050
SpiceJet,27/06/2019,Banglore,Delhi,BLR → DEL,05:55,08:35,2h 40m,non-stop,No check-in baggage included,3573
Jet Airways,12/06/2019,Delhi,Cochin,DEL → NAG → BOM → COK,06:45,04:25 13 Jun,21h 40m,2 stops,No info,13376
Jet Airways,6/05/2019,Kolkata,Banglore,CCU → BOM → BLR,20:00,19:50 07 May,23h 50m,1 stop,No info,14388
Jet Airways,18/05/2019,Banglore,Delhi,BLR → DEL,11:10,14:05,2h 55m,non-stop,In-flight meal not included,5198
IndiGo,3/06/2019,Delhi,Cochin,DEL → HYD → COK,11:55,22:30,10h 35m,1 stop,No info,6442
Jet Airways,6/05/2019,Kolkata,Banglore,CCU → BOM → BLR,06:30,18:15,11h 45m,1 stop,In-flight meal not included,10844
GoAir,24/03/2019,Banglore,New Delhi,BLR → DEL,07:45,10:40,2h 55m,non-stop,No info,4239
Jet Airways,18/05/2019,Kolkata,Banglore,CCU → BOM → BLR,05:45,08:15 19 May,26h 30m,1 stop,In-flight meal not included,8586
Air India,1/05/2019,Kolkata,Banglore,CCU → DEL → COK → BLR,20:30,13:45 02 May,17h 15m,2 stops,No info,15164
Air Asia,27/04/2019,Delhi,Cochin,DEL → BLR → COK,07:55,22:25,14h 30m,1 stop,No info,6451
Air India,18/04/2019,Banglore,Delhi,BLR → DEL,21:05,23:55,2h 50m,non-stop,No info,5228
Jet Airways,27/03/2019,Delhi,Cochin,DEL → MAA → BOM → COK,05:10,18:50,13h 40m,2 stops,In-flight meal not included,8518
Air India,15/06/2019,Banglore,Delhi,BLR → DEL,13:20,16:10,2h 50m,non-stop,No info,6961
Jet Airways,01/03/2019,Banglore,New Delhi,BLR → BOM → DEL,08:00,07:40 02 Mar,23h 40m,1 stop,No info,22270
Jet Airways,27/05/2019,Delhi,Cochin,DEL → AMD → BOM → COK,19:10,19:00 28 May,23h 50m,2 stops,No info,15129
Air India,12/05/2019,Kolkata,Banglore,CCU → GAU → IMF → DEL → BLR,09:50,23:15,13h 25m,3 stops,No info,14015
Vistara,21/06/2019,Chennai,Kolkata,MAA → CCU,17:45,20:05,2h 20m,non-stop,No info,11982
Air Asia,15/05/2019,Banglore,Delhi,BLR → DEL,11:10,13:55,2h 45m,non-stop,No info,3383
Jet Airways,12/05/2019,Kolkata,Banglore,CCU → BOM → BLR,16:30,18:15 13 May,25h 45m,1 stop,In-flight meal not included,10844
IndiGo,24/05/2019,Mumbai,Hyderabad,BOM → HYD,09:10,10:40,1h 30m,non-stop,No info,5755
Air Asia,15/06/2019,Delhi,Cochin,DEL → BLR → COK,16:45,07:10 16 Jun,14h 25m,1 stop,No info,6853
Air India,9/06/2019,Kolkata,Banglore,CCU → BOM → GOI → BLR,09:25,05:35 10 Jun,20h 10m,2 stops,No info,11642
Jet Airways,15/05/2019,Kolkata,Banglore,CCU → BOM → BLR,20:00,08:15 16 May,12h 15m,1 stop,In-flight meal not included,8586
Air India,9/04/2019,Delhi,Cochin,DEL → MAA → COK,06:05,09:25 10 Apr,27h 20m,1 stop,No info,4487
Jet Airways,1/04/2019,Banglore,Delhi,BLR → DEL,17:45,20:45,3h,non-stop,No info,7229
Jet Airways,15/05/2019,Banglore,Delhi,BLR → DEL,19:50,22:50,3h,non-stop,In-flight meal not included,4030
Jet Airways,21/03/2019,Banglore,New Delhi,BLR → BOM → DEL,21:25,11:25 19 Mar,14h,1 stop,In-flight meal not included,7832
Air India,1/06/2019,Delhi,Cochin,DEL → BOM → COK,10:00,19:15,9h 15m,1 stop,No info,9929
IndiGo,3/06/2019,Delhi,Cochin,DEL → BOM → COK,16:00,21:00,5h,1 stop,No info,6593
SpiceJet,24/03/2019,Banglore,New Delhi,BLR → DEL,09:35,12:30,2h 55m,non-stop,No info,4377
IndiGo,27/04/2019,Banglore,Delhi,BLR → DEL,10:30,13:20,2h 50m,non-stop,No info,4423
Jet Airways,27/06/2019,Delhi,Cochin,DEL → JAI → BOM → COK,05:30,19:00,13h 30m,2 stops,No info,13014
Jet Airways,18/05/2019,Delhi,Cochin,DEL → BOM → COK,19:45,19:00 19 May,23h 15m,1 stop,No info,15554
Jet Airways,18/05/2019,Delhi,Cochin,DEL → JAI → BOM → COK,05:30,19:00,13h 30m,2 stops,No info,15129
Air Asia,03/03/2019,Banglore,New Delhi,BLR → DEL,05:50,08:40,2h 50m,non-stop,No info,7074
Air India,09/03/2019,Banglore,New Delhi,BLR → HYD → DEL,06:50,23:10,16h 20m,1 stop,No info,5626
Vistara,21/06/2019,Delhi,Cochin,DEL → COK,06:00,09:10,3h 10m,non-stop,No info,6216
IndiGo,03/03/2019,Banglore,New Delhi,BLR → DEL,08:30,11:30,3h,non-stop,No info,6860
Air India,24/04/2019,Banglore,Delhi,BLR → DEL,06:10,08:55,2h 45m,non-stop,No info,5228
IndiGo,24/03/2019,Banglore,New Delhi,BLR → DEL,04:00,06:50,2h 50m,non-stop,No info,4777
Jet Airways,15/06/2019,Delhi,Cochin,DEL → BOM → COK,14:00,12:35 16 Jun,22h 35m,1 stop,In-flight meal not included,10262
IndiGo,03/03/2019,Banglore,New Delhi,BLR → AMD → DEL,14:25,19:25,5h,1 stop,No info,11873
Multiple carriers,24/06/2019,Delhi,Cochin,DEL → BOM → COK,12:50,21:00,8h 10m,1 stop,In-flight meal not included,6007
Jet Airways,6/04/2019,Delhi,Cochin,DEL → BOM → COK,11:30,12:35 07 Apr,25h 5m,1 stop,In-flight meal not included,5177
Jet Airways,1/05/2019,Kolkata,Banglore,CCU → BOM → BLR,20:00,09:20 02 May,13h 20m,1 stop,No info,14388
Jet Airways,9/06/2019,Kolkata,Banglore,CCU → DEL → BLR,17:00,19:10 10 Jun,26h 10m,1 stop,No info,12692
Jet Airways,27/05/2019,Delhi,Cochin,DEL → BHO → BOM → COK,05:30,12:35,7h 5m,2 stops,No info,16274
IndiGo,6/05/2019,Chennai,Kolkata,MAA → CCU,07:55,10:15,2h 20m,non-stop,No info,3850
IndiGo,21/03/2019,Delhi,Cochin,DEL → BOM → COK,04:45,15:30,10h 45m,1 stop,No info,7738
Air India,3/03/2019,Delhi,Cochin,DEL → MAA → COK,17:20,09:25 04 Mar,16h 5m,1 stop,No info,16352
IndiGo,15/06/2019,Kolkata,Banglore,CCU → BLR,20:25,23:10,2h 45m,non-stop,No info,4804
Multiple carriers,27/06/2019,Delhi,Cochin,DEL → BOM → COK,19:00,01:30 28 Jun,6h 30m,1 stop,No info,6795
Jet Airways,12/03/2019,Banglore,New Delhi,BLR → BOM → DEL,22:55,09:30 13 Mar,10h 35m,1 stop,No info,13817
SpiceJet,21/05/2019,Kolkata,Banglore,CCU → MAA → BLR,15:05,20:20,5h 15m,1 stop,No info,4649
Multiple carriers,15/05/2019,Delhi,Cochin,DEL → BOM → COK,11:30,19:15,7h 45m,1 stop,No info,14323
Jet Airways,3/06/2019,Banglore,Delhi,BLR → DEL,11:10,14:05,2h 55m,non-stop,No info,8016
IndiGo,9/06/2019,Delhi,Cochin,DEL → BOM → COK,16:00,01:30 10 Jun,9h 30m,1 stop,No info,6316
Multiple carriers,15/05/2019,Delhi,Cochin,DEL → BOM → COK,03:50,19:00,15h 10m,1 stop,No info,10197
Multiple carriers,15/05/2019,Delhi,Cochin,DEL → BOM → COK,10:00,21:00,11h,1 stop,No info,8073
Jet Airways,06/03/2019,Banglore,New Delhi,BLR → BOM → DEL,16:55,09:30 07 Mar,16h 35m,1 stop,No info,17261
Jet Airways,24/06/2019,Delhi,Cochin,DEL → AMD → BOM → COK,23:05,12:35 25 Jun,13h 30m,2 stops,No info,12819
Jet Airways,1/06/2019,Delhi,Cochin,DEL → IDR → BOM → COK,21:25,12:35 02 Jun,15h 10m,2 stops,No info,13292
IndiGo,9/04/2019,Delhi,Cochin,DEL → BOM → COK,07:30,21:00,13h 30m,1 stop,No info,6093
Jet Airways,1/05/2019,Kolkata,Banglore,CCU → DEL → BLR,20:25,18:00 02 May,21h 35m,1 stop,In-flight meal not included,9314
Multiple carriers,27/03/2019,Delhi,Cochin,DEL → HYD → COK,14:35,22:20,7h 45m,1 stop,In-flight meal not included,5883
IndiGo,21/03/2019,Delhi,Cochin,DEL → BOM → COK,09:10,15:30,6h 20m,1 stop,No info,9709
Jet Airways,21/05/2019,Delhi,Cochin,DEL → BOM → COK,02:15,19:00,16h 45m,1 stop,No info,16079
Multiple carriers,21/05/2019,Delhi,Cochin,DEL → BOM → COK,12:50,21:00,8h 10m,1 stop,No info,7485
SpiceJet,18/06/2019,Banglore,Delhi,BLR → DEL,21:10,00:05 19 Jun,2h 55m,non-stop,No info,3971
Multiple carriers,3/03/2019,Delhi,Cochin,DEL → BOM → COK,08:00,21:00,13h,1 stop,No info,17057
IndiGo,18/05/2019,Delhi,Cochin,DEL → BOM → COK,10:35,01:30 19 May,14h 55m,1 stop,No info,7503
Jet Airways,15/06/2019,Delhi,Cochin,DEL → BOM → COK,11:30,19:00,7h 30m,1 stop,No info,14714
Jet Airways,6/06/2019,Delhi,Cochin,DEL → BOM → COK,14:00,04:25 07 Jun,14h 25m,1 stop,In-flight meal not included,10262
IndiGo,1/06/2019,Delhi,Cochin,DEL → BOM → COK,16:00,21:00,5h,1 stop,No info,6593
Jet Airways,24/06/2019,Delhi,Cochin,DEL → BOM → COK,13:00,04:25 25 Jun,15h 25m,1 stop,In-flight meal not included,10262
GoAir,27/06/2019,Delhi,Cochin,DEL → BOM → COK,10:35,19:35,9h,1 stop,No info,3948
Jet Airways,6/04/2019,Banglore,Delhi,BLR → DEL,06:00,08:45,2h 45m,non-stop,No info,7229
Vistara,27/03/2019,Delhi,Cochin,DEL → COK,06:00,09:10,3h 10m,non-stop,No info,4851
GoAir,03/03/2019,Banglore,New Delhi,BLR → GOI → DEL,15:45,20:15,4h 30m,1 stop,No info,8352
Jet Airways,27/03/2019,Delhi,Cochin,DEL → BOM → COK,16:00,04:25 28 Mar,12h 25m,1 stop,No info,12242
Jet Airways,6/06/2019,Kolkata,Banglore,CCU → BOM → BLR,20:00,08:15 07 Jun,12h 15m,1 stop,No info,14571
IndiGo,27/06/2019,Delhi,Cochin,DEL → HYD → COK,06:50,22:30,15h 40m,1 stop,No info,6442
Air India,15/06/2019,Kolkata,Banglore,CCU → BLR,20:45,23:20,2h 35m,non-stop,No info,4145
Jet Airways,24/06/2019,Delhi,Cochin,DEL → BOM → COK,21:50,19:00 25 Jun,21h 10m,1 stop,In-flight meal not included,10262
IndiGo,3/04/2019,Mumbai,Hyderabad,BOM → HYD,06:25,07:55,1h 30m,non-stop,No info,4049
Air India,6/03/2019,Delhi,Cochin,DEL → HYD → BOM → COK,07:05,19:15 07 Mar,36h 10m,2 stops,No info,11552
Jet Airways,9/05/2019,Delhi,Cochin,DEL → BOM → COK,07:05,19:00,11h 55m,1 stop,No info,15554
Air India,24/05/2019,Kolkata,Banglore,CCU → GAU → DEL → BLR,09:50,23:15,13h 25m,2 stops,No info,15170
Jet Airways,21/05/2019,Kolkata,Banglore,CCU → DEL → BLR,09:35,14:25 22 May,28h 50m,1 stop,No info,11467
SpiceJet,24/05/2019,Kolkata,Banglore,CCU → BLR,17:10,19:40,2h 30m,non-stop,No info,4174
Jet Airways,1/06/2019,Delhi,Cochin,DEL → BOM → COK,13:00,19:00,6h,1 stop,No info,14714
Jet Airways,18/05/2019,Delhi,Cochin,DEL → BOM → COK,13:00,19:00,6h,1 stop,In-flight meal not included,12373
Jet Airways,18/05/2019,Kolkata,Banglore,CCU → DEL → BLR,17:00,14:25 19 May,21h 25m,1 stop,No info,13067
IndiGo,9/04/2019,Delhi,Cochin,DEL → BOM → COK,06:40,21:00,14h 20m,1 stop,No info,6093
Air India,9/05/2019,Delhi,Cochin,DEL → COK,05:10,08:00,2h 50m,non-stop,No info,5201
Jet Airways,1/06/2019,Delhi,Cochin,DEL → BOM → COK,02:15,19:00,16h 45m,1 stop,In-flight meal not included,10262
Jet Airways,6/05/2019,Delhi,Cochin,DEL → BOM → COK,22:50,04:25 07 May,5h 35m,1 stop,No info,15554
GoAir,1/04/2019,Delhi,Cochin,DEL → AMD → COK,07:25,13:35,6h 10m,1 stop,No info,4563
Air India,27/05/2019,Delhi,Cochin,DEL → BOM → COK,03:50,19:15,15h 25m,1 stop,No info,9719
Air Asia,18/04/2019,Kolkata,Banglore,CCU → BLR,19:55,22:25,2h 30m,non-stop,No info,4409
Multiple carriers,15/05/2019,Delhi,Cochin,DEL → BOM → COK,17:00,01:30 16 May,8h 30m,1 stop,No info,8073
Jet Airways,9/05/2019,Kolkata,Banglore,CCU → BOM → BLR,20:00,18:15 10 May,22h 15m,1 stop,In-flight meal not included,7757
Air India,9/03/2019,Delhi,Cochin,DEL → BOM → COK,07:00,19:15,12h 15m,1 stop,No info,15704
Jet Airways,24/04/2019,Banglore,Delhi,BLR → DEL,19:50,22:50,3h,non-stop,No info,7229
Air India,3/03/2019,Delhi,Cochin,DEL → HYD → BOM → COK,17:15,19:15 04 Mar,26h,2 stops,No info,13442
Multiple carriers,3/06/2019,Delhi,Cochin,DEL → BOM → COK,06:40,19:15,12h 35m,1 stop,No info,7354
GoAir,6/05/2019,Banglore,Delhi,BLR → DEL,11:40,14:30,2h 50m,non-stop,No info,3398
Jet Airways,21/06/2019,Banglore,Delhi,BLR → DEL,08:20,11:20,3h,non-stop,In-flight meal not included,5769
IndiGo,27/05/2019,Delhi,Cochin,DEL → MAA → COK,07:15,12:30,5h 15m,1 stop,No info,5636
IndiGo,3/04/2019,Banglore,Delhi,BLR → DEL,00:30,03:25,2h 55m,non-stop,No info,3419
Jet Airways,9/05/2019,Kolkata,Banglore,CCU → BOM → BLR,14:05,18:15 10 May,28h 10m,1 stop,No info,13584
Jet Airways,6/06/2019,Delhi,Cochin,DEL → JAI → BOM → COK,09:40,04:25 07 Jun,18h 45m,2 stops,In-flight meal not included,10368
IndiGo,24/05/2019,Kolkata,Banglore,CCU → HYD → BLR,15:15,20:05,4h 50m,1 stop,No info,5192
Air India,18/05/2019,Delhi,Cochin,DEL → RPR → NAG → BOM → COK,05:15,19:15 19 May,38h,3 stops,No info,10703
Multiple carriers,9/06/2019,Delhi,Cochin,DEL → BOM → COK,03:50,19:00,15h 10m,1 stop,No info,12192
Multiple carriers,9/05/2019,Delhi,Cochin,DEL → BOM → COK,08:45,19:00,10h 15m,1 stop,No info,9794
Air India,3/03/2019,Delhi,Cochin,DEL → BOM → COK,19:00,07:40 04 Mar,12h 40m,1 stop,No info,14777
Air India,6/03/2019,Delhi,Cochin,DEL → BLR → COK,20:30,08:15 07 Mar,11h 45m,1 stop,No info,10566
GoAir,27/06/2019,Delhi,Cochin,DEL → AMD → COK,07:25,13:35,6h 10m,1 stop,No info,4525
Jet Airways,24/06/2019,Delhi,Cochin,DEL → BOM → COK,18:15,12:35 25 Jun,18h 20m,1 stop,In-flight meal not included,10262
Jet Airways,3/05/2019,Banglore,Delhi,BLR → DEL,19:50,22:50,3h,non-stop,In-flight meal not included,6144
Jet Airways,9/05/2019,Kolkata,Banglore,CCU → BOM → BLR,20:00,04:40 10 May,8h 40m,1 stop,In-flight meal not included,8586
Jet Airways,9/06/2019,Delhi,Cochin,DEL → BOM → COK,02:15,12:35,10h 20m,1 stop,No info,18371
Multiple carriers,27/06/2019,Delhi,Cochin,DEL → BOM → COK,04:55,12:35,7h 40m,1 stop,No info,10678
SpiceJet,15/03/2019,Mumbai,Hyderabad,BOM → HYD,22:45,00:10 16 Mar,1h 25m,non-stop,No check-in baggage included,2647
IndiGo,9/05/2019,Delhi,Cochin,DEL → BLR → COK,15:10,20:00,4h 50m,1 stop,No info,6147
Jet Airways,3/03/2019,Delhi,Cochin,DEL → IDR → BOM → COK,05:25,18:50,13h 25m,2 stops,No info,18799
IndiGo,9/03/2019,Delhi,Cochin,DEL → BOM → COK,04:45,21:00,16h 15m,1 stop,No info,10518
Air India,27/05/2019,Delhi,Cochin,DEL → MAA → COK,06:05,09:25 28 May,27h 20m,1 stop,No info,7480
Jet Airways,1/05/2019,Kolkata,Banglore,CCU → BOM → BLR,08:25,19:50,11h 25m,1 stop,No info,14781
IndiGo,24/05/2019,Kolkata,Banglore,CCU → MAA → BLR,08:10,13:00,4h 50m,1 stop,No info,5069
Multiple carriers,12/06/2019,Delhi,Cochin,DEL → BOM → COK,14:00,01:30 13 Jun,11h 30m,1 stop,No info,13377
Multiple carriers,21/05/2019,Delhi,Cochin,DEL → BOM → COK,08:45,21:00,12h 15m,1 stop,No info,7485
Jet Airways,24/06/2019,Delhi,Cochin,DEL → BOM → COK,15:00,04:25 25 Jun,13h 25m,1 stop,In-flight meal not included,10262
SpiceJet,6/06/2019,Kolkata,Banglore,CCU → BLR,17:10,19:40,2h 30m,non-stop,No info,3873
Jet Airways,12/05/2019,Kolkata,Banglore,CCU → BOM → BLR,16:30,16:20 13 May,23h 50m,1 stop,In-flight meal not included,10844
Air India,15/06/2019,Delhi,Cochin,DEL → BLR → COK,09:45,23:00,13h 15m,1 stop,No info,8907
Jet Airways,6/06/2019,Kolkata,Banglore,CCU → DEL → BLR,20:25,23:35 07 Jun,27h 10m,1 stop,No info,14151
Jet Airways,27/06/2019,Delhi,Cochin,DEL → AMD → BOM → COK,19:10,12:35 28 Jun,17h 25m,2 stops,No info,12819
Jet Airways,6/06/2019,Kolkata,Banglore,CCU → BOM → BLR,20:00,04:40 07 Jun,8h 40m,1 stop,In-flight meal not included,8586
Vistara,09/03/2019,Banglore,New Delhi,BLR → DEL,07:00,09:40,2h 40m,non-stop,No info,7975
Jet Airways,18/05/2019,Kolkata,Banglore,CCU → BOM → BLR,18:55,22:35 19 May,27h 40m,1 stop,In-flight meal not included,10844
Jet Airways,06/03/2019,Banglore,New Delhi,BLR → BOM → DEL,08:55,07:40 07 Mar,22h 45m,1 stop,No info,14815
Jet Airways,15/05/2019,Kolkata,Banglore,CCU → BOM → BLR,21:10,10:05 16 May,12h 55m,1 stop,In-flight meal not included,11841
Air India,01/03/2019,Banglore,New Delhi,BLR → COK → DEL,22:00,23:20 02 Mar,25h 20m,1 stop,Change airports,14305
Jet Airways,15/05/2019,Kolkata,Banglore,CCU → BOM → BLR,18:55,19:50 16 May,24h 55m,1 stop,In-flight meal not included,10844
Jet Airways,9/06/2019,Delhi,Cochin,DEL → BOM → COK,11:30,12:35 10 Jun,25h 5m,1 stop,In-flight meal not included,10262
Jet Airways,12/06/2019,Kolkata,Banglore,CCU → BOM → BLR,20:00,09:20 13 Jun,13h 20m,1 stop,In-flight meal not included,8529
Jet Airways,15/05/2019,Kolkata,Banglore,CCU → DEL → BLR,17:00,23:35,6h 35m,1 stop,No info,14151
IndiGo,15/03/2019,Banglore,New Delhi,BLR → DEL,08:30,11:30,3h,non-stop,No info,6860
IndiGo,1/05/2019,Banglore,Delhi,BLR → DEL,01:30,04:15,2h 45m,non-stop,No info,4077
Jet Airways,6/06/2019,Delhi,Cochin,DEL → BOM → COK,15:00,04:25 07 Jun,13h 25m,1 stop,In-flight meal not included,10262
Jet Airways,3/06/2019,Delhi,Cochin,DEL → IDR → BOM → COK,21:25,19:00 04 Jun,21h 35m,2 stops,In-flight meal not included,11507
SpiceJet,21/06/2019,Mumbai,Hyderabad,BOM → HYD,13:15,14:45,1h 30m,non-stop,No check-in baggage included,1965
Jet Airways,24/03/2019,Kolkata,Banglore,CCU → BOM → BLR,08:25,16:20,7h 55m,1 stop,No info,13759
Air India,9/06/2019,Kolkata,Banglore,CCU → IXR → DEL → BLR,05:50,08:55 10 Jun,27h 5m,2 stops,No info,12723
Vistara,18/03/2019,Banglore,New Delhi,BLR → DEL,19:40,22:20,2h 40m,non-stop,No info,12123
Jet Airways,21/03/2019,Delhi,Cochin,DEL → BOM → COK,18:15,04:25 22 Mar,10h 10m,1 stop,In-flight meal not included,5963
Multiple carriers,21/05/2019,Delhi,Cochin,DEL → BOM → COK,06:00,12:35,6h 35m,1 stop,No info,9794
Jet Airways,15/03/2019,Banglore,New Delhi,BLR → BOM → DEL,08:00,18:25,10h 25m,1 stop,In-flight meal not included,9134
Multiple carriers,12/06/2019,Delhi,Cochin,DEL → BOM → COK,08:30,19:00,10h 30m,1 stop,No info,10877
Jet Airways,9/06/2019,Kolkata,Banglore,CCU → BOM → BLR,21:10,18:15 10 Jun,21h 5m,1 stop,No info,14571
Jet Airways,6/05/2019,Kolkata,Banglore,CCU → BOM → BLR,16:30,23:35,7h 5m,1 stop,In-flight meal not included,11841
Air India,24/03/2019,Kolkata,Banglore,CCU → BBI → BOM → BLR,09:10,21:50,12h 40m,2 stops,No info,15187
Jet Airways,6/03/2019,Delhi,Cochin,DEL → BOM → COK,09:00,18:50,9h 50m,1 stop,In-flight meal not included,15400
Jet Airways,24/04/2019,Banglore,Delhi,BLR → DEL,18:55,22:00,3h 5m,non-stop,No info,7229
Jet Airways,24/03/2019,Kolkata,Banglore,CCU → BOM → BLR,19:45,12:00 25 Mar,16h 15m,1 stop,In-flight meal not included,11134
IndiGo,6/03/2019,Chennai,Kolkata,MAA → CCU,11:35,14:00,2h 25m,non-stop,No info,7295
Air India,12/05/2019,Kolkata,Banglore,CCU → DEL → BLR,20:30,16:15 13 May,19h 45m,1 stop,No info,10203
Jet Airways,15/05/2019,Kolkata,Banglore,CCU → BOM → BLR,14:05,20:45,6h 40m,1 stop,In-flight meal not included,10844
Multiple carriers,21/03/2019,Delhi,Cochin,DEL → BOM → COK,07:05,15:30,8h 25m,1 stop,No info,14486
Vistara,24/05/2019,Kolkata,Banglore,CCU → DEL → BLR,07:10,22:40,15h 30m,1 stop,No info,9397
Multiple carriers,3/03/2019,Delhi,Cochin,DEL → BOM → COK,08:55,21:00,12h 5m,1 stop,No info,15147
Jet Airways,9/06/2019,Kolkata,Banglore,CCU → BOM → BLR,14:05,19:50,5h 45m,1 stop,In-flight meal not included,10844
IndiGo,6/03/2019,Delhi,Cochin,DEL → BOM → COK,16:00,01:35 07 Mar,9h 35m,1 stop,No info,14871
Multiple carriers,6/06/2019,Delhi,Cochin,DEL → BOM → COK,10:20,19:00,8h 40m,1 stop,No info,11789
Jet Airways,1/05/2019,Kolkata,Banglore,CCU → BOM → BLR,21:10,09:20 02 May,12h 10m,1 stop,In-flight meal not included,10844
IndiGo,18/05/2019,Mumbai,Hyderabad,BOM → HYD,19:05,20:35,1h 30m,non-stop,No info,2754
IndiGo,1/06/2019,Delhi,Cochin,DEL → BOM → COK,09:15,01:30 02 Jun,16h 15m,1 stop,No info,7048
Air Asia,6/03/2019,Delhi,Cochin,DEL → BLR → COK,20:10,07:10 07 Mar,11h,1 stop,No info,8627
IndiGo,12/06/2019,Delhi,Cochin,DEL → BOM → COK,11:25,01:30 13 Jun,14h 5m,1 stop,No info,5883
Jet Airways,18/05/2019,Delhi,Cochin,DEL → COK,11:00,14:15,3h 15m,non-stop,No info,9564
Air India,21/03/2019,Delhi,Cochin,DEL → BLR → COK,20:30,23:00 22 Mar,26h 30m,1 stop,No info,5704
Jet Airways,27/06/2019,Banglore,Delhi,BLR → DEL,11:10,14:05,2h 55m,non-stop,In-flight meal not included,5769
Air Asia,1/04/2019,Kolkata,Banglore,CCU → BBI → BLR,06:50,10:30,3h 40m,1 stop,No info,5162
IndiGo,24/06/2019,Delhi,Cochin,DEL → HYD → COK,05:05,12:10,7h 5m,1 stop,No info,6442
Jet Airways,12/06/2019,Delhi,Cochin,DEL → JAI → BOM → COK,19:30,04:25 13 Jun,8h 55m,2 stops,In-flight meal not included,10368
Jet Airways,24/05/2019,Kolkata,Banglore,CCU → BOM → BLR,08:25,18:15,9h 50m,1 stop,No info,14571
IndiGo,18/05/2019,Delhi,Cochin,DEL → BOM → COK,18:35,01:30 19 May,6h 55m,1 stop,No info,7503
Jet Airways,12/06/2019,Delhi,Cochin,DEL → BOM → COK,07:05,19:00,11h 55m,1 stop,In-flight meal not included,15190
Air India,9/05/2019,Kolkata,Banglore,CCU → DEL → BLR,07:00,20:25,13h 25m,1 stop,No info,10203
Jet Airways,21/03/2019,Delhi,Cochin,DEL → BOM → COK,07:05,18:50,11h 45m,1 stop,No info,12767
Jet Airways,18/03/2019,Banglore,New Delhi,BLR → BOM → DEL,05:45,15:15,9h 30m,1 stop,No info,12284
Jet Airways,18/04/2019,Banglore,Delhi,BLR → DEL,08:20,11:20,3h,non-stop,No info,7229
Multiple carriers,9/06/2019,Delhi,Cochin,DEL → BOM → COK,12:50,21:00,8h 10m,1 stop,No info,7005
Jet Airways,27/03/2019,Mumbai,Hyderabad,BOM → HYD,19:35,21:05,1h 30m,non-stop,No info,5678
Jet Airways,24/05/2019,Kolkata,Banglore,CCU → BOM → BLR,18:55,10:05 25 May,15h 10m,1 stop,In-flight meal not included,8586
IndiGo,12/05/2019,Delhi,Cochin,DEL → COK,05:35,08:50,3h 15m,non-stop,No info,6015
Vistara,12/05/2019,Banglore,Delhi,BLR → DEL,11:30,14:20,2h 50m,non-stop,No info,4668
Jet Airways,21/03/2019,Banglore,New Delhi,BLR → BOM → DEL,20:35,07:40 19 Mar,11h 5m,1 stop,In-flight meal not included,7832
IndiGo,1/06/2019,Delhi,Cochin,DEL → MAA → COK,07:15,12:30,5h 15m,1 stop,No info,6582
Jet Airways,15/05/2019,Kolkata,Banglore,CCU → BOM → BLR,14:05,16:20 16 May,26h 15m,1 stop,In-flight meal not included,10844
Jet Airways,3/06/2019,Delhi,Cochin,DEL → BOM → COK,09:00,12:35 04 Jun,27h 35m,1 stop,In-flight meal not included,10262
Jet Airways,6/03/2019,Delhi,Cochin,DEL → AMD → BOM → COK,19:10,19:45 07 Mar,24h 35m,2 stops,No info,19329
Jet Airways,9/06/2019,Kolkata,Banglore,CCU → BOM → BLR,18:55,20:45 10 Jun,25h 50m,1 stop,In-flight meal not included,10844
Jet Airways,12/05/2019,Kolkata,Banglore,CCU → DEL → BLR,09:35,18:00,8h 25m,1 stop,No info,14151
Jet Airways,1/04/2019,Kolkata,Banglore,CCU → BOM → BLR,16:30,23:35,7h 5m,1 stop,In-flight meal not included,7064
GoAir,24/04/2019,Delhi,Cochin,DEL → BOM → COK,07:00,12:55,5h 55m,1 stop,No info,6195
Air India,01/03/2019,Banglore,New Delhi,BLR → CCU → DEL,05:50,09:15 02 Mar,27h 25m,1 stop,No info,13439
Jet Airways,21/03/2019,Banglore,New Delhi,BLR → BOM → DEL,08:55,21:20,12h 25m,1 stop,In-flight meal not included,7832
Air India,27/06/2019,Delhi,Cochin,DEL → JAI → BOM → COK,12:00,19:15,7h 15m,2 stops,No info,8603
Jet Airways,15/03/2019,Banglore,New Delhi,BLR → BOM → DEL,05:45,11:25,5h 40m,1 stop,In-flight meal not included,9134
Jet Airways,6/05/2019,Kolkata,Banglore,CCU → DEL → BLR,17:00,15:05 07 May,22h 5m,1 stop,No info,13067
Jet Airways,21/05/2019,Kolkata,Banglore,CCU → DEL → BLR,17:00,23:35,6h 35m,1 stop,No info,14151
Jet Airways,9/06/2019,Delhi,Cochin,DEL → IDR → BOM → COK,05:30,04:25 10 Jun,22h 55m,2 stops,No info,13292
IndiGo,9/04/2019,Kolkata,Banglore,CCU → BLR,15:15,17:45,2h 30m,non-stop,No info,4174
Air India,24/04/2019,Kolkata,Banglore,CCU → BLR,20:45,23:20,2h 35m,non-stop,No info,4145
IndiGo,18/05/2019,Delhi,Cochin,DEL → BOM → COK,09:15,01:30 19 May,16h 15m,1 stop,No info,7503
IndiGo,21/05/2019,Delhi,Cochin,DEL → BOM → COK,08:30,21:00,12h 30m,1 stop,No info,7318
Air Asia,15/03/2019,Kolkata,Banglore,CCU → BLR,22:50,01:20 16 Mar,2h 30m,non-stop,No info,3782
IndiGo,9/03/2019,Kolkata,Banglore,CCU → BLR,10:10,12:55,2h 45m,non-stop,No info,4462
IndiGo,12/04/2019,Kolkata,Banglore,CCU → BLR,09:35,12:20,2h 45m,non-stop,No info,4174
Jet Airways,21/05/2019,Kolkata,Banglore,CCU → DEL → BLR,17:00,10:55 22 May,17h 55m,1 stop,No info,14151
Multiple carriers,24/06/2019,Delhi,Cochin,DEL → HYD → COK,07:05,16:10,9h 5m,1 stop,No info,9856
IndiGo,3/06/2019,Banglore,Delhi,BLR → DEL,22:10,01:00 04 Jun,2h 50m,non-stop,No info,3359
Air India,24/03/2019,Mumbai,Hyderabad,BOM → HYD,15:00,16:25,1h 25m,non-stop,No info,2050
Jet Airways,9/06/2019,Delhi,Cochin,DEL → BOM → COK,02:15,04:25 10 Jun,26h 10m,1 stop,In-flight meal not included,10262
Multiple carriers,6/03/2019,Delhi,Cochin,DEL → BOM → COK,04:00,18:50,14h 50m,1 stop,No info,13399
IndiGo,3/03/2019,Delhi,Cochin,DEL → BOM → COK,18:35,01:35 04 Mar,7h,1 stop,No info,14871
IndiGo,9/03/2019,Delhi,Cochin,DEL → BLR → COK,02:00,07:45,5h 45m,1 stop,No info,7060
Multiple carriers,21/05/2019,Delhi,Cochin,DEL → BOM → COK,10:20,01:30 22 May,15h 10m,1 stop,No info,7485
SpiceJet,24/04/2019,Banglore,Delhi,BLR → DEL,09:30,12:20,2h 50m,non-stop,No check-in baggage included,3919
IndiGo,6/04/2019,Kolkata,Banglore,CCU → HYD → BLR,19:20,23:45,4h 25m,1 stop,No info,3480
Air India,21/03/2019,Banglore,New Delhi,BLR → COK → DEL,06:55,23:20,16h 25m,1 stop,No info,6987
Jet Airways,3/03/2019,Delhi,Cochin,DEL → BOM → COK,16:00,18:50 04 Mar,26h 50m,1 stop,No info,17234
Jet Airways,9/06/2019,Delhi,Cochin,DEL → BOM → COK,21:50,12:35 10 Jun,14h 45m,1 stop,In-flight meal not included,10262
Jet Airways,15/05/2019,Kolkata,Banglore,CCU → BOM → BLR,16:30,22:35,6h 5m,1 stop,No info,14781
SpiceJet,18/06/2019,Mumbai,Hyderabad,BOM → HYD,13:15,14:45,1h 30m,non-stop,No info,2017
Jet Airways,01/03/2019,Banglore,New Delhi,BLR → BOM → DEL,18:40,00:45 02 Mar,6h 5m,1 stop,No info,35185
GoAir,3/06/2019,Banglore,Delhi,BLR → DEL,11:40,14:30,2h 50m,non-stop,No info,3898
Multiple carriers,3/03/2019,Delhi,Cochin,DEL → IXU → BOM → COK,17:50,01:35 04 Mar,7h 45m,2 stops,No info,24528
Jet Airways,18/03/2019,Banglore,New Delhi,BLR → BOM → DEL,05:45,18:25,12h 40m,1 stop,No info,12284
Air Asia,12/04/2019,Kolkata,Banglore,CCU → BLR,22:50,01:20 13 Apr,2h 30m,non-stop,No info,4409
Air India,27/05/2019,Mumbai,Hyderabad,BOM → HYD,21:05,22:25,1h 20m,non-stop,No info,3100
Air India,21/05/2019,Kolkata,Banglore,CCU → BBI → BOM → BLR,12:00,18:30 22 May,30h 30m,2 stops,No info,10151
Air India,27/06/2019,Delhi,Cochin,DEL → BOM → COK,08:00,19:15,11h 15m,1 stop,No info,8372
SpiceJet,3/05/2019,Mumbai,Hyderabad,BOM → HYD,22:45,00:15 04 May,1h 30m,non-stop,No info,2227
SpiceJet,18/03/2019,Chennai,Kolkata,MAA → CCU,08:20,10:35,2h 15m,non-stop,No info,3859
SpiceJet,21/03/2019,Delhi,Cochin,DEL → PNQ → COK,08:45,13:15,4h 30m,1 stop,No info,6460
Jet Airways,18/05/2019,Kolkata,Banglore,CCU → BOM → BLR,08:25,22:35,14h 10m,1 stop,No info,14781
Jet Airways,6/06/2019,Delhi,Cochin,DEL → COK,11:00,14:15,3h 15m,non-stop,In-flight meal not included,7202
Jet Airways,24/03/2019,Kolkata,Banglore,CCU → BOM → BLR,19:45,23:25 25 Mar,27h 40m,1 stop,No info,13759
Multiple carriers,15/05/2019,Delhi,Cochin,DEL → BOM → COK,11:30,21:00,9h 30m,1 stop,No info,13727
Jet Airways,1/06/2019,Delhi,Cochin,DEL → BOM → COK,22:50,12:35 02 Jun,13h 45m,1 stop,In-flight meal not included,10262
Multiple carriers,1/06/2019,Delhi,Cochin,DEL → BOM → COK,18:15,01:30 02 Jun,7h 15m,1 stop,No info,13377
IndiGo,1/05/2019,Kolkata,Banglore,CCU → HYD → BLR,15:15,20:05,4h 50m,1 stop,No info,4775
Air India,9/05/2019,Delhi,Cochin,DEL → BOM → COK,10:00,19:15,9h 15m,1 stop,No info,8372
Jet Airways,15/06/2019,Delhi,Cochin,DEL → BOM → COK,07:05,12:35,5h 30m,1 stop,In-flight meal not included,10262
SpiceJet,12/04/2019,Kolkata,Banglore,CCU → BLR,06:55,09:30,2h 35m,non-stop,No info,3873
Vistara,18/06/2019,Delhi,Cochin,DEL → COK,06:00,09:10,3h 10m,non-stop,No info,6216
IndiGo,27/05/2019,Delhi,Cochin,DEL → BOM → COK,07:30,21:00,13h 30m,1 stop,No info,6526
Air India,24/05/2019,Kolkata,Banglore,CCU → DEL → COK → TRV → BLR,10:00,10:30 25 May,24h 30m,3 stops,No info,13007
Jet Airways,24/06/2019,Delhi,Cochin,DEL → BOM → COK,13:00,12:35 25 Jun,23h 35m,1 stop,In-flight meal not included,10262
Multiple carriers,6/06/2019,Delhi,Cochin,DEL → BOM → COK,07:05,21:00,13h 55m,1 stop,No info,13587
Air India,1/05/2019,Kolkata,Banglore,CCU → BOM → AMD → BLR,09:25,05:25 02 May,20h,2 stops,No info,14687
Jet Airways,9/06/2019,Banglore,Delhi,BLR → DEL,11:10,14:05,2h 55m,non-stop,No info,8016
Multiple carriers,12/06/2019,Delhi,Cochin,DEL → BOM → COK,08:45,19:15,10h 30m,1 stop,No info,8266
Jet Airways,18/05/2019,Kolkata,Banglore,CCU → GAU → BLR,11:50,17:35,5h 45m,1 stop,No info,8781
Air India,21/06/2019,Banglore,Delhi,BLR → DEL,06:10,08:55,2h 45m,non-stop,No info,6961
GoAir,6/06/2019,Kolkata,Banglore,CCU → BOM → BLR,23:30,07:45 07 Jun,8h 15m,1 stop,No info,6686
Jet Airways,6/04/2019,Delhi,Cochin,DEL → BOM → COK,07:05,12:35,5h 30m,1 stop,In-flight meal not included,5406
Jet Airways,3/06/2019,Delhi,Cochin,DEL → BOM → COK,14:00,04:25 04 Jun,14h 25m,1 stop,In-flight meal not included,10262
IndiGo,21/06/2019,Kolkata,Banglore,CCU → BLR,15:15,17:45,2h 30m,non-stop,No info,4804
IndiGo,6/03/2019,Delhi,Cochin,DEL → BOM → COK,16:00,21:00,5h,1 stop,No info,7725
Jet Airways,6/03/2019,Delhi,Cochin,DEL → BOM → COK,21:50,04:25 07 Mar,6h 35m,1 stop,In-flight meal not included,13843
IndiGo,27/05/2019,Mumbai,Hyderabad,BOM → HYD,20:05,21:40,1h 35m,non-stop,No info,2227
Air India,6/03/2019,Kolkata,Banglore,CCU → BLR,20:45,23:20,2h 35m,non-stop,No info,4435
IndiGo,27/05/2019,Delhi,Cochin,DEL → PNQ → COK,23:30,04:35 28 May,5h 5m,1 stop,No info,9476
Jet Airways,27/03/2019,Delhi,Cochin,DEL → BOM → COK,11:30,18:50,7h 20m,1 stop,No info,12242
Air India,9/03/2019,Delhi,Cochin,DEL → GOI → BOM → COK,10:55,19:15 10 Mar,32h 20m,2 stops,No info,17476
Multiple carriers,27/06/2019,Delhi,Cochin,DEL → BOM → COK,04:55,19:00,14h 5m,1 stop,No info,10678
IndiGo,15/03/2019,Chennai,Kolkata,MAA → CCU,14:40,17:05,2h 25m,non-stop,No info,6297
Multiple carriers,15/05/2019,Delhi,Cochin,DEL → BOM → COK,09:00,21:00,12h,1 stop,No info,13727
Jet Airways,1/05/2019,Kolkata,Banglore,CCU → BOM → BLR,06:30,19:50,13h 20m,1 stop,No info,14781
Jet Airways,9/06/2019,Kolkata,Banglore,CCU → BOM → BLR,06:30,04:40 10 Jun,22h 10m,1 stop,In-flight meal not included,9663
Jet Airways,6/03/2019,Delhi,Cochin,DEL → BOM → COK,11:30,18:50,7h 20m,1 stop,In-flight meal not included,15400
Air India,1/04/2019,Kolkata,Banglore,CCU → DEL → BLR,20:30,12:00 02 Apr,15h 30m,1 stop,No info,7893
IndiGo,6/05/2019,Banglore,Delhi,BLR → DEL,18:55,21:50,2h 55m,non-stop,No info,4823
SpiceJet,1/04/2019,Delhi,Cochin,DEL → PNQ → COK,08:45,13:15,4h 30m,1 stop,No info,4812
Jet Airways,27/05/2019,Delhi,Cochin,DEL → BOM → COK,20:55,04:25 28 May,7h 30m,1 stop,In-flight meal not included,12898
Jet Airways,27/06/2019,Delhi,Cochin,DEL → BOM → COK,14:00,19:00,5h,1 stop,No info,14714
Air India,21/05/2019,Delhi,Cochin,DEL → AMD → BOM → COK,19:45,19:15 22 May,23h 30m,2 stops,No info,9443
Jet Airways,18/05/2019,Kolkata,Banglore,CCU → BOM → BLR,20:00,19:50 19 May,23h 50m,1 stop,In-flight meal not included,10844
IndiGo,9/06/2019,Delhi,Cochin,DEL → BOM → COK,16:00,21:00,5h,1 stop,No info,6069
Jet Airways,3/06/2019,Delhi,Cochin,DEL → IDR → BOM → COK,09:35,12:35 04 Jun,27h,2 stops,In-flight meal not included,11507
Air India,27/05/2019,Delhi,Cochin,DEL → LKO → BOM → COK,18:30,19:15 28 May,24h 45m,2 stops,No info,12488
Jet Airways,6/03/2019,Delhi,Cochin,DEL → BOM → COK,22:20,19:45 07 Mar,21h 25m,1 stop,No info,17024
Jet Airways,9/04/2019,Delhi,Cochin,DEL → JAI → BOM → COK,05:30,04:25 10 Apr,22h 55m,2 stops,No info,10909
Vistara,18/05/2019,Kolkata,Banglore,CCU → DEL → BLR,07:10,18:50,11h 40m,1 stop,No info,9345
IndiGo,12/06/2019,Delhi,Cochin,DEL → COK,21:05,00:20 13 Jun,3h 15m,non-stop,No info,6015
Multiple carriers,3/06/2019,Delhi,Cochin,DEL → BOM → COK,07:30,19:15,11h 45m,1 stop,No info,7354
Jet Airways,18/05/2019,Delhi,Cochin,DEL → JAI → BOM → COK,09:40,04:25 19 May,18h 45m,2 stops,No info,15129
SpiceJet,24/06/2019,Kolkata,Banglore,CCU → BLR,09:00,11:25,2h 25m,non-stop,No info,3873
Jet Airways,21/03/2019,Delhi,Cochin,DEL → UDR → BOM → COK,18:20,18:50 22 Mar,24h 30m,2 stops,No info,12604
Air India,18/05/2019,Kolkata,Banglore,CCU → HYD → BLR,19:00,11:05 19 May,16h 5m,1 stop,No info,6327
Vistara,24/05/2019,Kolkata,Banglore,CCU → DEL → BLR,17:00,23:25,6h 25m,1 stop,No info,9870
IndiGo,24/06/2019,Delhi,Cochin,DEL → BOM → COK,06:40,21:00,14h 20m,1 stop,No info,6093
Jet Airways,24/03/2019,Kolkata,Banglore,CCU → BOM → BLR,18:55,08:10 25 Mar,13h 15m,1 stop,In-flight meal not included,11134
Jet Airways,9/06/2019,Delhi,Cochin,DEL → BOM → COK,08:00,19:00,11h,1 stop,In-flight meal not included,10262
Jet Airways,06/03/2019,Banglore,New Delhi,BLR → BOM → DEL,14:05,00:45 07 Mar,10h 40m,1 stop,In-flight meal not included,13502
Air India,21/05/2019,Delhi,Cochin,DEL → NAG → BOM → COK,05:55,07:40 22 May,25h 45m,2 stops,No info,11543
Jet Airways,18/05/2019,Kolkata,Banglore,CCU → BOM → BLR,08:25,08:15 19 May,23h 50m,1 stop,In-flight meal not included,9663
Jet Airways,24/05/2019,Banglore,Delhi,BLR → DEL,08:20,11:20,3h,non-stop,In-flight meal not included,4030
Jet Airways,9/05/2019,Kolkata,Banglore,CCU → BOM → BLR,21:10,08:15 10 May,11h 5m,1 stop,In-flight meal not included,9663
IndiGo,1/06/2019,Chennai,Kolkata,MAA → CCU,07:55,10:15,2h 20m,non-stop,No info,3850
Jet Airways,9/05/2019,Mumbai,Hyderabad,BOM → HYD,07:05,08:30,1h 25m,non-stop,In-flight meal not included,4995
Multiple carriers,24/06/2019,Delhi,Cochin,DEL → BOM → COK,09:15,19:15,10h,1 stop,No info,8099
Jet Airways,12/05/2019,Kolkata,Banglore,CCU → BOM → BLR,06:30,12:00,5h 30m,1 stop,No info,13941
SpiceJet,1/06/2019,Banglore,Delhi,BLR → DEL,09:30,12:20,2h 50m,non-stop,No check-in baggage included,3919
IndiGo,21/06/2019,Banglore,Delhi,BLR → DEL,07:10,10:05,2h 55m,non-stop,No info,4823
Air India,1/04/2019,Banglore,Delhi,BLR → DEL,21:05,23:55,2h 50m,non-stop,No info,4441
Jet Airways,9/06/2019,Delhi,Cochin,DEL → BOM → COK,11:30,19:00,7h 30m,1 stop,In-flight meal not included,10262
Jet Airways,3/03/2019,Delhi,Cochin,DEL → BOM → COK,09:00,18:50,9h 50m,1 stop,No info,17024
IndiGo,27/06/2019,Delhi,Cochin,DEL → BLR → COK,05:10,10:05,4h 55m,1 stop,No info,6496
GoAir,24/05/2019,Banglore,Delhi,BLR → DEL,07:45,10:40,2h 55m,non-stop,No info,3419
SpiceJet,21/04/2019,Kolkata,Banglore,CCU → BLR,06:55,09:30,2h 35m,non-stop,No info,4174
IndiGo,6/03/2019,Delhi,Cochin,DEL → BOM → COK,04:45,15:30,10h 45m,1 stop,No info,13611
GoAir,1/06/2019,Banglore,Delhi,BLR → DEL,11:40,14:30,2h 50m,non-stop,No info,3898
Vistara,12/06/2019,Kolkata,Banglore,CCU → DEL → BLR,20:20,10:45 13 Jun,14h 25m,1 stop,No info,8452
IndiGo,15/03/2019,Mumbai,Hyderabad,BOM → HYD,20:05,21:35,1h 30m,non-stop,No info,2754
Air India,6/04/2019,Delhi,Cochin,DEL → MAA → COK,06:05,09:25 07 Apr,27h 20m,1 stop,No info,4487
SpiceJet,1/04/2019,Mumbai,Hyderabad,BOM → HYD,13:15,14:45,1h 30m,non-stop,No check-in baggage included,1965
IndiGo,12/06/2019,Delhi,Cochin,DEL → HYD → COK,07:35,22:30,14h 55m,1 stop,No info,6442
Jet Airways,24/05/2019,Kolkata,Banglore,CCU → BOM → BLR,18:55,12:00 25 May,17h 5m,1 stop,In-flight meal not included,10844
Jet Airways,18/03/2019,Banglore,New Delhi,BLR → BOM → DEL,11:40,20:20,8h 40m,1 stop,In-flight meal not included,11087
IndiGo,18/04/2019,Banglore,Delhi,BLR → DEL,10:10,13:00,2h 50m,non-stop,No info,4591
Air India,6/03/2019,Delhi,Cochin,DEL → AMD → BOM → COK,05:00,19:15 07 Mar,38h 15m,2 stops,No info,10283
Jet Airways,21/05/2019,Kolkata,Banglore,CCU → BOM → BLR,21:10,18:15 22 May,21h 5m,1 stop,In-flight meal not included,10844
Jet Airways,1/06/2019,Delhi,Cochin,DEL → NAG → BOM → COK,14:35,04:25 02 Jun,13h 50m,2 stops,No info,13376
Air India,6/06/2019,Delhi,Cochin,DEL → MAA → COK,20:40,09:25 07 Jun,12h 45m,1 stop,No info,7952
Multiple carriers,18/05/2019,Delhi,Cochin,DEL → IXU → BOM → COK,17:50,01:30 19 May,7h 40m,2 stops,No info,19360
SpiceJet,09/03/2019,Banglore,New Delhi,BLR → DEL,05:45,08:35,2h 50m,non-stop,No info,5126
IndiGo,3/05/2019,Kolkata,Banglore,CCU → BLR,22:15,00:50 04 May,2h 35m,non-stop,No info,4804
IndiGo,12/06/2019,Delhi,Cochin,DEL → BOM → COK,16:00,21:00,5h,1 stop,No info,6069
Air India,9/04/2019,Kolkata,Banglore,CCU → HYD → BLR,19:00,11:05 10 Apr,16h 5m,1 stop,No info,4647
SpiceJet,21/04/2019,Banglore,Delhi,BLR → DEL,05:55,08:35,2h 40m,non-stop,No check-in baggage included,4319
IndiGo,27/04/2019,Delhi,Cochin,DEL → COK,14:20,17:35,3h 15m,non-stop,No info,5021
Jet Airways,3/03/2019,Delhi,Cochin,DEL → BOM → COK,20:50,04:25 04 Mar,7h 35m,1 stop,No info,17234
Jet Airways,6/06/2019,Delhi,Cochin,DEL → LKO → BOM → COK,09:25,04:25 07 Jun,19h,2 stops,In-flight meal not included,11992
IndiGo,3/05/2019,Kolkata,Banglore,CCU → BLR,15:30,18:05,2h 35m,non-stop,No info,4804
Vistara,12/03/2019,Mumbai,Hyderabad,BOM → DEL → HYD,19:45,19:55 13 Mar,24h 10m,1 stop,No info,12080
IndiGo,1/04/2019,Banglore,Delhi,BLR → DEL,00:30,03:25,2h 55m,non-stop,No info,4423
Vistara,6/03/2019,Mumbai,Hyderabad,BOM → DEL → HYD,08:45,16:45,8h,1 stop,No info,12395
IndiGo,12/05/2019,Banglore,Delhi,BLR → DEL,06:05,08:50,2h 45m,non-stop,No info,4423
Jet Airways,18/03/2019,Banglore,New Delhi,BLR → BOM → DEL,22:50,09:00 16 Mar,10h 10m,1 stop,In-flight meal not included,11087
SpiceJet,21/05/2019,Delhi,Cochin,DEL → MAA → COK,06:05,11:20,5h 15m,1 stop,No info,6297
Jet Airways,21/06/2019,Mumbai,Hyderabad,BOM → HYD,07:05,08:30,1h 25m,non-stop,In-flight meal not included,4995
Jet Airways,18/05/2019,Kolkata,Banglore,CCU → DEL → BLR,20:25,09:45 19 May,13h 20m,1 stop,No info,14151
Jet Airways,12/05/2019,Kolkata,Banglore,CCU → GAU → BLR,10:20,17:35,7h 15m,1 stop,In-flight meal not included,7064
IndiGo,6/03/2019,Delhi,Cochin,DEL → HYD → COK,06:40,22:20,15h 40m,1 stop,No info,6442
IndiGo,24/05/2019,Kolkata,Banglore,CCU → MAA → BLR,06:20,10:20,4h,1 stop,No info,4226
Jet Airways,15/06/2019,Delhi,Cochin,DEL → BOM → COK,18:15,04:25 16 Jun,10h 10m,1 stop,In-flight meal not included,10262
SpiceJet,12/06/2019,Delhi,Cochin,DEL → PNQ → COK,08:45,13:15,4h 30m,1 stop,No check-in baggage included,5158
Jet Airways,12/05/2019,Kolkata,Banglore,CCU → BOM → BLR,06:30,19:50,13h 20m,1 stop,No info,13941
Vistara,24/05/2019,Chennai,Kolkata,MAA → CCU,17:45,20:05,2h 20m,non-stop,No info,11982
Jet Airways,21/05/2019,Kolkata,Banglore,CCU → BOM → BLR,14:05,22:35,8h 30m,1 stop,No info,14781
Jet Airways,21/05/2019,Delhi,Cochin,DEL → BOM → COK,08:00,19:00,11h,1 stop,In-flight meal not included,12898
Air India,18/05/2019,Mumbai,Hyderabad,BOM → HYD,06:20,07:40,1h 20m,non-stop,No info,3100
IndiGo,24/03/2019,Banglore,New Delhi,BLR → DEL,07:10,10:05,2h 55m,non-stop,No info,6144
Air India,6/05/2019,Kolkata,Banglore,CCU → HYD → BLR,19:00,09:50 07 May,14h 50m,1 stop,No info,6117
Jet Airways,9/05/2019,Delhi,Cochin,DEL → BOM → COK,07:05,19:00,11h 55m,1 stop,In-flight meal not included,12373
Jet Airways,12/05/2019,Kolkata,Banglore,CCU → BOM → BLR,20:00,08:15 13 May,12h 15m,1 stop,No info,13941
Multiple carriers,1/06/2019,Delhi,Cochin,DEL → HYD → COK,07:10,16:10,9h,1 stop,No info,7038
Air India,15/03/2019,Banglore,New Delhi,BLR → HYD → DEL,08:15,08:50 16 Mar,24h 35m,1 stop,No info,5521
SpiceJet,24/03/2019,Banglore,New Delhi,BLR → DEL,20:30,23:20,2h 50m,non-stop,No check-in baggage included,5469
Jet Airways,15/06/2019,Delhi,Cochin,DEL → JDH → BOM → COK,11:40,19:00,7h 20m,2 stops,No info,18804
Air India,9/05/2019,Delhi,Cochin,DEL → MAA → COK,12:30,09:25 10 May,20h 55m,1 stop,No info,7480
Air India,18/05/2019,Delhi,Cochin,DEL → BOM → COK,10:00,07:40 19 May,21h 40m,1 stop,No info,8372
Multiple carriers,6/03/2019,Delhi,Cochin,DEL → BOM → COK,08:55,21:00,12h 5m,1 stop,No info,15147
IndiGo,3/05/2019,Kolkata,Banglore,CCU → BLR,20:20,22:55,2h 35m,non-stop,No info,4804
Air India,18/05/2019,Delhi,Cochin,DEL → GOI → BOM → COK,10:55,07:40 19 May,20h 45m,2 stops,No info,13486
IndiGo,12/06/2019,Delhi,Cochin,DEL → HYD → COK,14:20,22:30,8h 10m,1 stop,No info,6938
Jet Airways,27/06/2019,Delhi,Cochin,DEL → IDR → BOM → COK,05:30,19:00,13h 30m,2 stops,In-flight meal not included,11507
IndiGo,3/04/2019,Banglore,Delhi,BLR → DEL,18:25,21:20,2h 55m,non-stop,No info,4823
Air India,24/03/2019,Banglore,New Delhi,BLR → DEL,21:05,23:55,2h 50m,non-stop,No info,4441
Air India,6/05/2019,Kolkata,Banglore,CCU → DEL → VGA → BLR,10:00,10:00 07 May,24h,2 stops,No info,14298
Jet Airways,12/03/2019,Mumbai,Hyderabad,BOM → JDH → DEL → HYD,08:15,16:35,8h 20m,2 stops,No info,23843
Jet Airways,15/06/2019,Delhi,Cochin,DEL → NAG → BOM → COK,14:35,12:35 16 Jun,22h,2 stops,No info,13376
Air India,1/05/2019,Kolkata,Banglore,CCU → IXR → DEL → BLR,05:50,12:30 02 May,30h 40m,2 stops,No info,12723
SpiceJet,9/03/2019,Kolkata,Banglore,CCU → BLR,17:15,19:45,2h 30m,non-stop,No info,4622
SpiceJet,21/04/2019,Kolkata,Banglore,CCU → BLR,17:10,19:40,2h 30m,non-stop,No check-in baggage included,4807
Air India,6/06/2019,Delhi,Cochin,DEL → MAA → COK,06:05,09:25 07 Jun,27h 20m,1 stop,No info,7952
Jet Airways,6/06/2019,Delhi,Cochin,DEL → BOM → COK,11:30,04:25 07 Jun,16h 55m,1 stop,No info,14714
GoAir,9/05/2019,Kolkata,Banglore,CCU → BOM → BLR,23:30,07:45 10 May,8h 15m,1 stop,No info,6095
Vistara,6/03/2019,Mumbai,Hyderabad,BOM → DEL → HYD,20:55,22:55 07 Mar,26h,1 stop,No info,12395
Jet Airways,1/04/2019,Kolkata,Banglore,CCU → BOM → BLR,20:00,22:35 02 Apr,26h 35m,1 stop,In-flight meal not included,7064
IndiGo,12/05/2019,Banglore,Delhi,BLR → DEL,21:15,00:15 13 May,3h,non-stop,No info,3943
Jet Airways,24/05/2019,Kolkata,Banglore,CCU → BOM → BLR,20:00,08:15 25 May,12h 15m,1 stop,In-flight meal not included,8586
SpiceJet,18/06/2019,Kolkata,Banglore,CCU → BLR,17:10,19:40,2h 30m,non-stop,No check-in baggage included,3841
Jet Airways,1/05/2019,Banglore,Delhi,BLR → DEL,11:10,14:05,2h 55m,non-stop,No info,7229
Multiple carriers,21/05/2019,Delhi,Cochin,DEL → BOM → COK,17:30,01:30 22 May,8h,1 stop,No info,14067
IndiGo,3/03/2019,Delhi,Cochin,DEL → LKO → COK,05:35,10:10,4h 35m,1 stop,No info,13753
Multiple carriers,24/06/2019,Delhi,Cochin,DEL → BOM → COK,14:00,01:30 25 Jun,11h 30m,1 stop,No info,13377
Jet Airways,6/04/2019,Banglore,Delhi,BLR → DEL,06:00,08:45,2h 45m,non-stop,In-flight meal not included,4544
Jet Airways,18/05/2019,Kolkata,Banglore,CCU → BOM → BLR,14:05,22:35,8h 30m,1 stop,No info,14781
Air India,6/06/2019,Delhi,Cochin,DEL → HYD → MAA → COK,13:15,09:25 07 Jun,20h 10m,2 stops,No info,10939
IndiGo,27/05/2019,Delhi,Cochin,DEL → HYD → COK,08:35,16:10,7h 35m,1 stop,No info,6442
Air India,24/05/2019,Kolkata,Banglore,CCU → GAU → DEL → BLR,09:50,08:55 25 May,23h 5m,2 stops,No info,15170
Air India,1/06/2019,Delhi,Cochin,DEL → CCU → BOM → COK,16:55,19:15 02 Jun,26h 20m,2 stops,No info,13801
Jet Airways,15/06/2019,Delhi,Cochin,DEL → BOM → COK,14:00,04:25 16 Jun,14h 25m,1 stop,In-flight meal not included,10262
Jet Airways,12/06/2019,Delhi,Cochin,DEL → LKO → BOM → COK,09:25,12:35 13 Jun,27h 10m,2 stops,No info,13882
Multiple carriers,9/05/2019,Delhi,Cochin,DEL → BOM → COK,10:20,19:00,8h 40m,1 stop,No info,9794
Jet Airways,12/03/2019,Banglore,New Delhi,BLR → BOM → DEL,22:55,11:25 13 Mar,12h 30m,1 stop,No info,13817
Jet Airways,21/05/2019,Delhi,Cochin,DEL → IDR → BOM → COK,09:35,12:35 22 May,27h,2 stops,No info,13559
Air India,1/06/2019,Delhi,Cochin,DEL → AMD → BOM → COK,16:40,19:15 02 Jun,26h 35m,2 stops,No info,9863
SpiceJet,15/05/2019,Banglore,Delhi,BLR → DEL,09:30,12:20,2h 50m,non-stop,No info,4423
IndiGo,6/04/2019,Kolkata,Banglore,CCU → BLR,15:15,17:45,2h 30m,non-stop,No info,4174
Air Asia,21/05/2019,Kolkata,Banglore,CCU → BLR,22:50,01:20 22 May,2h 30m,non-stop,No info,4107
IndiGo,12/04/2019,Banglore,Delhi,BLR → DEL,01:30,04:15,2h 45m,non-stop,No info,4591
SpiceJet,12/06/2019,Kolkata,Banglore,CCU → BLR,22:20,00:40 13 Jun,2h 20m,non-stop,No info,3873
IndiGo,3/06/2019,Delhi,Cochin,DEL → BOM → COK,18:35,01:30 04 Jun,6h 55m,1 stop,No info,6628
Air India,12/06/2019,Kolkata,Banglore,CCU → BBI → BOM → BLR,12:00,21:50,9h 50m,2 stops,No info,9416
Jet Airways,6/04/2019,Banglore,Delhi,BLR → DEL,19:50,22:50,3h,non-stop,No info,7229
IndiGo,9/04/2019,Banglore,Delhi,BLR → DEL,04:00,06:50,2h 50m,non-stop,No info,3943
Jet Airways,15/05/2019,Kolkata,Banglore,CCU → BOM → BLR,06:30,12:00,5h 30m,1 stop,In-flight meal not included,9663
Jet Airways,18/06/2019,Mumbai,Hyderabad,BOM → HYD,02:55,04:20,1h 25m,non-stop,No info,5678
IndiGo,1/03/2019,Kolkata,Banglore,CCU → BLR,14:20,16:55,2h 35m,non-stop,No info,6565
Jet Airways,24/03/2019,Kolkata,Banglore,CCU → BOM → BLR,18:55,18:10 25 Mar,23h 15m,1 stop,In-flight meal not included,11134
Jet Airways,9/05/2019,Kolkata,Banglore,CCU → BOM → BLR,21:10,10:05 10 May,12h 55m,1 stop,No info,14388
Jet Airways,12/06/2019,Delhi,Cochin,DEL → BOM → COK,21:50,12:35 13 Jun,14h 45m,1 stop,In-flight meal not included,10262
Jet Airways,9/05/2019,Delhi,Cochin,DEL → BOM → COK,11:30,19:00,7h 30m,1 stop,No info,15554
Jet Airways,1/06/2019,Mumbai,Hyderabad,BOM → HYD,07:05,08:30,1h 25m,non-stop,In-flight meal not included,4050
Jet Airways,06/03/2019,Banglore,New Delhi,BLR → BOM → DEL,22:50,09:30 07 Mar,10h 40m,1 stop,No info,17261
Jet Airways,18/05/2019,Kolkata,Banglore,CCU → BOM → BLR,08:25,18:15,9h 50m,1 stop,In-flight meal not included,10844
GoAir,12/06/2019,Delhi,Cochin,DEL → BOM → COK,07:00,12:55,5h 55m,1 stop,No info,5281
Jet Airways,18/05/2019,Kolkata,Banglore,CCU → BOM → BLR,14:05,08:15 19 May,18h 10m,1 stop,No info,14388
Air Asia,1/03/2019,Kolkata,Banglore,CCU → BLR,19:35,22:05,2h 30m,non-stop,No info,5964
Jet Airways,06/03/2019,Banglore,New Delhi,BLR → BOM → DEL,08:55,09:30 07 Mar,24h 35m,1 stop,No info,17261
IndiGo,9/03/2019,Delhi,Cochin,DEL → BOM → COK,06:40,21:00,14h 20m,1 stop,No info,12351
Multiple carriers,15/05/2019,Delhi,Cochin,DEL → BOM → COK,08:45,21:00,12h 15m,1 stop,No info,7670
Air India,6/04/2019,Delhi,Cochin,DEL → BLR → COK,06:10,23:00,16h 50m,1 stop,No info,5022
IndiGo,27/06/2019,Delhi,Cochin,DEL → PNQ → COK,23:30,04:35 28 Jun,5h 5m,1 stop,No info,9165
Air India,9/05/2019,Kolkata,Banglore,CCU → BOM → BLR,09:25,07:55 10 May,22h 30m,1 stop,No info,8366
Jet Airways,6/05/2019,Banglore,Delhi,BLR → DEL,07:10,10:10,3h,non-stop,No info,7229
Air India,9/06/2019,Kolkata,Banglore,CCU → DEL → BLR,10:00,20:25,10h 25m,1 stop,No info,10413
GoAir,24/06/2019,Banglore,Delhi,BLR → DEL,07:45,10:40,2h 55m,non-stop,No info,3898
Jet Airways,9/05/2019,Delhi,Cochin,DEL → BOM → COK,19:45,19:00 10 May,23h 15m,1 stop,No info,15554
Jet Airways,24/03/2019,Kolkata,Banglore,CCU → BOM → BLR,08:25,04:45 25 Mar,20h 20m,1 stop,No info,13759
Air Asia,18/05/2019,Delhi,Cochin,DEL → BLR → COK,16:45,07:10 19 May,14h 25m,1 stop,No info,7353
IndiGo,21/04/2019,Banglore,Delhi,BLR → DEL,01:30,04:15,2h 45m,non-stop,No info,4591
Jet Airways,1/06/2019,Delhi,Cochin,DEL → BOM → COK,15:00,12:35 02 Jun,21h 35m,1 stop,In-flight meal not included,10262
Jet Airways,6/06/2019,Kolkata,Banglore,CCU → BOM → PNQ → BLR,06:30,07:25 07 Jun,24h 55m,2 stops,In-flight meal not included,10118
SpiceJet,3/06/2019,Mumbai,Hyderabad,BOM → HYD,22:45,00:15 04 Jun,1h 30m,non-stop,No info,2017
Multiple carriers,27/05/2019,Delhi,Cochin,DEL → BOM → COK,10:00,19:00,9h,1 stop,No info,12507
Air Asia,21/06/2019,Kolkata,Banglore,CCU → BLR,10:20,12:55,2h 35m,non-stop,No info,3807
Air India,9/04/2019,Delhi,Cochin,DEL → HYD → BOM → COK,13:05,07:40 10 Apr,18h 35m,2 stops,No info,8577
Air India,12/06/2019,Kolkata,Banglore,CCU → BBI → BOM → BLR,12:00,18:30 13 Jun,30h 30m,2 stops,No info,9416
IndiGo,21/03/2019,Delhi,Cochin,DEL → BOM → COK,11:30,01:35 22 Mar,14h 5m,1 stop,No info,7318
IndiGo,3/06/2019,Mumbai,Hyderabad,BOM → HYD,20:05,21:40,1h 35m,non-stop,No info,2227
Jet Airways,24/03/2019,Kolkata,Banglore,CCU → BOM → BLR,13:55,23:25,9h 30m,1 stop,In-flight meal not included,11134
IndiGo,24/04/2019,Kolkata,Banglore,CCU → BLR,20:20,22:55,2h 35m,non-stop,No info,4804
Multiple carriers,3/06/2019,Delhi,Cochin,DEL → BOM → COK,13:00,19:15,6h 15m,1 stop,No info,14848
Multiple carriers,27/03/2019,Delhi,Cochin,DEL → BOM → COK,07:00,13:20,6h 20m,1 stop,No info,6148
IndiGo,21/03/2019,Kolkata,Banglore,CCU → BLR,10:10,12:55,2h 45m,non-stop,No info,5198
Jet Airways,6/06/2019,Delhi,Cochin,DEL → BOM → COK,15:00,19:00 07 Jun,28h,1 stop,No info,14714
IndiGo,15/06/2019,Delhi,Cochin,DEL → HYD → COK,08:35,16:10,7h 35m,1 stop,No info,6442
Air India,9/06/2019,Kolkata,Banglore,CCU → DEL → AMD → BLR,07:00,05:25 10 Jun,22h 25m,2 stops,No info,12534
Air India,21/03/2019,Delhi,Cochin,DEL → BLR → COK,06:10,23:00,16h 50m,1 stop,No info,5704
IndiGo,01/03/2019,Banglore,New Delhi,BLR → DEL,20:00,22:55,2h 55m,non-stop,No info,14306
IndiGo,1/06/2019,Mumbai,Hyderabad,BOM → HYD,16:55,18:25,1h 30m,non-stop,No info,3175
IndiGo,3/06/2019,Delhi,Cochin,DEL → HYD → COK,14:20,22:30,8h 10m,1 stop,No info,6938
Air Asia,12/06/2019,Kolkata,Banglore,CCU → DEL → BLR,07:35,23:30,15h 55m,1 stop,No info,5192
Multiple carriers,15/05/2019,Delhi,Cochin,DEL → HYD → COK,07:10,22:30,15h 20m,1 stop,No info,6513
Air India,24/03/2019,Kolkata,Banglore,CCU → GAU → BLR,09:50,21:05,11h 15m,1 stop,No info,7795
Jet Airways,6/06/2019,Delhi,Cochin,DEL → ATQ → BOM → COK,20:00,04:25 07 Jun,8h 25m,2 stops,In-flight meal not included,15318
Multiple carriers,3/06/2019,Delhi,Cochin,DEL → BOM → COK,15:15,01:30 04 Jun,10h 15m,1 stop,No info,6795
Jet Airways,27/06/2019,Delhi,Cochin,DEL → BOM → COK,17:30,12:35 28 Jun,19h 5m,1 stop,In-flight meal not included,10262
Multiple carriers,3/03/2019,Delhi,Cochin,DEL → BOM → COK,07:00,21:00,14h,1 stop,No info,15603
IndiGo,15/06/2019,Kolkata,Banglore,CCU → BLR,14:25,16:55,2h 30m,non-stop,No info,4804
Jet Airways,12/05/2019,Kolkata,Banglore,CCU → BOM → BLR,08:25,09:20 13 May,24h 55m,1 stop,In-flight meal not included,9663
GoAir,18/05/2019,Kolkata,Banglore,CCU → BOM → BLR,23:30,07:45 19 May,8h 15m,1 stop,No info,7335
Jet Airways,15/06/2019,Delhi,Cochin,DEL → BOM → COK,17:30,12:35 16 Jun,19h 5m,1 stop,In-flight meal not included,10262
Jet Airways,9/06/2019,Kolkata,Banglore,CCU → DEL → BLR,09:35,18:00,8h 25m,1 stop,No info,14676
Multiple carriers,27/06/2019,Delhi,Cochin,DEL → BOM → COK,10:00,19:15,9h 15m,1 stop,No info,14848
Air India,27/06/2019,Delhi,Cochin,DEL → BOM → COK,09:00,19:15,10h 15m,1 stop,No info,8372
IndiGo,18/06/2019,Mumbai,Hyderabad,BOM → HYD,20:05,21:40,1h 35m,non-stop,No info,2227
IndiGo,1/06/2019,Delhi,Cochin,DEL → BOM → COK,11:25,01:30 02 Jun,14h 5m,1 stop,No info,6206
Multiple carriers,9/03/2019,Delhi,Cochin,DEL → BOM → COK,16:00,01:35 10 Mar,9h 35m,1 stop,In-flight meal not included,14086
Jet Airways,9/06/2019,Delhi,Cochin,DEL → BOM → COK,19:15,19:00 10 Jun,23h 45m,1 stop,In-flight meal not included,10577
SpiceJet,1/04/2019,Kolkata,Banglore,CCU → BLR,22:20,00:40 02 Apr,2h 20m,non-stop,No info,3873
Jet Airways,24/05/2019,Kolkata,Banglore,CCU → BOM → BLR,20:00,19:50 25 May,23h 50m,1 stop,In-flight meal not included,10844
IndiGo,27/06/2019,Chennai,Kolkata,MAA → CCU,05:15,07:40,2h 25m,non-stop,No info,3540
Multiple carriers,18/05/2019,Delhi,Cochin,DEL → BOM → COK,11:30,01:30 19 May,14h,1 stop,No info,13727
Air India,6/05/2019,Kolkata,Banglore,CCU → DEL → COK → BLR,07:00,01:20 07 May,18h 20m,2 stops,No info,14083
Air India,12/05/2019,Delhi,Cochin,DEL → COK,05:10,08:00,2h 50m,non-stop,No info,6094
Vistara,21/03/2019,Banglore,New Delhi,BLR → DEL,11:30,14:10,2h 40m,non-stop,No info,5403
Air India,12/03/2019,Banglore,New Delhi,BLR → MAA → DEL,11:50,08:55 13 Mar,21h 5m,1 stop,No info,11707
Vistara,15/05/2019,Kolkata,Banglore,CCU → DEL → BLR,20:20,18:50 16 May,22h 30m,1 stop,No info,9345
Air India,15/05/2019,Delhi,Cochin,DEL → HYD → MAA → COK,09:45,09:25 16 May,23h 40m,2 stops,No info,10975
SpiceJet,15/05/2019,Chennai,Kolkata,MAA → CCU,08:20,10:35,2h 15m,non-stop,No info,3597
SpiceJet,3/03/2019,Kolkata,Banglore,CCU → BLR,09:00,11:30,2h 30m,non-stop,No info,5515
IndiGo,12/04/2019,Banglore,Delhi,BLR → DEL,10:10,13:00,2h 50m,non-stop,No info,4591
IndiGo,12/05/2019,Mumbai,Hyderabad,BOM → HYD,09:10,10:40,1h 30m,non-stop,No info,4049
Jet Airways,15/05/2019,Kolkata,Banglore,CCU → BOM → BLR,16:30,23:35,7h 5m,1 stop,No info,13941
Multiple carriers,21/03/2019,Delhi,Cochin,DEL → BOM → COK,11:30,01:35 22 Mar,14h 5m,1 stop,No info,13542
Jet Airways,24/05/2019,Kolkata,Banglore,CCU → BOM → BLR,14:05,22:35,8h 30m,1 stop,No info,14571
Multiple carriers,9/03/2019,Delhi,Cochin,DEL → BOM → COK,06:40,19:45,13h 5m,1 stop,No info,12615
Jet Airways,24/06/2019,Delhi,Cochin,DEL → BOM → COK,10:00,12:35 25 Jun,26h 35m,1 stop,In-flight meal not included,10262
IndiGo,18/05/2019,Banglore,Delhi,BLR → DEL,16:55,19:55,3h,non-stop,No info,4823
Multiple carriers,21/03/2019,Delhi,Cochin,DEL → HYD → MAA → COK,13:15,21:20,8h 5m,2 stops,No info,6653
SpiceJet,21/06/2019,Chennai,Kolkata,MAA → CCU,08:20,10:35,2h 15m,non-stop,No info,3597
Jet Airways,9/05/2019,Kolkata,Banglore,CCU → DEL → BLR,17:00,10:55 10 May,17h 55m,1 stop,In-flight meal not included,8066
Jet Airways,15/06/2019,Mumbai,Hyderabad,BOM → HYD,02:55,04:20,1h 25m,non-stop,No info,5678
IndiGo,12/06/2019,Banglore,Delhi,BLR → DEL,10:10,13:00,2h 50m,non-stop,No info,3943
Air India,21/05/2019,Delhi,Cochin,DEL → BHO → BOM → COK,20:00,19:15 22 May,23h 15m,2 stops,No info,10861
IndiGo,15/06/2019,Delhi,Cochin,DEL → MAA → COK,07:15,12:30,5h 15m,1 stop,No info,6582
IndiGo,24/03/2019,Banglore,New Delhi,BLR → DEL,08:30,11:30,3h,non-stop,No info,7303
Jet Airways,6/06/2019,Delhi,Cochin,DEL → BOM → COK,18:15,19:00 07 Jun,24h 45m,1 stop,No info,14714
IndiGo,21/03/2019,Delhi,Cochin,DEL → BOM → COK,18:35,01:35 22 Mar,7h,1 stop,No info,9264
Air India,1/05/2019,Kolkata,Banglore,CCU → HYD → BLR,19:00,11:05 02 May,16h 5m,1 stop,No info,6117
Air India,27/06/2019,Delhi,Cochin,DEL → JAI → BOM → COK,18:45,19:15 28 Jun,24h 30m,2 stops,No info,11942
IndiGo,12/05/2019,Banglore,Delhi,BLR → DEL,07:10,10:05,2h 55m,non-stop,No info,4823
Jet Airways,01/03/2019,Banglore,New Delhi,BLR → BOM → DEL,16:55,23:00,6h 5m,1 stop,No info,54826
IndiGo,24/05/2019,Mumbai,Hyderabad,BOM → HYD,02:35,04:05,1h 30m,non-stop,No info,3342
GoAir,03/03/2019,Banglore,New Delhi,BLR → DEL,11:40,14:35,2h 55m,non-stop,No info,7646
IndiGo,09/03/2019,Banglore,New Delhi,BLR → HYD → DEL,12:05,17:05,5h,1 stop,No info,4588
Air India,12/03/2019,Mumbai,Hyderabad,BOM → BHO → DEL → HYD,06:00,11:55 13 Mar,29h 55m,2 stops,No info,12854
Multiple carriers,15/05/2019,Delhi,Cochin,DEL → BOM → COK,10:20,19:15,8h 55m,1 stop,No info,8266
Jet Airways,1/04/2019,Kolkata,Banglore,CCU → BOM → BLR,06:30,18:15,11h 45m,1 stop,No info,12681
IndiGo,3/06/2019,Banglore,Delhi,BLR → DEL,04:00,06:50,2h 50m,non-stop,No info,3943
Air India,27/04/2019,Delhi,Cochin,DEL → COK,18:05,21:10,3h 5m,non-stop,No info,5411
Jet Airways,9/06/2019,Kolkata,Banglore,CCU → BOM → BLR,08:25,19:50,11h 25m,1 stop,No info,14571
Jet Airways,24/05/2019,Kolkata,Banglore,CCU → BOM → BLR,08:25,18:15,9h 50m,1 stop,In-flight meal not included,10844
Jet Airways,27/05/2019,Delhi,Cochin,DEL → AMD → BOM → COK,13:25,04:25 28 May,15h,2 stops,No info,16704
Multiple carriers,21/05/2019,Delhi,Cochin,DEL → BOM → COK,13:00,19:15,6h 15m,1 stop,No info,14848
Jet Airways,06/03/2019,Banglore,New Delhi,BLR → MAA → DEL,09:45,14:25,4h 40m,1 stop,No info,16757
Air India,27/05/2019,Delhi,Cochin,DEL → JDH → BOM → COK,12:55,19:15 28 May,30h 20m,2 stops,No info,12436
Jet Airways,9/05/2019,Kolkata,Banglore,CCU → DEL → BLR,20:25,18:00 10 May,21h 35m,1 stop,No info,11467
Air India,1/06/2019,Delhi,Cochin,DEL → GOI → BOM → COK,10:55,19:15,8h 20m,2 stops,No info,13013
Jet Airways,12/05/2019,Kolkata,Banglore,CCU → DEL → BLR,09:35,14:25 13 May,28h 50m,1 stop,No info,13067
Jet Airways,9/05/2019,Delhi,Cochin,DEL → BOM → COK,10:00,19:00,9h,1 stop,In-flight meal not included,12373
Jet Airways,9/06/2019,Delhi,Cochin,DEL → BOM → COK,16:00,19:00 10 Jun,27h,1 stop,In-flight meal not included,10577
Jet Airways,24/05/2019,Kolkata,Banglore,CCU → DEL → BLR,09:35,23:35,14h,1 stop,No info,14151
Jet Airways,21/05/2019,Kolkata,Banglore,CCU → BOM → BLR,21:10,09:20 22 May,12h 10m,1 stop,No info,14781
GoAir,1/06/2019,Banglore,Delhi,BLR → DEL,07:45,10:40,2h 55m,non-stop,No info,5048
Jet Airways,01/03/2019,Banglore,New Delhi,BLR → BOM → DEL,05:45,19:10,13h 25m,1 stop,No info,27992
Vistara,27/06/2019,Chennai,Kolkata,MAA → CCU,17:45,20:05,2h 20m,non-stop,No info,11982
Jet Airways,9/06/2019,Kolkata,Banglore,CCU → BOM → BLR,14:05,22:35,8h 30m,1 stop,In-flight meal not included,10844
Jet Airways,15/05/2019,Kolkata,Banglore,CCU → DEL → BLR,20:25,23:35 16 May,27h 10m,1 stop,No info,14151
Jet Airways,1/05/2019,Kolkata,Banglore,CCU → DEL → BLR,20:25,23:35 02 May,27h 10m,1 stop,No info,11467
Air India,9/05/2019,Delhi,Cochin,DEL → CCU → BOM → COK,06:50,07:40 10 May,24h 50m,2 stops,No info,14431
Jet Airways,9/06/2019,Kolkata,Banglore,CCU → BOM → BLR,08:25,20:45,12h 20m,1 stop,No info,14571
GoAir,1/05/2019,Banglore,Delhi,BLR → DEL,20:55,23:40,2h 45m,non-stop,No info,3898
IndiGo,1/06/2019,Delhi,Cochin,DEL → BOM → COK,17:30,01:30 02 Jun,8h,1 stop,No info,6628
Jet Airways,1/06/2019,Banglore,Delhi,BLR → DEL,19:50,22:50,3h,non-stop,No info,8016
Jet Airways,12/05/2019,Banglore,Delhi,BLR → DEL,19:50,22:50,3h,non-stop,No info,7229
Jet Airways,15/05/2019,Kolkata,Banglore,CCU → DEL → BLR,09:35,18:00,8h 25m,1 stop,In-flight meal not included,12384
SpiceJet,18/05/2019,Chennai,Kolkata,MAA → CCU,17:45,20:05,2h 20m,non-stop,No info,3597
Air India,18/03/2019,Banglore,New Delhi,BLR → BOM → BHO → DEL,08:50,23:25 16 Mar,38h 35m,2 stops,No info,10783
Jet Airways,24/05/2019,Banglore,Delhi,BLR → DEL,17:45,20:45,3h,non-stop,In-flight meal not included,6144
Jet Airways,27/06/2019,Delhi,Cochin,DEL → NAG → BOM → COK,14:35,12:35 28 Jun,22h,2 stops,No info,13376
Vistara,12/06/2019,Banglore,Delhi,BLR → DEL,19:30,22:15,2h 45m,non-stop,No info,4878
Jet Airways,15/06/2019,Delhi,Cochin,DEL → IDR → BOM → COK,09:35,04:25 16 Jun,18h 50m,2 stops,In-flight meal not included,11507
IndiGo,21/03/2019,Delhi,Cochin,DEL → BOM → COK,08:25,21:00,12h 35m,1 stop,No info,8285
Jet Airways,27/05/2019,Delhi,Cochin,DEL → BOM → COK,08:00,19:00,11h,1 stop,No info,16289
Jet Airways,15/03/2019,Banglore,New Delhi,BLR → BOM → DEL,21:25,05:05 13 Mar,7h 40m,1 stop,No info,27210
Jet Airways,12/06/2019,Kolkata,Banglore,CCU → BOM → BLR,20:00,04:40 13 Jun,8h 40m,1 stop,In-flight meal not included,6959
Air India,24/06/2019,Delhi,Cochin,DEL → GOI → BOM → COK,10:55,19:15,8h 20m,2 stops,No info,11753
Air India,24/06/2019,Kolkata,Banglore,CCU → BLR,14:15,16:45,2h 30m,non-stop,No info,5510
Air Asia,21/06/2019,Banglore,Delhi,BLR → DEL,04:55,07:45,2h 50m,non-stop,No info,4282
Air India,1/05/2019,Kolkata,Banglore,CCU → IXR → DEL → BLR,05:50,23:15,17h 25m,2 stops,No info,10991
Jet Airways,27/04/2019,Banglore,Delhi,BLR → DEL,08:20,11:20,3h,non-stop,No info,7229
Jet Airways,18/05/2019,Kolkata,Banglore,CCU → BOM → BLR,05:45,18:15,12h 30m,1 stop,In-flight meal not included,10844
Air India,24/06/2019,Delhi,Cochin,DEL → GOI → BOM → COK,10:55,07:40 25 Jun,20h 45m,2 stops,No info,11753
Air India,3/03/2019,Delhi,Cochin,DEL → MAA → COK,06:05,09:25 04 Mar,27h 20m,1 stop,No info,14042
SpiceJet,3/06/2019,Mumbai,Hyderabad,BOM → HYD,13:15,14:45,1h 30m,non-stop,No check-in baggage included,1965
Air India,01/03/2019,Banglore,New Delhi,BLR → BOM → AMD → DEL,08:50,23:55,15h 5m,2 stops,No info,17345
Jet Airways,18/03/2019,Banglore,New Delhi,BLR → BOM → DEL,11:40,07:40 16 Mar,20h,1 stop,No info,12284
SpiceJet,24/06/2019,Chennai,Kolkata,MAA → CCU,09:45,12:00,2h 15m,non-stop,No check-in baggage included,3859
Jet Airways,15/06/2019,Delhi,Cochin,DEL → JAI → BOM → COK,09:40,19:00,9h 20m,2 stops,In-flight meal not included,10368
Jet Airways,24/03/2019,Kolkata,Banglore,CCU → BOM → BLR,13:55,22:35,8h 40m,1 stop,In-flight meal not included,11134
IndiGo,27/03/2019,Delhi,Cochin,DEL → HYD → MAA → COK,04:55,21:20,16h 25m,2 stops,No info,6223
IndiGo,12/06/2019,Delhi,Cochin,DEL → BOM → COK,09:15,21:00,11h 45m,1 stop,No info,6838
Jet Airways,6/06/2019,Kolkata,Banglore,CCU → DEL → BLR,17:00,09:45 07 Jun,16h 45m,1 stop,In-flight meal not included,10539
Jet Airways,27/05/2019,Delhi,Cochin,DEL → BOM → COK,02:15,19:00,16h 45m,1 stop,No info,16079
Multiple carriers,15/05/2019,Delhi,Cochin,DEL → BOM → COK,04:55,12:35,7h 40m,1 stop,No info,9103
Air India,15/03/2019,Mumbai,Hyderabad,BOM → HYD,15:00,16:25,1h 25m,non-stop,No info,2050
GoAir,24/03/2019,Kolkata,Banglore,CCU → AMD → BLR,16:25,00:05 25 Mar,7h 40m,1 stop,No info,10198
Multiple carriers,6/06/2019,Delhi,Cochin,DEL → BOM → COK,06:00,21:00,15h,1 stop,No info,7005
Jet Airways,12/03/2019,Banglore,New Delhi,BLR → BOM → DEL,21:25,10:25 13 Mar,13h,1 stop,No info,13817
SpiceJet,27/06/2019,Delhi,Cochin,DEL → BLR → COK,17:55,22:50,4h 55m,1 stop,No info,4957
IndiGo,15/04/2019,Banglore,Delhi,BLR → DEL,21:15,00:15 16 Apr,3h,non-stop,No info,3943
Air India,12/05/2019,Kolkata,Banglore,CCU → DEL → COK → BLR,10:00,01:20 13 May,15h 20m,2 stops,No info,12140
Air India,3/03/2019,Delhi,Cochin,DEL → BOM → COK,08:00,19:15,11h 15m,1 stop,No info,15197
Air Asia,6/05/2019,Kolkata,Banglore,CCU → DEL → BLR,07:35,23:30,15h 55m,1 stop,No info,5192
Air India,21/05/2019,Kolkata,Banglore,CCU → DEL → BLR,10:00,20:25,10h 25m,1 stop,No info,11096
Jet Airways,18/05/2019,Delhi,Cochin,DEL → JDH → BOM → COK,11:40,19:00,7h 20m,2 stops,In-flight meal not included,19644
Jet Airways,24/03/2019,Kolkata,Banglore,CCU → BOM → BLR,21:10,08:10 25 Mar,11h,1 stop,No info,14231
Vistara,24/05/2019,Kolkata,Banglore,CCU → DEL → BLR,17:00,18:50 25 May,25h 50m,1 stop,No info,9870
Vistara,24/03/2019,Kolkata,Banglore,CCU → DEL → BLR,17:00,10:50 25 Mar,17h 50m,1 stop,No info,12890
Multiple carriers,9/05/2019,Delhi,Cochin,DEL → BOM → COK,08:30,19:15,10h 45m,1 stop,No info,8099
Air India,1/04/2019,Kolkata,Banglore,CCU → BBI → BOM → BLR,12:00,18:30 02 Apr,30h 30m,2 stops,No info,9258
Jet Airways,9/04/2019,Delhi,Cochin,DEL → AMD → BOM → COK,13:25,12:35 10 Apr,23h 10m,2 stops,No info,9483
Air India,9/05/2019,Kolkata,Banglore,CCU → DEL → COK → BLR,07:00,01:20 10 May,18h 20m,2 stops,No info,13033
Air India,18/05/2019,Kolkata,Banglore,CCU → DEL → COK → BLR,07:00,01:20 19 May,18h 20m,2 stops,No info,13873
IndiGo,9/06/2019,Banglore,Delhi,BLR → DEL,08:30,11:20,2h 50m,non-stop,No info,4823
Jet Airways,6/05/2019,Kolkata,Banglore,CCU → BOM → BLR,08:25,19:50,11h 25m,1 stop,No info,14781
IndiGo,27/05/2019,Delhi,Cochin,DEL → HYD → COK,07:35,16:10,8h 35m,1 stop,No info,7514
Multiple carriers,9/06/2019,Delhi,Cochin,DEL → BOM → COK,13:00,21:00,8h,1 stop,No info,13587
IndiGo,24/05/2019,Chennai,Kolkata,MAA → CCU,13:15,15:35,2h 20m,non-stop,No info,3597
IndiGo,21/04/2019,Kolkata,Banglore,CCU → BLR,14:25,16:55,2h 30m,non-stop,No info,5644
Multiple carriers,27/05/2019,Delhi,Cochin,DEL → BOM → COK,07:05,21:00,13h 55m,1 stop,In-flight meal not included,10406
Jet Airways,6/06/2019,Delhi,Cochin,DEL → JAI → BOM → COK,09:40,04:25 07 Jun,18h 45m,2 stops,No info,13014
SpiceJet,24/04/2019,Kolkata,Banglore,CCU → BLR,17:10,19:40,2h 30m,non-stop,No check-in baggage included,3841
SpiceJet,6/06/2019,Kolkata,Banglore,CCU → KNU → BLR,11:35,18:50,7h 15m,1 stop,No info,8479
Air India,09/03/2019,Banglore,New Delhi,BLR → HYD → DEL,06:50,08:50 13 Mar,26h,1 stop,No info,5626
Jet Airways,1/05/2019,Mumbai,Hyderabad,BOM → HYD,02:55,04:20,1h 25m,non-stop,No info,5678
Jet Airways,6/06/2019,Delhi,Cochin,DEL → BOM → COK,21:50,04:25 07 Jun,6h 35m,1 stop,No info,14714
IndiGo,1/06/2019,Banglore,Delhi,BLR → DEL,22:10,01:00 02 Jun,2h 50m,non-stop,No info,3419
Air India,27/04/2019,Banglore,Delhi,BLR → DEL,13:20,16:10,2h 50m,non-stop,No info,5228
IndiGo,9/04/2019,Banglore,Delhi,BLR → DEL,18:25,21:20,2h 55m,non-stop,No info,4823
Air India,15/03/2019,Banglore,New Delhi,BLR → VGA → DEL,10:30,11:20 16 Mar,24h 50m,1 stop,No info,7013
Jet Airways,27/03/2019,Delhi,Cochin,DEL → BOM → COK,11:30,04:25 28 Mar,16h 55m,1 stop,In-flight meal not included,6017
Air India,12/05/2019,Kolkata,Banglore,CCU → GAU → BLR,16:45,21:05 13 May,28h 20m,1 stop,No info,7662
Air India,18/05/2019,Kolkata,Banglore,CCU → BOM → GOI → BLR,16:50,05:35 19 May,12h 45m,2 stops,No info,11642
Air India,6/06/2019,Delhi,Cochin,DEL → GOI → BOM → COK,22:00,19:15 07 Jun,21h 15m,2 stops,No info,10441
Multiple carriers,15/06/2019,Delhi,Cochin,DEL → BOM → COK,12:50,01:30 16 Jun,12h 40m,1 stop,No info,6795
Air India,1/06/2019,Delhi,Cochin,DEL → JAI → BOM → COK,12:00,07:40 02 Jun,19h 40m,2 stops,No info,10966
Jet Airways,15/03/2019,Banglore,New Delhi,BLR → MAA → DEL,09:45,14:25,4h 40m,1 stop,In-flight meal not included,6136
Jet Airways,6/06/2019,Delhi,Cochin,DEL → NAG → BOM → COK,06:45,04:25 07 Jun,21h 40m,2 stops,No info,13376
SpiceJet,15/05/2019,Delhi,Cochin,DEL → MAA → COK,15:45,22:05,6h 20m,1 stop,No info,7947
Vistara,1/04/2019,Kolkata,Banglore,CCU → DEL → BLR,17:00,09:05 02 Apr,16h 5m,1 stop,No info,8662
Jet Airways,3/04/2019,Banglore,Delhi,BLR → DEL,11:10,14:05,2h 55m,non-stop,In-flight meal not included,4544
SpiceJet,6/04/2019,Banglore,Delhi,BLR → DEL,09:30,12:20,2h 50m,non-stop,No check-in baggage included,4319
SpiceJet,18/05/2019,Kolkata,Banglore,CCU → BLR,22:20,00:40 19 May,2h 20m,non-stop,No info,3873
Air India,18/06/2019,Delhi,Cochin,DEL → COK,14:05,17:55,3h 50m,non-stop,No info,5201
Multiple carriers,21/05/2019,Delhi,Cochin,DEL → BOM → COK,10:00,21:00,11h,1 stop,No info,7888
IndiGo,21/05/2019,Mumbai,Hyderabad,BOM → HYD,20:05,21:40,1h 35m,non-stop,No info,2227
Jet Airways,12/03/2019,Banglore,New Delhi,BLR → BOM → DEL,20:35,16:10 13 Mar,19h 35m,1 stop,In-flight meal not included,11087
SpiceJet,27/06/2019,Chennai,Kolkata,MAA → CCU,17:45,20:05,2h 20m,non-stop,No info,3597
SpiceJet,3/06/2019,Banglore,Delhi,BLR → DEL,21:10,00:05 04 Jun,2h 55m,non-stop,No check-in baggage included,3257
Jet Airways,6/06/2019,Kolkata,Banglore,CCU → DEL → BLR,09:35,14:25 07 Jun,28h 50m,1 stop,In-flight meal not included,10539
IndiGo,15/04/2019,Delhi,Cochin,DEL → BOM → COK,16:00,21:00,5h,1 stop,No info,5947
Vistara,21/05/2019,Kolkata,Banglore,CCU → DEL → BLR,17:00,18:50 22 May,25h 50m,1 stop,No info,9345
Jet Airways,1/04/2019,Delhi,Cochin,DEL → BOM → COK,18:15,19:00 02 Apr,24h 45m,1 stop,In-flight meal not included,5406
Jet Airways,1/06/2019,Delhi,Cochin,DEL → IDR → BOM → COK,09:35,04:25 02 Jun,18h 50m,2 stops,No info,13292
Jet Airways,12/06/2019,Banglore,Delhi,BLR → DEL,07:10,10:10,3h,non-stop,In-flight meal not included,5769
Jet Airways,12/06/2019,Kolkata,Banglore,CCU → BOM → BLR,16:30,10:05 13 Jun,17h 35m,1 stop,No info,13044
IndiGo,27/05/2019,Delhi,Cochin,DEL → BOM → COK,20:25,01:30 28 May,5h 5m,1 stop,No info,5054
Multiple carriers,9/06/2019,Delhi,Cochin,DEL → HYD → COK,07:10,22:30,15h 20m,1 stop,No info,6513
Air India,27/06/2019,Delhi,Cochin,DEL → MAA → COK,17:20,09:25 28 Jun,16h 5m,1 stop,No info,7480
